NC_003197.2	0	1000	6
NC_003197.2	1000	2000	3
NC_003197.2	2000	3000	6
NC_003197.2	3000	4000	6
NC_003197.2	4000	5000	3
NC_003197.2	5000	6000	8
NC_003197.2	6000	7000	3
NC_003197.2	7000	8000	7
NC_003197.2	8000	9000	6
NC_003197.2	9000	10000	6
NC_003197.2	10000	11000	6
NC_003197.2	11000	12000	7
NC_003197.2	12000	13000	3
NC_003197.2	13000	14000	6
NC_003197.2	14000	15000	3
NC_003197.2	15000	16000	4
NC_003197.2	16000	17000	6
NC_003197.2	17000	18000	10
NC_003197.2	18000	19000	3
NC_003197.2	19000	20000	3
NC_003197.2	20000	21000	4
NC_003197.2	21000	22000	3
NC_003197.2	22000	23000	3
NC_003197.2	23000	24000	5
NC_003197.2	24000	25000	6
NC_003197.2	25000	26000	8
NC_003197.2	26000	27000	3
NC_003197.2	27000	28000	3
NC_003197.2	28000	29000	6
NC_003197.2	29000	30000	9
NC_003197.2	30000	31000	6
NC_003197.2	31000	32000	6
NC_003197.2	32000	33000	6
NC_003197.2	33000	34000	6
NC_003197.2	34000	35000	5
NC_003197.2	35000	36000	4
NC_003197.2	36000	37000	3
NC_003197.2	37000	38000	5
NC_003197.2	38000	39000	5
NC_003197.2	39000	40000	4
NC_003197.2	40000	41000	4
NC_003197.2	41000	42000	6
NC_003197.2	42000	43000	6
NC_003197.2	43000	44000	3
NC_003197.2	44000	45000	6
NC_003197.2	45000	46000	3
NC_003197.2	46000	47000	8
NC_003197.2	47000	48000	6
NC_003197.2	48000	49000	5
NC_003197.2	49000	50000	3
NC_003197.2	50000	51000	6
NC_003197.2	51000	52000	4
NC_003197.2	52000	53000	8
NC_003197.2	53000	54000	6
NC_003197.2	54000	55000	3
NC_003197.2	55000	56000	3
NC_003197.2	56000	57000	5
NC_003197.2	57000	58000	9
NC_003197.2	58000	59000	6
NC_003197.2	59000	60000	3
NC_003197.2	60000	61000	6
NC_003197.2	61000	62000	8
NC_003197.2	62000	63000	3
NC_003197.2	63000	64000	5
NC_003197.2	64000	65000	6
NC_003197.2	65000	66000	3
NC_003197.2	66000	67000	7
NC_003197.2	67000	68000	3
NC_003197.2	68000	69000	6
NC_003197.2	69000	70000	8
NC_003197.2	70000	71000	8
NC_003197.2	71000	72000	3
NC_003197.2	72000	73000	9
NC_003197.2	73000	74000	3
NC_003197.2	74000	75000	4
NC_003197.2	75000	76000	11
NC_003197.2	76000	77000	3
NC_003197.2	77000	78000	6
NC_003197.2	78000	79000	3
NC_003197.2	79000	80000	3
NC_003197.2	80000	81000	10
NC_003197.2	81000	82000	6
NC_003197.2	82000	83000	6
NC_003197.2	83000	84000	3
NC_003197.2	84000	85000	6
NC_003197.2	85000	86000	6
NC_003197.2	86000	87000	6
NC_003197.2	87000	88000	3
NC_003197.2	88000	89000	12
NC_003197.2	89000	90000	6
NC_003197.2	90000	91000	6
NC_003197.2	91000	92000	6
NC_003197.2	92000	93000	6
NC_003197.2	93000	94000	6
NC_003197.2	94000	95000	6
NC_003197.2	95000	96000	9
NC_003197.2	96000	97000	3
NC_003197.2	97000	98000	3
NC_003197.2	98000	99000	7
NC_003197.2	99000	100000	3
NC_003197.2	100000	101000	6
NC_003197.2	101000	102000	5
NC_003197.2	102000	103000	8
NC_003197.2	103000	104000	5
NC_003197.2	104000	105000	5
NC_003197.2	105000	106000	6
NC_003197.2	106000	107000	3
NC_003197.2	107000	108000	3
NC_003197.2	108000	109000	6
NC_003197.2	109000	110000	6
NC_003197.2	110000	111000	5
NC_003197.2	111000	112000	3
NC_003197.2	112000	113000	3
NC_003197.2	113000	114000	3
NC_003197.2	114000	115000	3
NC_003197.2	115000	116000	6
NC_003197.2	116000	117000	9
NC_003197.2	117000	118000	6
NC_003197.2	118000	119000	3
NC_003197.2	119000	120000	6
NC_003197.2	120000	121000	3
NC_003197.2	121000	122000	20
NC_003197.2	122000	123000	6
NC_003197.2	123000	124000	5
NC_003197.2	124000	125000	6
NC_003197.2	125000	126000	6
NC_003197.2	126000	127000	6
NC_003197.2	127000	128000	3
NC_003197.2	128000	129000	4
NC_003197.2	129000	130000	6
NC_003197.2	130000	131000	3
NC_003197.2	131000	132000	6
NC_003197.2	132000	133000	6
NC_003197.2	133000	134000	7
NC_003197.2	134000	135000	7
NC_003197.2	135000	136000	14
NC_003197.2	136000	137000	3
NC_003197.2	137000	138000	6
NC_003197.2	138000	139000	6
NC_003197.2	139000	140000	6
NC_003197.2	140000	141000	6
NC_003197.2	141000	142000	9
NC_003197.2	142000	143000	3
NC_003197.2	143000	144000	6
NC_003197.2	144000	145000	6
NC_003197.2	145000	146000	3
NC_003197.2	146000	147000	6
NC_003197.2	147000	148000	6
NC_003197.2	148000	149000	6
NC_003197.2	149000	150000	6
NC_003197.2	150000	151000	3
NC_003197.2	151000	152000	6
NC_003197.2	152000	153000	6
NC_003197.2	153000	154000	8
NC_003197.2	154000	155000	6
NC_003197.2	155000	156000	6
NC_003197.2	156000	157000	6
NC_003197.2	157000	158000	3
NC_003197.2	158000	159000	5
NC_003197.2	159000	160000	3
NC_003197.2	160000	161000	3
NC_003197.2	161000	162000	6
NC_003197.2	162000	163000	6
NC_003197.2	163000	164000	7
NC_003197.2	164000	165000	4
NC_003197.2	165000	166000	5
NC_003197.2	166000	167000	6
NC_003197.2	167000	168000	6
NC_003197.2	168000	169000	6
NC_003197.2	169000	170000	10
NC_003197.2	170000	171000	5
NC_003197.2	171000	172000	6
NC_003197.2	172000	173000	3
NC_003197.2	173000	174000	6
NC_003197.2	174000	175000	8
NC_003197.2	175000	176000	7
NC_003197.2	176000	177000	6
NC_003197.2	177000	178000	3
NC_003197.2	178000	179000	6
NC_003197.2	179000	180000	3
NC_003197.2	180000	181000	8
NC_003197.2	181000	182000	4
NC_003197.2	182000	183000	6
NC_003197.2	183000	184000	8
NC_003197.2	184000	185000	3
NC_003197.2	185000	186000	7
NC_003197.2	186000	187000	3
NC_003197.2	187000	188000	3
NC_003197.2	188000	189000	5
NC_003197.2	189000	190000	7
NC_003197.2	190000	191000	4
NC_003197.2	191000	192000	6
NC_003197.2	192000	193000	6
NC_003197.2	193000	194000	6
NC_003197.2	194000	195000	5
NC_003197.2	195000	196000	8
NC_003197.2	196000	197000	7
NC_003197.2	197000	198000	3
NC_003197.2	198000	199000	5
NC_003197.2	199000	200000	3
NC_003197.2	200000	201000	7
NC_003197.2	201000	202000	5
NC_003197.2	202000	203000	7
NC_003197.2	203000	204000	8
NC_003197.2	204000	205000	3
NC_003197.2	205000	206000	6
NC_003197.2	206000	207000	3
NC_003197.2	207000	208000	6
NC_003197.2	208000	209000	7
NC_003197.2	209000	210000	6
NC_003197.2	210000	211000	3
NC_003197.2	211000	212000	8
NC_003197.2	212000	213000	6
NC_003197.2	213000	214000	9
NC_003197.2	214000	215000	3
NC_003197.2	215000	216000	5
NC_003197.2	216000	217000	6
NC_003197.2	217000	218000	6
NC_003197.2	218000	219000	6
NC_003197.2	219000	220000	3
NC_003197.2	220000	221000	6
NC_003197.2	221000	222000	3
NC_003197.2	222000	223000	3
NC_003197.2	223000	224000	6
NC_003197.2	224000	225000	3
NC_003197.2	225000	226000	5
NC_003197.2	226000	227000	5
NC_003197.2	227000	228000	6
NC_003197.2	228000	229000	3
NC_003197.2	229000	230000	3
NC_003197.2	230000	231000	4
NC_003197.2	231000	232000	6
NC_003197.2	232000	233000	3
NC_003197.2	233000	234000	6
NC_003197.2	234000	235000	6
NC_003197.2	235000	236000	9
NC_003197.2	236000	237000	5
NC_003197.2	237000	238000	5
NC_003197.2	238000	239000	6
NC_003197.2	239000	240000	3
NC_003197.2	240000	241000	7
NC_003197.2	241000	242000	6
NC_003197.2	242000	243000	9
NC_003197.2	243000	244000	3
NC_003197.2	244000	245000	5
NC_003197.2	245000	246000	3
NC_003197.2	246000	247000	4
NC_003197.2	247000	248000	9
NC_003197.2	248000	249000	3
NC_003197.2	249000	250000	5
NC_003197.2	250000	251000	5
NC_003197.2	251000	252000	3
NC_003197.2	252000	253000	4
NC_003197.2	253000	254000	4
NC_003197.2	254000	255000	4
NC_003197.2	255000	256000	6
NC_003197.2	256000	257000	6
NC_003197.2	257000	258000	9
NC_003197.2	258000	259000	3
NC_003197.2	259000	260000	6
NC_003197.2	260000	261000	9
NC_003197.2	261000	262000	3
NC_003197.2	262000	263000	5
NC_003197.2	263000	264000	3
NC_003197.2	264000	265000	6
NC_003197.2	265000	266000	6
NC_003197.2	266000	267000	9
NC_003197.2	267000	268000	6
NC_003197.2	268000	269000	6
NC_003197.2	269000	270000	6
NC_003197.2	270000	271000	3
NC_003197.2	271000	272000	3
NC_003197.2	272000	273000	6
NC_003197.2	273000	274000	6
NC_003197.2	274000	275000	6
NC_003197.2	275000	276000	3
NC_003197.2	276000	277000	4
NC_003197.2	277000	278000	3
NC_003197.2	278000	279000	9
NC_003197.2	279000	280000	3
NC_003197.2	280000	281000	10
NC_003197.2	281000	282000	7
NC_003197.2	282000	283000	4
NC_003197.2	283000	284000	3
NC_003197.2	284000	285000	6
NC_003197.2	285000	286000	9
NC_003197.2	286000	287000	6
NC_003197.2	287000	288000	6
NC_003197.2	288000	289000	7
NC_003197.2	289000	290000	4
NC_003197.2	290000	291000	10
NC_003197.2	291000	292000	7
NC_003197.2	292000	293000	4
NC_003197.2	293000	294000	4
NC_003197.2	294000	295000	10
NC_003197.2	295000	296000	6
NC_003197.2	296000	297000	7
NC_003197.2	297000	298000	3
NC_003197.2	298000	299000	5
NC_003197.2	299000	300000	8
NC_003197.2	300000	301000	3
NC_003197.2	301000	302000	5
NC_003197.2	302000	303000	9
NC_003197.2	303000	304000	6
NC_003197.2	304000	305000	8
NC_003197.2	305000	306000	5
NC_003197.2	306000	307000	6
NC_003197.2	307000	308000	3
NC_003197.2	308000	309000	6
NC_003197.2	309000	310000	9
NC_003197.2	310000	311000	4
NC_003197.2	311000	312000	4
NC_003197.2	312000	313000	3
NC_003197.2	313000	314000	6
NC_003197.2	314000	315000	6
NC_003197.2	315000	316000	3
NC_003197.2	316000	317000	10
NC_003197.2	317000	318000	6
NC_003197.2	318000	319000	9
NC_003197.2	319000	320000	9
NC_003197.2	320000	321000	3
NC_003197.2	321000	322000	6
NC_003197.2	322000	323000	6
NC_003197.2	323000	324000	9
NC_003197.2	324000	325000	3
NC_003197.2	325000	326000	3
NC_003197.2	326000	327000	3
NC_003197.2	327000	328000	6
NC_003197.2	328000	329000	9
NC_003197.2	329000	330000	6
NC_003197.2	330000	331000	3
NC_003197.2	331000	332000	3
NC_003197.2	332000	333000	9
NC_003197.2	333000	334000	3
NC_003197.2	334000	335000	3
NC_003197.2	335000	336000	3
NC_003197.2	336000	337000	3
NC_003197.2	337000	338000	7
NC_003197.2	338000	339000	6
NC_003197.2	339000	340000	3
NC_003197.2	340000	341000	9
NC_003197.2	341000	342000	4
NC_003197.2	342000	343000	6
NC_003197.2	343000	344000	6
NC_003197.2	344000	345000	3
NC_003197.2	345000	346000	3
NC_003197.2	346000	347000	9
NC_003197.2	347000	348000	3
NC_003197.2	348000	349000	4
NC_003197.2	349000	350000	8
NC_003197.2	350000	351000	6
NC_003197.2	351000	352000	6
NC_003197.2	352000	353000	6
NC_003197.2	353000	354000	3
NC_003197.2	354000	355000	3
NC_003197.2	355000	356000	7
NC_003197.2	356000	357000	6
NC_003197.2	357000	358000	7
NC_003197.2	358000	359000	3
NC_003197.2	359000	360000	2
NC_003197.2	360000	361000	7
NC_003197.2	361000	362000	3
NC_003197.2	362000	363000	7
NC_003197.2	363000	364000	6
NC_003197.2	364000	365000	8
NC_003197.2	365000	366000	3
NC_003197.2	366000	367000	12
NC_003197.2	367000	368000	6
NC_003197.2	368000	369000	6
NC_003197.2	369000	370000	7
NC_003197.2	370000	371000	5
NC_003197.2	371000	372000	6
NC_003197.2	372000	373000	6
NC_003197.2	373000	374000	3
NC_003197.2	374000	375000	9
NC_003197.2	375000	376000	6
NC_003197.2	376000	377000	6
NC_003197.2	377000	378000	6
NC_003197.2	378000	379000	6
NC_003197.2	379000	380000	6
NC_003197.2	380000	381000	3
NC_003197.2	381000	382000	6
NC_003197.2	382000	383000	3
NC_003197.2	383000	384000	6
NC_003197.2	384000	385000	7
NC_003197.2	385000	386000	3
NC_003197.2	386000	387000	6
NC_003197.2	387000	388000	4
NC_003197.2	388000	389000	6
NC_003197.2	389000	390000	6
NC_003197.2	390000	391000	4
NC_003197.2	391000	392000	9
NC_003197.2	392000	393000	5
NC_003197.2	393000	394000	6
NC_003197.2	394000	395000	3
NC_003197.2	395000	396000	3
NC_003197.2	396000	397000	3
NC_003197.2	397000	398000	6
NC_003197.2	398000	399000	7
NC_003197.2	399000	400000	3
NC_003197.2	400000	401000	6
NC_003197.2	401000	402000	9
NC_003197.2	402000	403000	3
NC_003197.2	403000	404000	6
NC_003197.2	404000	405000	3
NC_003197.2	405000	406000	6
NC_003197.2	406000	407000	3
NC_003197.2	407000	408000	3
NC_003197.2	408000	409000	9
NC_003197.2	409000	410000	3
NC_003197.2	410000	411000	6
NC_003197.2	411000	412000	9
NC_003197.2	412000	413000	5
NC_003197.2	413000	414000	3
NC_003197.2	414000	415000	5
NC_003197.2	415000	416000	7
NC_003197.2	416000	417000	3
NC_003197.2	417000	418000	7
NC_003197.2	418000	419000	6
NC_003197.2	419000	420000	3
NC_003197.2	420000	421000	6
NC_003197.2	421000	422000	6
NC_003197.2	422000	423000	3
NC_003197.2	423000	424000	5
NC_003197.2	424000	425000	4
NC_003197.2	425000	426000	4
NC_003197.2	426000	427000	3
NC_003197.2	427000	428000	3
NC_003197.2	428000	429000	8
NC_003197.2	429000	430000	3
NC_003197.2	430000	431000	4
NC_003197.2	431000	432000	6
NC_003197.2	432000	433000	5
NC_003197.2	433000	434000	9
NC_003197.2	434000	435000	7
NC_003197.2	435000	436000	5
NC_003197.2	436000	437000	3
NC_003197.2	437000	438000	7
NC_003197.2	438000	439000	6
NC_003197.2	439000	440000	5
NC_003197.2	440000	441000	16
NC_003197.2	441000	442000	9
NC_003197.2	442000	443000	8
NC_003197.2	443000	444000	7
NC_003197.2	444000	445000	5
NC_003197.2	445000	446000	3
NC_003197.2	446000	447000	11
NC_003197.2	447000	448000	3
NC_003197.2	448000	449000	3
NC_003197.2	449000	450000	6
NC_003197.2	450000	451000	10
NC_003197.2	451000	452000	6
NC_003197.2	452000	453000	3
NC_003197.2	453000	454000	4
NC_003197.2	454000	455000	6
NC_003197.2	455000	456000	3
NC_003197.2	456000	457000	6
NC_003197.2	457000	458000	3
NC_003197.2	458000	459000	8
NC_003197.2	459000	460000	6
NC_003197.2	460000	461000	6
NC_003197.2	461000	462000	6
NC_003197.2	462000	463000	6
NC_003197.2	463000	464000	3
NC_003197.2	464000	465000	6
NC_003197.2	465000	466000	8
NC_003197.2	466000	467000	6
NC_003197.2	467000	468000	5
NC_003197.2	468000	469000	13
NC_003197.2	469000	470000	10
NC_003197.2	470000	471000	3
NC_003197.2	471000	472000	7
NC_003197.2	472000	473000	7
NC_003197.2	473000	474000	7
NC_003197.2	474000	475000	6
NC_003197.2	475000	476000	3
NC_003197.2	476000	477000	5
NC_003197.2	477000	478000	9
NC_003197.2	478000	479000	3
NC_003197.2	479000	480000	5
NC_003197.2	480000	481000	6
NC_003197.2	481000	482000	6
NC_003197.2	482000	483000	5
NC_003197.2	483000	484000	6
NC_003197.2	484000	485000	7
NC_003197.2	485000	486000	6
NC_003197.2	486000	487000	8
NC_003197.2	487000	488000	6
NC_003197.2	488000	489000	5
NC_003197.2	489000	490000	5
NC_003197.2	490000	491000	6
NC_003197.2	491000	492000	6
NC_003197.2	492000	493000	3
NC_003197.2	493000	494000	5
NC_003197.2	494000	495000	9
NC_003197.2	495000	496000	6
NC_003197.2	496000	497000	3
NC_003197.2	497000	498000	6
NC_003197.2	498000	499000	9
NC_003197.2	499000	500000	3
NC_003197.2	500000	501000	9
NC_003197.2	501000	502000	6
NC_003197.2	502000	503000	3
NC_003197.2	503000	504000	4
NC_003197.2	504000	505000	4
NC_003197.2	505000	506000	6
NC_003197.2	506000	507000	3
NC_003197.2	507000	508000	3
NC_003197.2	508000	509000	9
NC_003197.2	509000	510000	3
NC_003197.2	510000	511000	6
NC_003197.2	511000	512000	8
NC_003197.2	512000	513000	6
NC_003197.2	513000	514000	3
NC_003197.2	514000	515000	7
NC_003197.2	515000	516000	5
NC_003197.2	516000	517000	10
NC_003197.2	517000	518000	3
NC_003197.2	518000	519000	6
NC_003197.2	519000	520000	3
NC_003197.2	520000	521000	9
NC_003197.2	521000	522000	3
NC_003197.2	522000	523000	5
NC_003197.2	523000	524000	9
NC_003197.2	524000	525000	9
NC_003197.2	525000	526000	3
NC_003197.2	526000	527000	12
NC_003197.2	527000	528000	7
NC_003197.2	528000	529000	7
NC_003197.2	529000	530000	3
NC_003197.2	530000	531000	3
NC_003197.2	531000	532000	3
NC_003197.2	532000	533000	6
NC_003197.2	533000	534000	6
NC_003197.2	534000	535000	5
NC_003197.2	535000	536000	3
NC_003197.2	536000	537000	3
NC_003197.2	537000	538000	5
NC_003197.2	538000	539000	6
NC_003197.2	539000	540000	8
NC_003197.2	540000	541000	8
NC_003197.2	541000	542000	3
NC_003197.2	542000	543000	6
NC_003197.2	543000	544000	8
NC_003197.2	544000	545000	3
NC_003197.2	545000	546000	3
NC_003197.2	546000	547000	7
NC_003197.2	547000	548000	5
NC_003197.2	548000	549000	4
NC_003197.2	549000	550000	3
NC_003197.2	550000	551000	5
NC_003197.2	551000	552000	3
NC_003197.2	552000	553000	6
NC_003197.2	553000	554000	6
NC_003197.2	554000	555000	3
NC_003197.2	555000	556000	6
NC_003197.2	556000	557000	6
NC_003197.2	557000	558000	6
NC_003197.2	558000	559000	3
NC_003197.2	559000	560000	3
NC_003197.2	560000	561000	9
NC_003197.2	561000	562000	6
NC_003197.2	562000	563000	7
NC_003197.2	563000	564000	6
NC_003197.2	564000	565000	5
NC_003197.2	565000	566000	6
NC_003197.2	566000	567000	7
NC_003197.2	567000	568000	6
NC_003197.2	568000	569000	3
NC_003197.2	569000	570000	6
NC_003197.2	570000	571000	3
NC_003197.2	571000	572000	7
NC_003197.2	572000	573000	6
NC_003197.2	573000	574000	5
NC_003197.2	574000	575000	6
NC_003197.2	575000	576000	6
NC_003197.2	576000	577000	6
NC_003197.2	577000	578000	6
NC_003197.2	578000	579000	3
NC_003197.2	579000	580000	6
NC_003197.2	580000	581000	6
NC_003197.2	581000	582000	6
NC_003197.2	582000	583000	7
NC_003197.2	583000	584000	6
NC_003197.2	584000	585000	3
NC_003197.2	585000	586000	6
NC_003197.2	586000	587000	6
NC_003197.2	587000	588000	5
NC_003197.2	588000	589000	6
NC_003197.2	589000	590000	6
NC_003197.2	590000	591000	3
NC_003197.2	591000	592000	7
NC_003197.2	592000	593000	3
NC_003197.2	593000	594000	6
NC_003197.2	594000	595000	5
NC_003197.2	595000	596000	6
NC_003197.2	596000	597000	5
NC_003197.2	597000	598000	12
NC_003197.2	598000	599000	6
NC_003197.2	599000	600000	4
NC_003197.2	600000	601000	5
NC_003197.2	601000	602000	9
NC_003197.2	602000	603000	8
NC_003197.2	603000	604000	4
NC_003197.2	604000	605000	7
NC_003197.2	605000	606000	6
NC_003197.2	606000	607000	6
NC_003197.2	607000	608000	3
NC_003197.2	608000	609000	6
NC_003197.2	609000	610000	6
NC_003197.2	610000	611000	6
NC_003197.2	611000	612000	3
NC_003197.2	612000	613000	9
NC_003197.2	613000	614000	11
NC_003197.2	614000	615000	7
NC_003197.2	615000	616000	3
NC_003197.2	616000	617000	5
NC_003197.2	617000	618000	6
NC_003197.2	618000	619000	5
NC_003197.2	619000	620000	6
NC_003197.2	620000	621000	7
NC_003197.2	621000	622000	6
NC_003197.2	622000	623000	8
NC_003197.2	623000	624000	4
NC_003197.2	624000	625000	4
NC_003197.2	625000	626000	5
NC_003197.2	626000	627000	4
NC_003197.2	627000	628000	4
NC_003197.2	628000	629000	3
NC_003197.2	629000	630000	6
NC_003197.2	630000	631000	3
NC_003197.2	631000	632000	3
NC_003197.2	632000	633000	5
NC_003197.2	633000	634000	6
NC_003197.2	634000	635000	6
NC_003197.2	635000	636000	9
NC_003197.2	636000	637000	7
NC_003197.2	637000	638000	6
NC_003197.2	638000	639000	7
NC_003197.2	639000	640000	8
NC_003197.2	640000	641000	5
NC_003197.2	641000	642000	6
NC_003197.2	642000	643000	3
NC_003197.2	643000	644000	8
NC_003197.2	644000	645000	4
NC_003197.2	645000	646000	9
NC_003197.2	646000	647000	3
NC_003197.2	647000	648000	3
NC_003197.2	648000	649000	3
NC_003197.2	649000	650000	6
NC_003197.2	650000	651000	5
NC_003197.2	651000	652000	6
NC_003197.2	652000	653000	6
NC_003197.2	653000	654000	9
NC_003197.2	654000	655000	5
NC_003197.2	655000	656000	4
NC_003197.2	656000	657000	9
NC_003197.2	657000	658000	6
NC_003197.2	658000	659000	3
NC_003197.2	659000	660000	9
NC_003197.2	660000	661000	6
NC_003197.2	661000	662000	6
NC_003197.2	662000	663000	3
NC_003197.2	663000	664000	8
NC_003197.2	664000	665000	7
NC_003197.2	665000	666000	3
NC_003197.2	666000	667000	8
NC_003197.2	667000	668000	4
NC_003197.2	668000	669000	4
NC_003197.2	669000	670000	3
NC_003197.2	670000	671000	10
NC_003197.2	671000	672000	6
NC_003197.2	672000	673000	3
NC_003197.2	673000	674000	7
NC_003197.2	674000	675000	3
NC_003197.2	675000	676000	6
NC_003197.2	676000	677000	6
NC_003197.2	677000	678000	6
NC_003197.2	678000	679000	4
NC_003197.2	679000	680000	8
NC_003197.2	680000	681000	5
NC_003197.2	681000	682000	3
NC_003197.2	682000	683000	6
NC_003197.2	683000	684000	9
NC_003197.2	684000	685000	3
NC_003197.2	685000	686000	6
NC_003197.2	686000	687000	9
NC_003197.2	687000	688000	4
NC_003197.2	688000	689000	4
NC_003197.2	689000	690000	6
NC_003197.2	690000	691000	5
NC_003197.2	691000	692000	4
NC_003197.2	692000	693000	6
NC_003197.2	693000	694000	9
NC_003197.2	694000	695000	8
NC_003197.2	695000	696000	4
NC_003197.2	696000	697000	4
NC_003197.2	697000	698000	6
NC_003197.2	698000	699000	6
NC_003197.2	699000	700000	5
NC_003197.2	700000	701000	6
NC_003197.2	701000	702000	3
NC_003197.2	702000	703000	6
NC_003197.2	703000	704000	6
NC_003197.2	704000	705000	7
NC_003197.2	705000	706000	7
NC_003197.2	706000	707000	5
NC_003197.2	707000	708000	6
NC_003197.2	708000	709000	5
NC_003197.2	709000	710000	6
NC_003197.2	710000	711000	3
NC_003197.2	711000	712000	6
NC_003197.2	712000	713000	6
NC_003197.2	713000	714000	6
NC_003197.2	714000	715000	6
NC_003197.2	715000	716000	3
NC_003197.2	716000	717000	6
NC_003197.2	717000	718000	5
NC_003197.2	718000	719000	10
NC_003197.2	719000	720000	3
NC_003197.2	720000	721000	6
NC_003197.2	721000	722000	6
NC_003197.2	722000	723000	5
NC_003197.2	723000	724000	3
NC_003197.2	724000	725000	5
NC_003197.2	725000	726000	6
NC_003197.2	726000	727000	6
NC_003197.2	727000	728000	6
NC_003197.2	728000	729000	9
NC_003197.2	729000	730000	4
NC_003197.2	730000	731000	3
NC_003197.2	731000	732000	6
NC_003197.2	732000	733000	6
NC_003197.2	733000	734000	6
NC_003197.2	734000	735000	6
NC_003197.2	735000	736000	3
NC_003197.2	736000	737000	4
NC_003197.2	737000	738000	6
NC_003197.2	738000	739000	24
NC_003197.2	739000	740000	3
NC_003197.2	740000	741000	6
NC_003197.2	741000	742000	6
NC_003197.2	742000	743000	6
NC_003197.2	743000	744000	3
NC_003197.2	744000	745000	10
NC_003197.2	745000	746000	13
NC_003197.2	746000	747000	3
NC_003197.2	747000	748000	6
NC_003197.2	748000	749000	3
NC_003197.2	749000	750000	6
NC_003197.2	750000	751000	6
NC_003197.2	751000	752000	5
NC_003197.2	752000	753000	6
NC_003197.2	753000	754000	6
NC_003197.2	754000	755000	3
NC_003197.2	755000	756000	6
NC_003197.2	756000	757000	10
NC_003197.2	757000	758000	10
NC_003197.2	758000	759000	6
NC_003197.2	759000	760000	9
NC_003197.2	760000	761000	3
NC_003197.2	761000	762000	5
NC_003197.2	762000	763000	5
NC_003197.2	763000	764000	6
NC_003197.2	764000	765000	3
NC_003197.2	765000	766000	4
NC_003197.2	766000	767000	3
NC_003197.2	767000	768000	6
NC_003197.2	768000	769000	3
NC_003197.2	769000	770000	6
NC_003197.2	770000	771000	6
NC_003197.2	771000	772000	3
NC_003197.2	772000	773000	6
NC_003197.2	773000	774000	3
NC_003197.2	774000	775000	16
NC_003197.2	775000	776000	3
NC_003197.2	776000	777000	5
NC_003197.2	777000	778000	4
NC_003197.2	778000	779000	7
NC_003197.2	779000	780000	6
NC_003197.2	780000	781000	6
NC_003197.2	781000	782000	8
NC_003197.2	782000	783000	9
NC_003197.2	783000	784000	3
NC_003197.2	784000	785000	3
NC_003197.2	785000	786000	5
NC_003197.2	786000	787000	6
NC_003197.2	787000	788000	6
NC_003197.2	788000	789000	9
NC_003197.2	789000	790000	3
NC_003197.2	790000	791000	6
NC_003197.2	791000	792000	5
NC_003197.2	792000	793000	3
NC_003197.2	793000	794000	9
NC_003197.2	794000	795000	5
NC_003197.2	795000	796000	6
NC_003197.2	796000	797000	3
NC_003197.2	797000	798000	18
NC_003197.2	798000	799000	9
NC_003197.2	799000	800000	3
NC_003197.2	800000	801000	6
NC_003197.2	801000	802000	8
NC_003197.2	802000	803000	3
NC_003197.2	803000	804000	3
NC_003197.2	804000	805000	6
NC_003197.2	805000	806000	6
NC_003197.2	806000	807000	3
NC_003197.2	807000	808000	6
NC_003197.2	808000	809000	1
NC_003197.2	809000	810000	9
NC_003197.2	810000	811000	3
NC_003197.2	811000	812000	6
NC_003197.2	812000	813000	9
NC_003197.2	813000	814000	7
NC_003197.2	814000	815000	9
NC_003197.2	815000	816000	6
NC_003197.2	816000	817000	3
NC_003197.2	817000	818000	9
NC_003197.2	818000	819000	10
NC_003197.2	819000	820000	13
NC_003197.2	820000	821000	4
NC_003197.2	821000	822000	6
NC_003197.2	822000	823000	6
NC_003197.2	823000	824000	10
NC_003197.2	824000	825000	5
NC_003197.2	825000	826000	6
NC_003197.2	826000	827000	6
NC_003197.2	827000	828000	5
NC_003197.2	828000	829000	5
NC_003197.2	829000	830000	5
NC_003197.2	830000	831000	4
NC_003197.2	831000	832000	5
NC_003197.2	832000	833000	3
NC_003197.2	833000	834000	6
NC_003197.2	834000	835000	5
NC_003197.2	835000	836000	6
NC_003197.2	836000	837000	5
NC_003197.2	837000	838000	6
NC_003197.2	838000	839000	6
NC_003197.2	839000	840000	6
NC_003197.2	840000	841000	6
NC_003197.2	841000	842000	11
NC_003197.2	842000	843000	6
NC_003197.2	843000	844000	3
NC_003197.2	844000	845000	6
NC_003197.2	845000	846000	12
NC_003197.2	846000	847000	6
NC_003197.2	847000	848000	6
NC_003197.2	848000	849000	5
NC_003197.2	849000	850000	7
NC_003197.2	850000	851000	5
NC_003197.2	851000	852000	7
NC_003197.2	852000	853000	3
NC_003197.2	853000	854000	6
NC_003197.2	854000	855000	7
NC_003197.2	855000	856000	2
NC_003197.2	856000	857000	5
NC_003197.2	857000	858000	3
NC_003197.2	858000	859000	8
NC_003197.2	859000	860000	3
NC_003197.2	860000	861000	13
NC_003197.2	861000	862000	6
NC_003197.2	862000	863000	6
NC_003197.2	863000	864000	6
NC_003197.2	864000	865000	7
NC_003197.2	865000	866000	3
NC_003197.2	866000	867000	8
NC_003197.2	867000	868000	3
NC_003197.2	868000	869000	3
NC_003197.2	869000	870000	5
NC_003197.2	870000	871000	7
NC_003197.2	871000	872000	6
NC_003197.2	872000	873000	12
NC_003197.2	873000	874000	6
NC_003197.2	874000	875000	8
NC_003197.2	875000	876000	6
NC_003197.2	876000	877000	5
NC_003197.2	877000	878000	6
NC_003197.2	878000	879000	6
NC_003197.2	879000	880000	9
NC_003197.2	880000	881000	6
NC_003197.2	881000	882000	6
NC_003197.2	882000	883000	3
NC_003197.2	883000	884000	6
NC_003197.2	884000	885000	6
NC_003197.2	885000	886000	7
NC_003197.2	886000	887000	3
NC_003197.2	887000	888000	4
NC_003197.2	888000	889000	3
NC_003197.2	889000	890000	6
NC_003197.2	890000	891000	6
NC_003197.2	891000	892000	7
NC_003197.2	892000	893000	5
NC_003197.2	893000	894000	3
NC_003197.2	894000	895000	6
NC_003197.2	895000	896000	6
NC_003197.2	896000	897000	6
NC_003197.2	897000	898000	12
NC_003197.2	898000	899000	8
NC_003197.2	899000	900000	7
NC_003197.2	900000	901000	5
NC_003197.2	901000	902000	4
NC_003197.2	902000	903000	7
NC_003197.2	903000	904000	5
NC_003197.2	904000	905000	4
NC_003197.2	905000	906000	4
NC_003197.2	906000	907000	3
NC_003197.2	907000	908000	3
NC_003197.2	908000	909000	6
NC_003197.2	909000	910000	3
NC_003197.2	910000	911000	7
NC_003197.2	911000	912000	5
NC_003197.2	912000	913000	3
NC_003197.2	913000	914000	6
NC_003197.2	914000	915000	6
NC_003197.2	915000	916000	6
NC_003197.2	916000	917000	4
NC_003197.2	917000	918000	4
NC_003197.2	918000	919000	6
NC_003197.2	919000	920000	5
NC_003197.2	920000	921000	4
NC_003197.2	921000	922000	6
NC_003197.2	922000	923000	6
NC_003197.2	923000	924000	5
NC_003197.2	924000	925000	3
NC_003197.2	925000	926000	4
NC_003197.2	926000	927000	7
NC_003197.2	927000	928000	6
NC_003197.2	928000	929000	6
NC_003197.2	929000	930000	3
NC_003197.2	930000	931000	4
NC_003197.2	931000	932000	3
NC_003197.2	932000	933000	5
NC_003197.2	933000	934000	7
NC_003197.2	934000	935000	5
NC_003197.2	935000	936000	7
NC_003197.2	936000	937000	5
NC_003197.2	937000	938000	6
NC_003197.2	938000	939000	7
NC_003197.2	939000	940000	5
NC_003197.2	940000	941000	6
NC_003197.2	941000	942000	7
NC_003197.2	942000	943000	5
NC_003197.2	943000	944000	3
NC_003197.2	944000	945000	7
NC_003197.2	945000	946000	12
NC_003197.2	946000	947000	6
NC_003197.2	947000	948000	6
NC_003197.2	948000	949000	6
NC_003197.2	949000	950000	6
NC_003197.2	950000	951000	6
NC_003197.2	951000	952000	6
NC_003197.2	952000	953000	6
NC_003197.2	953000	954000	6
NC_003197.2	954000	955000	6
NC_003197.2	955000	956000	6
NC_003197.2	956000	957000	6
NC_003197.2	957000	958000	5
NC_003197.2	958000	959000	6
NC_003197.2	959000	960000	6
NC_003197.2	960000	961000	6
NC_003197.2	961000	962000	5
NC_003197.2	962000	963000	6
NC_003197.2	963000	964000	6
NC_003197.2	964000	965000	7
NC_003197.2	965000	966000	4
NC_003197.2	966000	967000	4
NC_003197.2	967000	968000	3
NC_003197.2	968000	969000	6
NC_003197.2	969000	970000	6
NC_003197.2	970000	971000	3
NC_003197.2	971000	972000	6
NC_003197.2	972000	973000	6
NC_003197.2	973000	974000	6
NC_003197.2	974000	975000	6
NC_003197.2	975000	976000	3
NC_003197.2	976000	977000	6
NC_003197.2	977000	978000	9
NC_003197.2	978000	979000	3
NC_003197.2	979000	980000	7
NC_003197.2	980000	981000	3
NC_003197.2	981000	982000	6
NC_003197.2	982000	983000	3
NC_003197.2	983000	984000	6
NC_003197.2	984000	985000	3
NC_003197.2	985000	986000	5
NC_003197.2	986000	987000	10
NC_003197.2	987000	988000	6
NC_003197.2	988000	989000	7
NC_003197.2	989000	990000	3
NC_003197.2	990000	991000	3
NC_003197.2	991000	992000	6
NC_003197.2	992000	993000	9
NC_003197.2	993000	994000	6
NC_003197.2	994000	995000	8
NC_003197.2	995000	996000	6
NC_003197.2	996000	997000	3
NC_003197.2	997000	998000	3
NC_003197.2	998000	999000	3
NC_003197.2	999000	1000000	6
NC_003197.2	1000000	1001000	3
NC_003197.2	1001000	1002000	6
NC_003197.2	1002000	1003000	5
NC_003197.2	1003000	1004000	6
NC_003197.2	1004000	1005000	4
NC_003197.2	1005000	1006000	7
NC_003197.2	1006000	1007000	5
NC_003197.2	1007000	1008000	6
NC_003197.2	1008000	1009000	3
NC_003197.2	1009000	1010000	6
NC_003197.2	1010000	1011000	6
NC_003197.2	1011000	1012000	6
NC_003197.2	1012000	1013000	6
NC_003197.2	1013000	1014000	3
NC_003197.2	1014000	1015000	6
NC_003197.2	1015000	1016000	7
NC_003197.2	1016000	1017000	3
NC_003197.2	1017000	1018000	5
NC_003197.2	1018000	1019000	6
NC_003197.2	1019000	1020000	6
NC_003197.2	1020000	1021000	3
NC_003197.2	1021000	1022000	5
NC_003197.2	1022000	1023000	11
NC_003197.2	1023000	1024000	3
NC_003197.2	1024000	1025000	3
NC_003197.2	1025000	1026000	5
NC_003197.2	1026000	1027000	5
NC_003197.2	1027000	1028000	9
NC_003197.2	1028000	1029000	6
NC_003197.2	1029000	1030000	7
NC_003197.2	1030000	1031000	11
NC_003197.2	1031000	1032000	6
NC_003197.2	1032000	1033000	3
NC_003197.2	1033000	1034000	6
NC_003197.2	1034000	1035000	3
NC_003197.2	1035000	1036000	5
NC_003197.2	1036000	1037000	11
NC_003197.2	1037000	1038000	6
NC_003197.2	1038000	1039000	3
NC_003197.2	1039000	1040000	3
NC_003197.2	1040000	1041000	3
NC_003197.2	1041000	1042000	6
NC_003197.2	1042000	1043000	6
NC_003197.2	1043000	1044000	6
NC_003197.2	1044000	1045000	5
NC_003197.2	1045000	1046000	11
NC_003197.2	1046000	1047000	3
NC_003197.2	1047000	1048000	6
NC_003197.2	1048000	1049000	6
NC_003197.2	1049000	1050000	6
NC_003197.2	1050000	1051000	6
NC_003197.2	1051000	1052000	3
NC_003197.2	1052000	1053000	5
NC_003197.2	1053000	1054000	6
NC_003197.2	1054000	1055000	4
NC_003197.2	1055000	1056000	5
NC_003197.2	1056000	1057000	3
NC_003197.2	1057000	1058000	8
NC_003197.2	1058000	1059000	17
NC_003197.2	1059000	1060000	3
NC_003197.2	1060000	1061000	6
NC_003197.2	1061000	1062000	6
NC_003197.2	1062000	1063000	5
NC_003197.2	1063000	1064000	3
NC_003197.2	1064000	1065000	9
NC_003197.2	1065000	1066000	8
NC_003197.2	1066000	1067000	3
NC_003197.2	1067000	1068000	8
NC_003197.2	1068000	1069000	4
NC_003197.2	1069000	1070000	3
NC_003197.2	1070000	1071000	6
NC_003197.2	1071000	1072000	3
NC_003197.2	1072000	1073000	6
NC_003197.2	1073000	1074000	6
NC_003197.2	1074000	1075000	9
NC_003197.2	1075000	1076000	6
NC_003197.2	1076000	1077000	5
NC_003197.2	1077000	1078000	9
NC_003197.2	1078000	1079000	6
NC_003197.2	1079000	1080000	6
NC_003197.2	1080000	1081000	6
NC_003197.2	1081000	1082000	3
NC_003197.2	1082000	1083000	3
NC_003197.2	1083000	1084000	3
NC_003197.2	1084000	1085000	3
NC_003197.2	1085000	1086000	4
NC_003197.2	1086000	1087000	3
NC_003197.2	1087000	1088000	6
NC_003197.2	1088000	1089000	5
NC_003197.2	1089000	1090000	6
NC_003197.2	1090000	1091000	6
NC_003197.2	1091000	1092000	11
NC_003197.2	1092000	1093000	4
NC_003197.2	1093000	1094000	7
NC_003197.2	1094000	1095000	3
NC_003197.2	1095000	1096000	6
NC_003197.2	1096000	1097000	5
NC_003197.2	1097000	1098000	3
NC_003197.2	1098000	1099000	8
NC_003197.2	1099000	1100000	9
NC_003197.2	1100000	1101000	6
NC_003197.2	1101000	1102000	6
NC_003197.2	1102000	1103000	3
NC_003197.2	1103000	1104000	3
NC_003197.2	1104000	1105000	8
NC_003197.2	1105000	1106000	9
NC_003197.2	1106000	1107000	6
NC_003197.2	1107000	1108000	9
NC_003197.2	1108000	1109000	8
NC_003197.2	1109000	1110000	9
NC_003197.2	1110000	1111000	6
NC_003197.2	1111000	1112000	6
NC_003197.2	1112000	1113000	9
NC_003197.2	1113000	1114000	6
NC_003197.2	1114000	1115000	7
NC_003197.2	1115000	1116000	9
NC_003197.2	1116000	1117000	9
NC_003197.2	1117000	1118000	3
NC_003197.2	1118000	1119000	3
NC_003197.2	1119000	1120000	4
NC_003197.2	1120000	1121000	6
NC_003197.2	1121000	1122000	3
NC_003197.2	1122000	1123000	6
NC_003197.2	1123000	1124000	11
NC_003197.2	1124000	1125000	8
NC_003197.2	1125000	1126000	9
NC_003197.2	1126000	1127000	4
NC_003197.2	1127000	1128000	3
NC_003197.2	1128000	1129000	6
NC_003197.2	1129000	1130000	6
NC_003197.2	1130000	1131000	7
NC_003197.2	1131000	1132000	8
NC_003197.2	1132000	1133000	9
NC_003197.2	1133000	1134000	3
NC_003197.2	1134000	1135000	3
NC_003197.2	1135000	1136000	3
NC_003197.2	1136000	1137000	4
NC_003197.2	1137000	1138000	3
NC_003197.2	1138000	1139000	6
NC_003197.2	1139000	1140000	6
NC_003197.2	1140000	1141000	4
NC_003197.2	1141000	1142000	4
NC_003197.2	1142000	1143000	9
NC_003197.2	1143000	1144000	6
NC_003197.2	1144000	1145000	4
NC_003197.2	1145000	1146000	3
NC_003197.2	1146000	1147000	9
NC_003197.2	1147000	1148000	3
NC_003197.2	1148000	1149000	6
NC_003197.2	1149000	1150000	6
NC_003197.2	1150000	1151000	3
NC_003197.2	1151000	1152000	6
NC_003197.2	1152000	1153000	3
NC_003197.2	1153000	1154000	6
NC_003197.2	1154000	1155000	3
NC_003197.2	1155000	1156000	6
NC_003197.2	1156000	1157000	6
NC_003197.2	1157000	1158000	8
NC_003197.2	1158000	1159000	9
NC_003197.2	1159000	1160000	3
NC_003197.2	1160000	1161000	8
NC_003197.2	1161000	1162000	3
NC_003197.2	1162000	1163000	12
NC_003197.2	1163000	1164000	8
NC_003197.2	1164000	1165000	3
NC_003197.2	1165000	1166000	5
NC_003197.2	1166000	1167000	7
NC_003197.2	1167000	1168000	3
NC_003197.2	1168000	1169000	6
NC_003197.2	1169000	1170000	7
NC_003197.2	1170000	1171000	8
NC_003197.2	1171000	1172000	4
NC_003197.2	1172000	1173000	7
NC_003197.2	1173000	1174000	8
NC_003197.2	1174000	1175000	6
NC_003197.2	1175000	1176000	6
NC_003197.2	1176000	1177000	6
NC_003197.2	1177000	1178000	8
NC_003197.2	1178000	1179000	6
NC_003197.2	1179000	1180000	4
NC_003197.2	1180000	1181000	9
NC_003197.2	1181000	1182000	3
NC_003197.2	1182000	1183000	6
NC_003197.2	1183000	1184000	6
NC_003197.2	1184000	1185000	7
NC_003197.2	1185000	1186000	6
NC_003197.2	1186000	1187000	3
NC_003197.2	1187000	1188000	7
NC_003197.2	1188000	1189000	4
NC_003197.2	1189000	1190000	6
NC_003197.2	1190000	1191000	6
NC_003197.2	1191000	1192000	6
NC_003197.2	1192000	1193000	6
NC_003197.2	1193000	1194000	6
NC_003197.2	1194000	1195000	4
NC_003197.2	1195000	1196000	6
NC_003197.2	1196000	1197000	6
NC_003197.2	1197000	1198000	5
NC_003197.2	1198000	1199000	9
NC_003197.2	1199000	1200000	8
NC_003197.2	1200000	1201000	7
NC_003197.2	1201000	1202000	3
NC_003197.2	1202000	1203000	6
NC_003197.2	1203000	1204000	9
NC_003197.2	1204000	1205000	5
NC_003197.2	1205000	1206000	7
NC_003197.2	1206000	1207000	8
NC_003197.2	1207000	1208000	8
NC_003197.2	1208000	1209000	3
NC_003197.2	1209000	1210000	3
NC_003197.2	1210000	1211000	3
NC_003197.2	1211000	1212000	11
NC_003197.2	1212000	1213000	3
NC_003197.2	1213000	1214000	3
NC_003197.2	1214000	1215000	4
NC_003197.2	1215000	1216000	5
NC_003197.2	1216000	1217000	6
NC_003197.2	1217000	1218000	4
NC_003197.2	1218000	1219000	4
NC_003197.2	1219000	1220000	3
NC_003197.2	1220000	1221000	6
NC_003197.2	1221000	1222000	6
NC_003197.2	1222000	1223000	6
NC_003197.2	1223000	1224000	3
NC_003197.2	1224000	1225000	6
NC_003197.2	1225000	1226000	4
NC_003197.2	1226000	1227000	7
NC_003197.2	1227000	1228000	5
NC_003197.2	1228000	1229000	6
NC_003197.2	1229000	1230000	9
NC_003197.2	1230000	1231000	4
NC_003197.2	1231000	1232000	9
NC_003197.2	1232000	1233000	11
NC_003197.2	1233000	1234000	5
NC_003197.2	1234000	1235000	5
NC_003197.2	1235000	1236000	3
NC_003197.2	1236000	1237000	8
NC_003197.2	1237000	1238000	5
NC_003197.2	1238000	1239000	3
NC_003197.2	1239000	1240000	3
NC_003197.2	1240000	1241000	8
NC_003197.2	1241000	1242000	6
NC_003197.2	1242000	1243000	6
NC_003197.2	1243000	1244000	7
NC_003197.2	1244000	1245000	5
NC_003197.2	1245000	1246000	7
NC_003197.2	1246000	1247000	8
NC_003197.2	1247000	1248000	7
NC_003197.2	1248000	1249000	6
NC_003197.2	1249000	1250000	9
NC_003197.2	1250000	1251000	7
NC_003197.2	1251000	1252000	3
NC_003197.2	1252000	1253000	7
NC_003197.2	1253000	1254000	9
NC_003197.2	1254000	1255000	6
NC_003197.2	1255000	1256000	3
NC_003197.2	1256000	1257000	5
NC_003197.2	1257000	1258000	8
NC_003197.2	1258000	1259000	10
NC_003197.2	1259000	1260000	9
NC_003197.2	1260000	1261000	3
NC_003197.2	1261000	1262000	9
NC_003197.2	1262000	1263000	6
NC_003197.2	1263000	1264000	6
NC_003197.2	1264000	1265000	6
NC_003197.2	1265000	1266000	6
NC_003197.2	1266000	1267000	3
NC_003197.2	1267000	1268000	6
NC_003197.2	1268000	1269000	5
NC_003197.2	1269000	1270000	3
NC_003197.2	1270000	1271000	3
NC_003197.2	1271000	1272000	4
NC_003197.2	1272000	1273000	4
NC_003197.2	1273000	1274000	5
NC_003197.2	1274000	1275000	3
NC_003197.2	1275000	1276000	11
NC_003197.2	1276000	1277000	6
NC_003197.2	1277000	1278000	5
NC_003197.2	1278000	1279000	6
NC_003197.2	1279000	1280000	6
NC_003197.2	1280000	1281000	7
NC_003197.2	1281000	1282000	6
NC_003197.2	1282000	1283000	5
NC_003197.2	1283000	1284000	6
NC_003197.2	1284000	1285000	6
NC_003197.2	1285000	1286000	6
NC_003197.2	1286000	1287000	6
NC_003197.2	1287000	1288000	5
NC_003197.2	1288000	1289000	3
NC_003197.2	1289000	1290000	3
NC_003197.2	1290000	1291000	10
NC_003197.2	1291000	1292000	9
NC_003197.2	1292000	1293000	6
NC_003197.2	1293000	1294000	6
NC_003197.2	1294000	1295000	10
NC_003197.2	1295000	1296000	6
NC_003197.2	1296000	1297000	5
NC_003197.2	1297000	1298000	9
NC_003197.2	1298000	1299000	6
NC_003197.2	1299000	1300000	3
NC_003197.2	1300000	1301000	3
NC_003197.2	1301000	1302000	3
NC_003197.2	1302000	1303000	6
NC_003197.2	1303000	1304000	6
NC_003197.2	1304000	1305000	6
NC_003197.2	1305000	1306000	6
NC_003197.2	1306000	1307000	6
NC_003197.2	1307000	1308000	5
NC_003197.2	1308000	1309000	6
NC_003197.2	1309000	1310000	6
NC_003197.2	1310000	1311000	3
NC_003197.2	1311000	1312000	3
NC_003197.2	1312000	1313000	6
NC_003197.2	1313000	1314000	6
NC_003197.2	1314000	1315000	6
NC_003197.2	1315000	1316000	3
NC_003197.2	1316000	1317000	3
NC_003197.2	1317000	1318000	6
NC_003197.2	1318000	1319000	5
NC_003197.2	1319000	1320000	6
NC_003197.2	1320000	1321000	6
NC_003197.2	1321000	1322000	8
NC_003197.2	1322000	1323000	6
NC_003197.2	1323000	1324000	9
NC_003197.2	1324000	1325000	10
NC_003197.2	1325000	1326000	3
NC_003197.2	1326000	1327000	4
NC_003197.2	1327000	1328000	3
NC_003197.2	1328000	1329000	4
NC_003197.2	1329000	1330000	6
NC_003197.2	1330000	1331000	6
NC_003197.2	1331000	1332000	8
NC_003197.2	1332000	1333000	4
NC_003197.2	1333000	1334000	5
NC_003197.2	1334000	1335000	4
NC_003197.2	1335000	1336000	7
NC_003197.2	1336000	1337000	4
NC_003197.2	1337000	1338000	6
NC_003197.2	1338000	1339000	4
NC_003197.2	1339000	1340000	4
NC_003197.2	1340000	1341000	6
NC_003197.2	1341000	1342000	6
NC_003197.2	1342000	1343000	6
NC_003197.2	1343000	1344000	8
NC_003197.2	1344000	1345000	3
NC_003197.2	1345000	1346000	13
NC_003197.2	1346000	1347000	6
NC_003197.2	1347000	1348000	6
NC_003197.2	1348000	1349000	6
NC_003197.2	1349000	1350000	12
NC_003197.2	1350000	1351000	6
NC_003197.2	1351000	1352000	9
NC_003197.2	1352000	1353000	4
NC_003197.2	1353000	1354000	7
NC_003197.2	1354000	1355000	11
NC_003197.2	1355000	1356000	3
NC_003197.2	1356000	1357000	9
NC_003197.2	1357000	1358000	9
NC_003197.2	1358000	1359000	6
NC_003197.2	1359000	1360000	4
NC_003197.2	1360000	1361000	3
NC_003197.2	1361000	1362000	6
NC_003197.2	1362000	1363000	3
NC_003197.2	1363000	1364000	4
NC_003197.2	1364000	1365000	4
NC_003197.2	1365000	1366000	3
NC_003197.2	1366000	1367000	6
NC_003197.2	1367000	1368000	5
NC_003197.2	1368000	1369000	6
NC_003197.2	1369000	1370000	7
NC_003197.2	1370000	1371000	6
NC_003197.2	1371000	1372000	6
NC_003197.2	1372000	1373000	6
NC_003197.2	1373000	1374000	3
NC_003197.2	1374000	1375000	7
NC_003197.2	1375000	1376000	6
NC_003197.2	1376000	1377000	5
NC_003197.2	1377000	1378000	3
NC_003197.2	1378000	1379000	5
NC_003197.2	1379000	1380000	4
NC_003197.2	1380000	1381000	8
NC_003197.2	1381000	1382000	4
NC_003197.2	1382000	1383000	4
NC_003197.2	1383000	1384000	6
NC_003197.2	1384000	1385000	6
NC_003197.2	1385000	1386000	6
NC_003197.2	1386000	1387000	3
NC_003197.2	1387000	1388000	6
NC_003197.2	1388000	1389000	6
NC_003197.2	1389000	1390000	5
NC_003197.2	1390000	1391000	6
NC_003197.2	1391000	1392000	10
NC_003197.2	1392000	1393000	6
NC_003197.2	1393000	1394000	9
NC_003197.2	1394000	1395000	6
NC_003197.2	1395000	1396000	3
NC_003197.2	1396000	1397000	6
NC_003197.2	1397000	1398000	5
NC_003197.2	1398000	1399000	3
NC_003197.2	1399000	1400000	9
NC_003197.2	1400000	1401000	3
NC_003197.2	1401000	1402000	6
NC_003197.2	1402000	1403000	5
NC_003197.2	1403000	1404000	8
NC_003197.2	1404000	1405000	7
NC_003197.2	1405000	1406000	3
NC_003197.2	1406000	1407000	7
NC_003197.2	1407000	1408000	5
NC_003197.2	1408000	1409000	10
NC_003197.2	1409000	1410000	6
NC_003197.2	1410000	1411000	3
NC_003197.2	1411000	1412000	4
NC_003197.2	1412000	1413000	4
NC_003197.2	1413000	1414000	3
NC_003197.2	1414000	1415000	11
NC_003197.2	1415000	1416000	7
NC_003197.2	1416000	1417000	6
NC_003197.2	1417000	1418000	3
NC_003197.2	1418000	1419000	6
NC_003197.2	1419000	1420000	9
NC_003197.2	1420000	1421000	6
NC_003197.2	1421000	1422000	7
NC_003197.2	1422000	1423000	7
NC_003197.2	1423000	1424000	6
NC_003197.2	1424000	1425000	3
NC_003197.2	1425000	1426000	7
NC_003197.2	1426000	1427000	8
NC_003197.2	1427000	1428000	9
NC_003197.2	1428000	1429000	3
NC_003197.2	1429000	1430000	3
NC_003197.2	1430000	1431000	5
NC_003197.2	1431000	1432000	6
NC_003197.2	1432000	1433000	6
NC_003197.2	1433000	1434000	6
NC_003197.2	1434000	1435000	6
NC_003197.2	1435000	1436000	7
NC_003197.2	1436000	1437000	5
NC_003197.2	1437000	1438000	6
NC_003197.2	1438000	1439000	3
NC_003197.2	1439000	1440000	5
NC_003197.2	1440000	1441000	6
NC_003197.2	1441000	1442000	6
NC_003197.2	1442000	1443000	6
NC_003197.2	1443000	1444000	3
NC_003197.2	1444000	1445000	9
NC_003197.2	1445000	1446000	3
NC_003197.2	1446000	1447000	7
NC_003197.2	1447000	1448000	3
NC_003197.2	1448000	1449000	3
NC_003197.2	1449000	1450000	6
NC_003197.2	1450000	1451000	6
NC_003197.2	1451000	1452000	4
NC_003197.2	1452000	1453000	7
NC_003197.2	1453000	1454000	3
NC_003197.2	1454000	1455000	9
NC_003197.2	1455000	1456000	3
NC_003197.2	1456000	1457000	6
NC_003197.2	1457000	1458000	9
NC_003197.2	1458000	1459000	3
NC_003197.2	1459000	1460000	8
NC_003197.2	1460000	1461000	3
NC_003197.2	1461000	1462000	8
NC_003197.2	1462000	1463000	3
NC_003197.2	1463000	1464000	7
NC_003197.2	1464000	1465000	6
NC_003197.2	1465000	1466000	3
NC_003197.2	1466000	1467000	6
NC_003197.2	1467000	1468000	3
NC_003197.2	1468000	1469000	3
NC_003197.2	1469000	1470000	6
NC_003197.2	1470000	1471000	6
NC_003197.2	1471000	1472000	6
NC_003197.2	1472000	1473000	3
NC_003197.2	1473000	1474000	9
NC_003197.2	1474000	1475000	5
NC_003197.2	1475000	1476000	6
NC_003197.2	1476000	1477000	6
NC_003197.2	1477000	1478000	3
NC_003197.2	1478000	1479000	3
NC_003197.2	1479000	1480000	6
NC_003197.2	1480000	1481000	6
NC_003197.2	1481000	1482000	5
NC_003197.2	1482000	1483000	3
NC_003197.2	1483000	1484000	12
NC_003197.2	1484000	1485000	9
NC_003197.2	1485000	1486000	3
NC_003197.2	1486000	1487000	6
NC_003197.2	1487000	1488000	11
NC_003197.2	1488000	1489000	6
NC_003197.2	1489000	1490000	9
NC_003197.2	1490000	1491000	8
NC_003197.2	1491000	1492000	8
NC_003197.2	1492000	1493000	6
NC_003197.2	1493000	1494000	9
NC_003197.2	1494000	1495000	3
NC_003197.2	1495000	1496000	6
NC_003197.2	1496000	1497000	5
NC_003197.2	1497000	1498000	9
NC_003197.2	1498000	1499000	6
NC_003197.2	1499000	1500000	9
NC_003197.2	1500000	1501000	6
NC_003197.2	1501000	1502000	11
NC_003197.2	1502000	1503000	3
NC_003197.2	1503000	1504000	7
NC_003197.2	1504000	1505000	5
NC_003197.2	1505000	1506000	6
NC_003197.2	1506000	1507000	7
NC_003197.2	1507000	1508000	5
NC_003197.2	1508000	1509000	6
NC_003197.2	1509000	1510000	7
NC_003197.2	1510000	1511000	3
NC_003197.2	1511000	1512000	6
NC_003197.2	1512000	1513000	8
NC_003197.2	1513000	1514000	3
NC_003197.2	1514000	1515000	9
NC_003197.2	1515000	1516000	6
NC_003197.2	1516000	1517000	6
NC_003197.2	1517000	1518000	3
NC_003197.2	1518000	1519000	6
NC_003197.2	1519000	1520000	9
NC_003197.2	1520000	1521000	6
NC_003197.2	1521000	1522000	4
NC_003197.2	1522000	1523000	8
NC_003197.2	1523000	1524000	6
NC_003197.2	1524000	1525000	6
NC_003197.2	1525000	1526000	5
NC_003197.2	1526000	1527000	6
NC_003197.2	1527000	1528000	4
NC_003197.2	1528000	1529000	3
NC_003197.2	1529000	1530000	9
NC_003197.2	1530000	1531000	6
NC_003197.2	1531000	1532000	6
NC_003197.2	1532000	1533000	3
NC_003197.2	1533000	1534000	6
NC_003197.2	1534000	1535000	9
NC_003197.2	1535000	1536000	7
NC_003197.2	1536000	1537000	3
NC_003197.2	1537000	1538000	5
NC_003197.2	1538000	1539000	5
NC_003197.2	1539000	1540000	4
NC_003197.2	1540000	1541000	6
NC_003197.2	1541000	1542000	4
NC_003197.2	1542000	1543000	6
NC_003197.2	1543000	1544000	8
NC_003197.2	1544000	1545000	3
NC_003197.2	1545000	1546000	5
NC_003197.2	1546000	1547000	5
NC_003197.2	1547000	1548000	6
NC_003197.2	1548000	1549000	3
NC_003197.2	1549000	1550000	6
NC_003197.2	1550000	1551000	5
NC_003197.2	1551000	1552000	4
NC_003197.2	1552000	1553000	8
NC_003197.2	1553000	1554000	4
NC_003197.2	1554000	1555000	3
NC_003197.2	1555000	1556000	9
NC_003197.2	1556000	1557000	3
NC_003197.2	1557000	1558000	6
NC_003197.2	1558000	1559000	5
NC_003197.2	1559000	1560000	4
NC_003197.2	1560000	1561000	9
NC_003197.2	1561000	1562000	3
NC_003197.2	1562000	1563000	6
NC_003197.2	1563000	1564000	4
NC_003197.2	1564000	1565000	3
NC_003197.2	1565000	1566000	4
NC_003197.2	1566000	1567000	6
NC_003197.2	1567000	1568000	5
NC_003197.2	1568000	1569000	5
NC_003197.2	1569000	1570000	6
NC_003197.2	1570000	1571000	6
NC_003197.2	1571000	1572000	7
NC_003197.2	1572000	1573000	5
NC_003197.2	1573000	1574000	6
NC_003197.2	1574000	1575000	6
NC_003197.2	1575000	1576000	3
NC_003197.2	1576000	1577000	5
NC_003197.2	1577000	1578000	3
NC_003197.2	1578000	1579000	3
NC_003197.2	1579000	1580000	9
NC_003197.2	1580000	1581000	5
NC_003197.2	1581000	1582000	9
NC_003197.2	1582000	1583000	6
NC_003197.2	1583000	1584000	6
NC_003197.2	1584000	1585000	5
NC_003197.2	1585000	1586000	3
NC_003197.2	1586000	1587000	4
NC_003197.2	1587000	1588000	8
NC_003197.2	1588000	1589000	6
NC_003197.2	1589000	1590000	7
NC_003197.2	1590000	1591000	3
NC_003197.2	1591000	1592000	3
NC_003197.2	1592000	1593000	7
NC_003197.2	1593000	1594000	4
NC_003197.2	1594000	1595000	3
NC_003197.2	1595000	1596000	7
NC_003197.2	1596000	1597000	5
NC_003197.2	1597000	1598000	10
NC_003197.2	1598000	1599000	9
NC_003197.2	1599000	1600000	3
NC_003197.2	1600000	1601000	5
NC_003197.2	1601000	1602000	7
NC_003197.2	1602000	1603000	6
NC_003197.2	1603000	1604000	6
NC_003197.2	1604000	1605000	4
NC_003197.2	1605000	1606000	8
NC_003197.2	1606000	1607000	4
NC_003197.2	1607000	1608000	5
NC_003197.2	1608000	1609000	9
NC_003197.2	1609000	1610000	6
NC_003197.2	1610000	1611000	9
NC_003197.2	1611000	1612000	8
NC_003197.2	1612000	1613000	6
NC_003197.2	1613000	1614000	6
NC_003197.2	1614000	1615000	4
NC_003197.2	1615000	1616000	4
NC_003197.2	1616000	1617000	6
NC_003197.2	1617000	1618000	5
NC_003197.2	1618000	1619000	6
NC_003197.2	1619000	1620000	6
NC_003197.2	1620000	1621000	3
NC_003197.2	1621000	1622000	5
NC_003197.2	1622000	1623000	6
NC_003197.2	1623000	1624000	3
NC_003197.2	1624000	1625000	9
NC_003197.2	1625000	1626000	5
NC_003197.2	1626000	1627000	9
NC_003197.2	1627000	1628000	6
NC_003197.2	1628000	1629000	4
NC_003197.2	1629000	1630000	2
NC_003197.2	1630000	1631000	3
NC_003197.2	1631000	1632000	4
NC_003197.2	1632000	1633000	3
NC_003197.2	1633000	1634000	6
NC_003197.2	1634000	1635000	6
NC_003197.2	1635000	1636000	3
NC_003197.2	1636000	1637000	3
NC_003197.2	1637000	1638000	3
NC_003197.2	1638000	1639000	6
NC_003197.2	1639000	1640000	3
NC_003197.2	1640000	1641000	6
NC_003197.2	1641000	1642000	3
NC_003197.2	1642000	1643000	6
NC_003197.2	1643000	1644000	7
NC_003197.2	1644000	1645000	4
NC_003197.2	1645000	1646000	9
NC_003197.2	1646000	1647000	3
NC_003197.2	1647000	1648000	6
NC_003197.2	1648000	1649000	5
NC_003197.2	1649000	1650000	6
NC_003197.2	1650000	1651000	6
NC_003197.2	1651000	1652000	3
NC_003197.2	1652000	1653000	3
NC_003197.2	1653000	1654000	7
NC_003197.2	1654000	1655000	3
NC_003197.2	1655000	1656000	4
NC_003197.2	1656000	1657000	7
NC_003197.2	1657000	1658000	3
NC_003197.2	1658000	1659000	7
NC_003197.2	1659000	1660000	4
NC_003197.2	1660000	1661000	6
NC_003197.2	1661000	1662000	3
NC_003197.2	1662000	1663000	3
NC_003197.2	1663000	1664000	3
NC_003197.2	1664000	1665000	6
NC_003197.2	1665000	1666000	6
NC_003197.2	1666000	1667000	6
NC_003197.2	1667000	1668000	6
NC_003197.2	1668000	1669000	5
NC_003197.2	1669000	1670000	6
NC_003197.2	1670000	1671000	7
NC_003197.2	1671000	1672000	3
NC_003197.2	1672000	1673000	8
NC_003197.2	1673000	1674000	7
NC_003197.2	1674000	1675000	3
NC_003197.2	1675000	1676000	3
NC_003197.2	1676000	1677000	6
NC_003197.2	1677000	1678000	3
NC_003197.2	1678000	1679000	9
NC_003197.2	1679000	1680000	9
NC_003197.2	1680000	1681000	3
NC_003197.2	1681000	1682000	6
NC_003197.2	1682000	1683000	3
NC_003197.2	1683000	1684000	3
NC_003197.2	1684000	1685000	6
NC_003197.2	1685000	1686000	3
NC_003197.2	1686000	1687000	8
NC_003197.2	1687000	1688000	3
NC_003197.2	1688000	1689000	6
NC_003197.2	1689000	1690000	5
NC_003197.2	1690000	1691000	6
NC_003197.2	1691000	1692000	7
NC_003197.2	1692000	1693000	4
NC_003197.2	1693000	1694000	8
NC_003197.2	1694000	1695000	3
NC_003197.2	1695000	1696000	6
NC_003197.2	1696000	1697000	7
NC_003197.2	1697000	1698000	5
NC_003197.2	1698000	1699000	9
NC_003197.2	1699000	1700000	3
NC_003197.2	1700000	1701000	4
NC_003197.2	1701000	1702000	9
NC_003197.2	1702000	1703000	6
NC_003197.2	1703000	1704000	6
NC_003197.2	1704000	1705000	6
NC_003197.2	1705000	1706000	9
NC_003197.2	1706000	1707000	6
NC_003197.2	1707000	1708000	8
NC_003197.2	1708000	1709000	3
NC_003197.2	1709000	1710000	8
NC_003197.2	1710000	1711000	3
NC_003197.2	1711000	1712000	6
NC_003197.2	1712000	1713000	3
NC_003197.2	1713000	1714000	6
NC_003197.2	1714000	1715000	6
NC_003197.2	1715000	1716000	5
NC_003197.2	1716000	1717000	3
NC_003197.2	1717000	1718000	6
NC_003197.2	1718000	1719000	6
NC_003197.2	1719000	1720000	7
NC_003197.2	1720000	1721000	5
NC_003197.2	1721000	1722000	4
NC_003197.2	1722000	1723000	5
NC_003197.2	1723000	1724000	4
NC_003197.2	1724000	1725000	6
NC_003197.2	1725000	1726000	6
NC_003197.2	1726000	1727000	9
NC_003197.2	1727000	1728000	3
NC_003197.2	1728000	1729000	3
NC_003197.2	1729000	1730000	5
NC_003197.2	1730000	1731000	6
NC_003197.2	1731000	1732000	6
NC_003197.2	1732000	1733000	3
NC_003197.2	1733000	1734000	3
NC_003197.2	1734000	1735000	3
NC_003197.2	1735000	1736000	6
NC_003197.2	1736000	1737000	10
NC_003197.2	1737000	1738000	6
NC_003197.2	1738000	1739000	3
NC_003197.2	1739000	1740000	4
NC_003197.2	1740000	1741000	4
NC_003197.2	1741000	1742000	12
NC_003197.2	1742000	1743000	6
NC_003197.2	1743000	1744000	3
NC_003197.2	1744000	1745000	3
NC_003197.2	1745000	1746000	3
NC_003197.2	1746000	1747000	7
NC_003197.2	1747000	1748000	4
NC_003197.2	1748000	1749000	5
NC_003197.2	1749000	1750000	3
NC_003197.2	1750000	1751000	3
NC_003197.2	1751000	1752000	6
NC_003197.2	1752000	1753000	6
NC_003197.2	1753000	1754000	7
NC_003197.2	1754000	1755000	9
NC_003197.2	1755000	1756000	6
NC_003197.2	1756000	1757000	9
NC_003197.2	1757000	1758000	5
NC_003197.2	1758000	1759000	6
NC_003197.2	1759000	1760000	6
NC_003197.2	1760000	1761000	5
NC_003197.2	1761000	1762000	6
NC_003197.2	1762000	1763000	3
NC_003197.2	1763000	1764000	6
NC_003197.2	1764000	1765000	7
NC_003197.2	1765000	1766000	5
NC_003197.2	1766000	1767000	5
NC_003197.2	1767000	1768000	9
NC_003197.2	1768000	1769000	5
NC_003197.2	1769000	1770000	6
NC_003197.2	1770000	1771000	7
NC_003197.2	1771000	1772000	5
NC_003197.2	1772000	1773000	3
NC_003197.2	1773000	1774000	6
NC_003197.2	1774000	1775000	5
NC_003197.2	1775000	1776000	7
NC_003197.2	1776000	1777000	5
NC_003197.2	1777000	1778000	9
NC_003197.2	1778000	1779000	6
NC_003197.2	1779000	1780000	3
NC_003197.2	1780000	1781000	9
NC_003197.2	1781000	1782000	12
NC_003197.2	1782000	1783000	7
NC_003197.2	1783000	1784000	5
NC_003197.2	1784000	1785000	3
NC_003197.2	1785000	1786000	6
NC_003197.2	1786000	1787000	6
NC_003197.2	1787000	1788000	6
NC_003197.2	1788000	1789000	6
NC_003197.2	1789000	1790000	4
NC_003197.2	1790000	1791000	3
NC_003197.2	1791000	1792000	9
NC_003197.2	1792000	1793000	6
NC_003197.2	1793000	1794000	3
NC_003197.2	1794000	1795000	8
NC_003197.2	1795000	1796000	3
NC_003197.2	1796000	1797000	6
NC_003197.2	1797000	1798000	3
NC_003197.2	1798000	1799000	5
NC_003197.2	1799000	1800000	8
NC_003197.2	1800000	1801000	8
NC_003197.2	1801000	1802000	6
NC_003197.2	1802000	1803000	6
NC_003197.2	1803000	1804000	6
NC_003197.2	1804000	1805000	6
NC_003197.2	1805000	1806000	3
NC_003197.2	1806000	1807000	3
NC_003197.2	1807000	1808000	4
NC_003197.2	1808000	1809000	3
NC_003197.2	1809000	1810000	8
NC_003197.2	1810000	1811000	3
NC_003197.2	1811000	1812000	3
NC_003197.2	1812000	1813000	7
NC_003197.2	1813000	1814000	5
NC_003197.2	1814000	1815000	7
NC_003197.2	1815000	1816000	8
NC_003197.2	1816000	1817000	6
NC_003197.2	1817000	1818000	6
NC_003197.2	1818000	1819000	12
NC_003197.2	1819000	1820000	3
NC_003197.2	1820000	1821000	6
NC_003197.2	1821000	1822000	8
NC_003197.2	1822000	1823000	3
NC_003197.2	1823000	1824000	6
NC_003197.2	1824000	1825000	6
NC_003197.2	1825000	1826000	9
NC_003197.2	1826000	1827000	9
NC_003197.2	1827000	1828000	5
NC_003197.2	1828000	1829000	7
NC_003197.2	1829000	1830000	6
NC_003197.2	1830000	1831000	8
NC_003197.2	1831000	1832000	6
NC_003197.2	1832000	1833000	13
NC_003197.2	1833000	1834000	3
NC_003197.2	1834000	1835000	8
NC_003197.2	1835000	1836000	6
NC_003197.2	1836000	1837000	6
NC_003197.2	1837000	1838000	6
NC_003197.2	1838000	1839000	6
NC_003197.2	1839000	1840000	6
NC_003197.2	1840000	1841000	3
NC_003197.2	1841000	1842000	11
NC_003197.2	1842000	1843000	5
NC_003197.2	1843000	1844000	4
NC_003197.2	1844000	1845000	3
NC_003197.2	1845000	1846000	5
NC_003197.2	1846000	1847000	4
NC_003197.2	1847000	1848000	7
NC_003197.2	1848000	1849000	6
NC_003197.2	1849000	1850000	4
NC_003197.2	1850000	1851000	3
NC_003197.2	1851000	1852000	7
NC_003197.2	1852000	1853000	12
NC_003197.2	1853000	1854000	3
NC_003197.2	1854000	1855000	3
NC_003197.2	1855000	1856000	6
NC_003197.2	1856000	1857000	9
NC_003197.2	1857000	1858000	3
NC_003197.2	1858000	1859000	6
NC_003197.2	1859000	1860000	3
NC_003197.2	1860000	1861000	3
NC_003197.2	1861000	1862000	3
NC_003197.2	1862000	1863000	11
NC_003197.2	1863000	1864000	5
NC_003197.2	1864000	1865000	13
NC_003197.2	1865000	1866000	3
NC_003197.2	1866000	1867000	8
NC_003197.2	1867000	1868000	3
NC_003197.2	1868000	1869000	10
NC_003197.2	1869000	1870000	4
NC_003197.2	1870000	1871000	5
NC_003197.2	1871000	1872000	6
NC_003197.2	1872000	1873000	11
NC_003197.2	1873000	1874000	6
NC_003197.2	1874000	1875000	6
NC_003197.2	1875000	1876000	4
NC_003197.2	1876000	1877000	7
NC_003197.2	1877000	1878000	8
NC_003197.2	1878000	1879000	5
NC_003197.2	1879000	1880000	3
NC_003197.2	1880000	1881000	6
NC_003197.2	1881000	1882000	6
NC_003197.2	1882000	1883000	3
NC_003197.2	1883000	1884000	3
NC_003197.2	1884000	1885000	9
NC_003197.2	1885000	1886000	6
NC_003197.2	1886000	1887000	3
NC_003197.2	1887000	1888000	6
NC_003197.2	1888000	1889000	6
NC_003197.2	1889000	1890000	9
NC_003197.2	1890000	1891000	6
NC_003197.2	1891000	1892000	6
NC_003197.2	1892000	1893000	3
NC_003197.2	1893000	1894000	9
NC_003197.2	1894000	1895000	6
NC_003197.2	1895000	1896000	5
NC_003197.2	1896000	1897000	5
NC_003197.2	1897000	1898000	7
NC_003197.2	1898000	1899000	7
NC_003197.2	1899000	1900000	6
NC_003197.2	1900000	1901000	3
NC_003197.2	1901000	1902000	5
NC_003197.2	1902000	1903000	6
NC_003197.2	1903000	1904000	4
NC_003197.2	1904000	1905000	8
NC_003197.2	1905000	1906000	5
NC_003197.2	1906000	1907000	7
NC_003197.2	1907000	1908000	3
NC_003197.2	1908000	1909000	6
NC_003197.2	1909000	1910000	11
NC_003197.2	1910000	1911000	9
NC_003197.2	1911000	1912000	6
NC_003197.2	1912000	1913000	7
NC_003197.2	1913000	1914000	6
NC_003197.2	1914000	1915000	3
NC_003197.2	1915000	1916000	6
NC_003197.2	1916000	1917000	4
NC_003197.2	1917000	1918000	6
NC_003197.2	1918000	1919000	6
NC_003197.2	1919000	1920000	3
NC_003197.2	1920000	1921000	9
NC_003197.2	1921000	1922000	7
NC_003197.2	1922000	1923000	6
NC_003197.2	1923000	1924000	6
NC_003197.2	1924000	1925000	5
NC_003197.2	1925000	1926000	3
NC_003197.2	1926000	1927000	5
NC_003197.2	1927000	1928000	3
NC_003197.2	1928000	1929000	16
NC_003197.2	1929000	1930000	6
NC_003197.2	1930000	1931000	6
NC_003197.2	1931000	1932000	6
NC_003197.2	1932000	1933000	6
NC_003197.2	1933000	1934000	6
NC_003197.2	1934000	1935000	3
NC_003197.2	1935000	1936000	10
NC_003197.2	1936000	1937000	6
NC_003197.2	1937000	1938000	9
NC_003197.2	1938000	1939000	6
NC_003197.2	1939000	1940000	3
NC_003197.2	1940000	1941000	6
NC_003197.2	1941000	1942000	3
NC_003197.2	1942000	1943000	3
NC_003197.2	1943000	1944000	9
NC_003197.2	1944000	1945000	6
NC_003197.2	1945000	1946000	5
NC_003197.2	1946000	1947000	3
NC_003197.2	1947000	1948000	3
NC_003197.2	1948000	1949000	6
NC_003197.2	1949000	1950000	3
NC_003197.2	1950000	1951000	11
NC_003197.2	1951000	1952000	7
NC_003197.2	1952000	1953000	4
NC_003197.2	1953000	1954000	4
NC_003197.2	1954000	1955000	1
NC_003197.2	1955000	1956000	6
NC_003197.2	1956000	1957000	7
NC_003197.2	1957000	1958000	6
NC_003197.2	1958000	1959000	3
NC_003197.2	1959000	1960000	4
NC_003197.2	1960000	1961000	9
NC_003197.2	1961000	1962000	6
NC_003197.2	1962000	1963000	2
NC_003197.2	1963000	1964000	6
NC_003197.2	1964000	1965000	4
NC_003197.2	1965000	1966000	5
NC_003197.2	1966000	1967000	9
NC_003197.2	1967000	1968000	5
NC_003197.2	1968000	1969000	9
NC_003197.2	1969000	1970000	7
NC_003197.2	1970000	1971000	7
NC_003197.2	1971000	1972000	8
NC_003197.2	1972000	1973000	3
NC_003197.2	1973000	1974000	4
NC_003197.2	1974000	1975000	6
NC_003197.2	1975000	1976000	10
NC_003197.2	1976000	1977000	5
NC_003197.2	1977000	1978000	8
NC_003197.2	1978000	1979000	3
NC_003197.2	1979000	1980000	8
NC_003197.2	1980000	1981000	3
NC_003197.2	1981000	1982000	9
NC_003197.2	1982000	1983000	6
NC_003197.2	1983000	1984000	5
NC_003197.2	1984000	1985000	4
NC_003197.2	1985000	1986000	3
NC_003197.2	1986000	1987000	6
NC_003197.2	1987000	1988000	6
NC_003197.2	1988000	1989000	6
NC_003197.2	1989000	1990000	3
NC_003197.2	1990000	1991000	7
NC_003197.2	1991000	1992000	4
NC_003197.2	1992000	1993000	4
NC_003197.2	1993000	1994000	8
NC_003197.2	1994000	1995000	6
NC_003197.2	1995000	1996000	6
NC_003197.2	1996000	1997000	4
NC_003197.2	1997000	1998000	7
NC_003197.2	1998000	1999000	6
NC_003197.2	1999000	2000000	9
NC_003197.2	2000000	2001000	3
NC_003197.2	2001000	2002000	6
NC_003197.2	2002000	2003000	7
NC_003197.2	2003000	2004000	3
NC_003197.2	2004000	2005000	6
NC_003197.2	2005000	2006000	3
NC_003197.2	2006000	2007000	5
NC_003197.2	2007000	2008000	6
NC_003197.2	2008000	2009000	6
NC_003197.2	2009000	2010000	3
NC_003197.2	2010000	2011000	6
NC_003197.2	2011000	2012000	6
NC_003197.2	2012000	2013000	9
NC_003197.2	2013000	2014000	6
NC_003197.2	2014000	2015000	6
NC_003197.2	2015000	2016000	3
NC_003197.2	2016000	2017000	6
NC_003197.2	2017000	2018000	6
NC_003197.2	2018000	2019000	3
NC_003197.2	2019000	2020000	6
NC_003197.2	2020000	2021000	6
NC_003197.2	2021000	2022000	9
NC_003197.2	2022000	2023000	14
NC_003197.2	2023000	2024000	5
NC_003197.2	2024000	2025000	8
NC_003197.2	2025000	2026000	7
NC_003197.2	2026000	2027000	4
NC_003197.2	2027000	2028000	6
NC_003197.2	2028000	2029000	7
NC_003197.2	2029000	2030000	8
NC_003197.2	2030000	2031000	11
NC_003197.2	2031000	2032000	5
NC_003197.2	2032000	2033000	7
NC_003197.2	2033000	2034000	3
NC_003197.2	2034000	2035000	6
NC_003197.2	2035000	2036000	14
NC_003197.2	2036000	2037000	6
NC_003197.2	2037000	2038000	3
NC_003197.2	2038000	2039000	7
NC_003197.2	2039000	2040000	9
NC_003197.2	2040000	2041000	6
NC_003197.2	2041000	2042000	6
NC_003197.2	2042000	2043000	6
NC_003197.2	2043000	2044000	7
NC_003197.2	2044000	2045000	6
NC_003197.2	2045000	2046000	7
NC_003197.2	2046000	2047000	7
NC_003197.2	2047000	2048000	6
NC_003197.2	2048000	2049000	3
NC_003197.2	2049000	2050000	7
NC_003197.2	2050000	2051000	6
NC_003197.2	2051000	2052000	9
NC_003197.2	2052000	2053000	3
NC_003197.2	2053000	2054000	9
NC_003197.2	2054000	2055000	5
NC_003197.2	2055000	2056000	8
NC_003197.2	2056000	2057000	7
NC_003197.2	2057000	2058000	3
NC_003197.2	2058000	2059000	6
NC_003197.2	2059000	2060000	9
NC_003197.2	2060000	2061000	3
NC_003197.2	2061000	2062000	9
NC_003197.2	2062000	2063000	3
NC_003197.2	2063000	2064000	7
NC_003197.2	2064000	2065000	8
NC_003197.2	2065000	2066000	6
NC_003197.2	2066000	2067000	9
NC_003197.2	2067000	2068000	8
NC_003197.2	2068000	2069000	17
NC_003197.2	2069000	2070000	5
NC_003197.2	2070000	2071000	3
NC_003197.2	2071000	2072000	8
NC_003197.2	2072000	2073000	6
NC_003197.2	2073000	2074000	5
NC_003197.2	2074000	2075000	6
NC_003197.2	2075000	2076000	6
NC_003197.2	2076000	2077000	7
NC_003197.2	2077000	2078000	4
NC_003197.2	2078000	2079000	3
NC_003197.2	2079000	2080000	6
NC_003197.2	2080000	2081000	3
NC_003197.2	2081000	2082000	11
NC_003197.2	2082000	2083000	6
NC_003197.2	2083000	2084000	7
NC_003197.2	2084000	2085000	7
NC_003197.2	2085000	2086000	4
NC_003197.2	2086000	2087000	5
NC_003197.2	2087000	2088000	3
NC_003197.2	2088000	2089000	6
NC_003197.2	2089000	2090000	3
NC_003197.2	2090000	2091000	3
NC_003197.2	2091000	2092000	3
NC_003197.2	2092000	2093000	9
NC_003197.2	2093000	2094000	4
NC_003197.2	2094000	2095000	6
NC_003197.2	2095000	2096000	6
NC_003197.2	2096000	2097000	6
NC_003197.2	2097000	2098000	6
NC_003197.2	2098000	2099000	6
NC_003197.2	2099000	2100000	9
NC_003197.2	2100000	2101000	3
NC_003197.2	2101000	2102000	6
NC_003197.2	2102000	2103000	12
NC_003197.2	2103000	2104000	6
NC_003197.2	2104000	2105000	6
NC_003197.2	2105000	2106000	8
NC_003197.2	2106000	2107000	8
NC_003197.2	2107000	2108000	6
NC_003197.2	2108000	2109000	6
NC_003197.2	2109000	2110000	9
NC_003197.2	2110000	2111000	6
NC_003197.2	2111000	2112000	6
NC_003197.2	2112000	2113000	6
NC_003197.2	2113000	2114000	4
NC_003197.2	2114000	2115000	3
NC_003197.2	2115000	2116000	6
NC_003197.2	2116000	2117000	7
NC_003197.2	2117000	2118000	9
NC_003197.2	2118000	2119000	3
NC_003197.2	2119000	2120000	6
NC_003197.2	2120000	2121000	9
NC_003197.2	2121000	2122000	3
NC_003197.2	2122000	2123000	6
NC_003197.2	2123000	2124000	11
NC_003197.2	2124000	2125000	9
NC_003197.2	2125000	2126000	6
NC_003197.2	2126000	2127000	6
NC_003197.2	2127000	2128000	6
NC_003197.2	2128000	2129000	6
NC_003197.2	2129000	2130000	3
NC_003197.2	2130000	2131000	11
NC_003197.2	2131000	2132000	7
NC_003197.2	2132000	2133000	5
NC_003197.2	2133000	2134000	6
NC_003197.2	2134000	2135000	3
NC_003197.2	2135000	2136000	7
NC_003197.2	2136000	2137000	3
NC_003197.2	2137000	2138000	6
NC_003197.2	2138000	2139000	9
NC_003197.2	2139000	2140000	3
NC_003197.2	2140000	2141000	4
NC_003197.2	2141000	2142000	4
NC_003197.2	2142000	2143000	3
NC_003197.2	2143000	2144000	3
NC_003197.2	2144000	2145000	4
NC_003197.2	2145000	2146000	5
NC_003197.2	2146000	2147000	3
NC_003197.2	2147000	2148000	6
NC_003197.2	2148000	2149000	6
NC_003197.2	2149000	2150000	7
NC_003197.2	2150000	2151000	6
NC_003197.2	2151000	2152000	6
NC_003197.2	2152000	2153000	6
NC_003197.2	2153000	2154000	3
NC_003197.2	2154000	2155000	9
NC_003197.2	2155000	2156000	6
NC_003197.2	2156000	2157000	8
NC_003197.2	2157000	2158000	6
NC_003197.2	2158000	2159000	3
NC_003197.2	2159000	2160000	5
NC_003197.2	2160000	2161000	6
NC_003197.2	2161000	2162000	3
NC_003197.2	2162000	2163000	6
NC_003197.2	2163000	2164000	6
NC_003197.2	2164000	2165000	3
NC_003197.2	2165000	2166000	6
NC_003197.2	2166000	2167000	6
NC_003197.2	2167000	2168000	6
NC_003197.2	2168000	2169000	6
NC_003197.2	2169000	2170000	5
NC_003197.2	2170000	2171000	6
NC_003197.2	2171000	2172000	3
NC_003197.2	2172000	2173000	6
NC_003197.2	2173000	2174000	6
NC_003197.2	2174000	2175000	6
NC_003197.2	2175000	2176000	8
NC_003197.2	2176000	2177000	6
NC_003197.2	2177000	2178000	6
NC_003197.2	2178000	2179000	6
NC_003197.2	2179000	2180000	4
NC_003197.2	2180000	2181000	3
NC_003197.2	2181000	2182000	6
NC_003197.2	2182000	2183000	6
NC_003197.2	2183000	2184000	6
NC_003197.2	2184000	2185000	3
NC_003197.2	2185000	2186000	6
NC_003197.2	2186000	2187000	4
NC_003197.2	2187000	2188000	3
NC_003197.2	2188000	2189000	6
NC_003197.2	2189000	2190000	6
NC_003197.2	2190000	2191000	3
NC_003197.2	2191000	2192000	9
NC_003197.2	2192000	2193000	6
NC_003197.2	2193000	2194000	6
NC_003197.2	2194000	2195000	6
NC_003197.2	2195000	2196000	6
NC_003197.2	2196000	2197000	6
NC_003197.2	2197000	2198000	9
NC_003197.2	2198000	2199000	6
NC_003197.2	2199000	2200000	3
NC_003197.2	2200000	2201000	3
NC_003197.2	2201000	2202000	9
NC_003197.2	2202000	2203000	5
NC_003197.2	2203000	2204000	4
NC_003197.2	2204000	2205000	5
NC_003197.2	2205000	2206000	3
NC_003197.2	2206000	2207000	6
NC_003197.2	2207000	2208000	6
NC_003197.2	2208000	2209000	7
NC_003197.2	2209000	2210000	3
NC_003197.2	2210000	2211000	3
NC_003197.2	2211000	2212000	5
NC_003197.2	2212000	2213000	10
NC_003197.2	2213000	2214000	3
NC_003197.2	2214000	2215000	4
NC_003197.2	2215000	2216000	6
NC_003197.2	2216000	2217000	3
NC_003197.2	2217000	2218000	3
NC_003197.2	2218000	2219000	6
NC_003197.2	2219000	2220000	3
NC_003197.2	2220000	2221000	3
NC_003197.2	2221000	2222000	6
NC_003197.2	2222000	2223000	3
NC_003197.2	2223000	2224000	6
NC_003197.2	2224000	2225000	6
NC_003197.2	2225000	2226000	7
NC_003197.2	2226000	2227000	6
NC_003197.2	2227000	2228000	6
NC_003197.2	2228000	2229000	3
NC_003197.2	2229000	2230000	6
NC_003197.2	2230000	2231000	3
NC_003197.2	2231000	2232000	5
NC_003197.2	2232000	2233000	6
NC_003197.2	2233000	2234000	6
NC_003197.2	2234000	2235000	6
NC_003197.2	2235000	2236000	3
NC_003197.2	2236000	2237000	7
NC_003197.2	2237000	2238000	6
NC_003197.2	2238000	2239000	6
NC_003197.2	2239000	2240000	5
NC_003197.2	2240000	2241000	6
NC_003197.2	2241000	2242000	7
NC_003197.2	2242000	2243000	6
NC_003197.2	2243000	2244000	6
NC_003197.2	2244000	2245000	3
NC_003197.2	2245000	2246000	3
NC_003197.2	2246000	2247000	6
NC_003197.2	2247000	2248000	9
NC_003197.2	2248000	2249000	6
NC_003197.2	2249000	2250000	7
NC_003197.2	2250000	2251000	3
NC_003197.2	2251000	2252000	5
NC_003197.2	2252000	2253000	6
NC_003197.2	2253000	2254000	8
NC_003197.2	2254000	2255000	6
NC_003197.2	2255000	2256000	3
NC_003197.2	2256000	2257000	7
NC_003197.2	2257000	2258000	11
NC_003197.2	2258000	2259000	6
NC_003197.2	2259000	2260000	3
NC_003197.2	2260000	2261000	7
NC_003197.2	2261000	2262000	5
NC_003197.2	2262000	2263000	3
NC_003197.2	2263000	2264000	7
NC_003197.2	2264000	2265000	3
NC_003197.2	2265000	2266000	5
NC_003197.2	2266000	2267000	6
NC_003197.2	2267000	2268000	7
NC_003197.2	2268000	2269000	6
NC_003197.2	2269000	2270000	3
NC_003197.2	2270000	2271000	8
NC_003197.2	2271000	2272000	6
NC_003197.2	2272000	2273000	6
NC_003197.2	2273000	2274000	6
NC_003197.2	2274000	2275000	6
NC_003197.2	2275000	2276000	6
NC_003197.2	2276000	2277000	7
NC_003197.2	2277000	2278000	6
NC_003197.2	2278000	2279000	6
NC_003197.2	2279000	2280000	6
NC_003197.2	2280000	2281000	9
NC_003197.2	2281000	2282000	6
NC_003197.2	2282000	2283000	6
NC_003197.2	2283000	2284000	5
NC_003197.2	2284000	2285000	6
NC_003197.2	2285000	2286000	3
NC_003197.2	2286000	2287000	6
NC_003197.2	2287000	2288000	7
NC_003197.2	2288000	2289000	3
NC_003197.2	2289000	2290000	11
NC_003197.2	2290000	2291000	6
NC_003197.2	2291000	2292000	7
NC_003197.2	2292000	2293000	8
NC_003197.2	2293000	2294000	3
NC_003197.2	2294000	2295000	7
NC_003197.2	2295000	2296000	6
NC_003197.2	2296000	2297000	5
NC_003197.2	2297000	2298000	3
NC_003197.2	2298000	2299000	8
NC_003197.2	2299000	2300000	3
NC_003197.2	2300000	2301000	6
NC_003197.2	2301000	2302000	7
NC_003197.2	2302000	2303000	9
NC_003197.2	2303000	2304000	5
NC_003197.2	2304000	2305000	3
NC_003197.2	2305000	2306000	6
NC_003197.2	2306000	2307000	6
NC_003197.2	2307000	2308000	6
NC_003197.2	2308000	2309000	5
NC_003197.2	2309000	2310000	6
NC_003197.2	2310000	2311000	4
NC_003197.2	2311000	2312000	6
NC_003197.2	2312000	2313000	6
NC_003197.2	2313000	2314000	6
NC_003197.2	2314000	2315000	6
NC_003197.2	2315000	2316000	3
NC_003197.2	2316000	2317000	6
NC_003197.2	2317000	2318000	3
NC_003197.2	2318000	2319000	6
NC_003197.2	2319000	2320000	6
NC_003197.2	2320000	2321000	6
NC_003197.2	2321000	2322000	5
NC_003197.2	2322000	2323000	6
NC_003197.2	2323000	2324000	6
NC_003197.2	2324000	2325000	6
NC_003197.2	2325000	2326000	3
NC_003197.2	2326000	2327000	8
NC_003197.2	2327000	2328000	6
NC_003197.2	2328000	2329000	10
NC_003197.2	2329000	2330000	3
NC_003197.2	2330000	2331000	8
NC_003197.2	2331000	2332000	6
NC_003197.2	2332000	2333000	4
NC_003197.2	2333000	2334000	3
NC_003197.2	2334000	2335000	6
NC_003197.2	2335000	2336000	6
NC_003197.2	2336000	2337000	6
NC_003197.2	2337000	2338000	10
NC_003197.2	2338000	2339000	3
NC_003197.2	2339000	2340000	8
NC_003197.2	2340000	2341000	6
NC_003197.2	2341000	2342000	3
NC_003197.2	2342000	2343000	3
NC_003197.2	2343000	2344000	9
NC_003197.2	2344000	2345000	4
NC_003197.2	2345000	2346000	7
NC_003197.2	2346000	2347000	4
NC_003197.2	2347000	2348000	5
NC_003197.2	2348000	2349000	9
NC_003197.2	2349000	2350000	5
NC_003197.2	2350000	2351000	6
NC_003197.2	2351000	2352000	9
NC_003197.2	2352000	2353000	6
NC_003197.2	2353000	2354000	9
NC_003197.2	2354000	2355000	8
NC_003197.2	2355000	2356000	6
NC_003197.2	2356000	2357000	6
NC_003197.2	2357000	2358000	3
NC_003197.2	2358000	2359000	6
NC_003197.2	2359000	2360000	7
NC_003197.2	2360000	2361000	5
NC_003197.2	2361000	2362000	3
NC_003197.2	2362000	2363000	6
NC_003197.2	2363000	2364000	8
NC_003197.2	2364000	2365000	9
NC_003197.2	2365000	2366000	6
NC_003197.2	2366000	2367000	14
NC_003197.2	2367000	2368000	8
NC_003197.2	2368000	2369000	3
NC_003197.2	2369000	2370000	6
NC_003197.2	2370000	2371000	5
NC_003197.2	2371000	2372000	3
NC_003197.2	2372000	2373000	3
NC_003197.2	2373000	2374000	6
NC_003197.2	2374000	2375000	3
NC_003197.2	2375000	2376000	3
NC_003197.2	2376000	2377000	11
NC_003197.2	2377000	2378000	6
NC_003197.2	2378000	2379000	3
NC_003197.2	2379000	2380000	7
NC_003197.2	2380000	2381000	8
NC_003197.2	2381000	2382000	11
NC_003197.2	2382000	2383000	3
NC_003197.2	2383000	2384000	6
NC_003197.2	2384000	2385000	5
NC_003197.2	2385000	2386000	5
NC_003197.2	2386000	2387000	7
NC_003197.2	2387000	2388000	5
NC_003197.2	2388000	2389000	6
NC_003197.2	2389000	2390000	4
NC_003197.2	2390000	2391000	22
NC_003197.2	2391000	2392000	6
NC_003197.2	2392000	2393000	3
NC_003197.2	2393000	2394000	6
NC_003197.2	2394000	2395000	6
NC_003197.2	2395000	2396000	5
NC_003197.2	2396000	2397000	9
NC_003197.2	2397000	2398000	3
NC_003197.2	2398000	2399000	6
NC_003197.2	2399000	2400000	5
NC_003197.2	2400000	2401000	6
NC_003197.2	2401000	2402000	6
NC_003197.2	2402000	2403000	6
NC_003197.2	2403000	2404000	9
NC_003197.2	2404000	2405000	3
NC_003197.2	2405000	2406000	6
NC_003197.2	2406000	2407000	6
NC_003197.2	2407000	2408000	3
NC_003197.2	2408000	2409000	9
NC_003197.2	2409000	2410000	3
NC_003197.2	2410000	2411000	8
NC_003197.2	2411000	2412000	8
NC_003197.2	2412000	2413000	3
NC_003197.2	2413000	2414000	8
NC_003197.2	2414000	2415000	8
NC_003197.2	2415000	2416000	6
NC_003197.2	2416000	2417000	3
NC_003197.2	2417000	2418000	6
NC_003197.2	2418000	2419000	6
NC_003197.2	2419000	2420000	10
NC_003197.2	2420000	2421000	6
NC_003197.2	2421000	2422000	5
NC_003197.2	2422000	2423000	3
NC_003197.2	2423000	2424000	4
NC_003197.2	2424000	2425000	3
NC_003197.2	2425000	2426000	6
NC_003197.2	2426000	2427000	3
NC_003197.2	2427000	2428000	6
NC_003197.2	2428000	2429000	3
NC_003197.2	2429000	2430000	9
NC_003197.2	2430000	2431000	9
NC_003197.2	2431000	2432000	6
NC_003197.2	2432000	2433000	3
NC_003197.2	2433000	2434000	3
NC_003197.2	2434000	2435000	6
NC_003197.2	2435000	2436000	6
NC_003197.2	2436000	2437000	8
NC_003197.2	2437000	2438000	3
NC_003197.2	2438000	2439000	6
NC_003197.2	2439000	2440000	14
NC_003197.2	2440000	2441000	6
NC_003197.2	2441000	2442000	7
NC_003197.2	2442000	2443000	3
NC_003197.2	2443000	2444000	8
NC_003197.2	2444000	2445000	3
NC_003197.2	2445000	2446000	6
NC_003197.2	2446000	2447000	5
NC_003197.2	2447000	2448000	10
NC_003197.2	2448000	2449000	3
NC_003197.2	2449000	2450000	6
NC_003197.2	2450000	2451000	3
NC_003197.2	2451000	2452000	6
NC_003197.2	2452000	2453000	3
NC_003197.2	2453000	2454000	5
NC_003197.2	2454000	2455000	9
NC_003197.2	2455000	2456000	3
NC_003197.2	2456000	2457000	9
NC_003197.2	2457000	2458000	7
NC_003197.2	2458000	2459000	6
NC_003197.2	2459000	2460000	6
NC_003197.2	2460000	2461000	7
NC_003197.2	2461000	2462000	6
NC_003197.2	2462000	2463000	7
NC_003197.2	2463000	2464000	6
NC_003197.2	2464000	2465000	6
NC_003197.2	2465000	2466000	6
NC_003197.2	2466000	2467000	6
NC_003197.2	2467000	2468000	6
NC_003197.2	2468000	2469000	6
NC_003197.2	2469000	2470000	6
NC_003197.2	2470000	2471000	3
NC_003197.2	2471000	2472000	6
NC_003197.2	2472000	2473000	7
NC_003197.2	2473000	2474000	3
NC_003197.2	2474000	2475000	5
NC_003197.2	2475000	2476000	6
NC_003197.2	2476000	2477000	9
NC_003197.2	2477000	2478000	6
NC_003197.2	2478000	2479000	6
NC_003197.2	2479000	2480000	8
NC_003197.2	2480000	2481000	6
NC_003197.2	2481000	2482000	6
NC_003197.2	2482000	2483000	6
NC_003197.2	2483000	2484000	7
NC_003197.2	2484000	2485000	5
NC_003197.2	2485000	2486000	6
NC_003197.2	2486000	2487000	10
NC_003197.2	2487000	2488000	8
NC_003197.2	2488000	2489000	6
NC_003197.2	2489000	2490000	7
NC_003197.2	2490000	2491000	3
NC_003197.2	2491000	2492000	3
NC_003197.2	2492000	2493000	9
NC_003197.2	2493000	2494000	6
NC_003197.2	2494000	2495000	6
NC_003197.2	2495000	2496000	6
NC_003197.2	2496000	2497000	7
NC_003197.2	2497000	2498000	6
NC_003197.2	2498000	2499000	3
NC_003197.2	2499000	2500000	3
NC_003197.2	2500000	2501000	6
NC_003197.2	2501000	2502000	6
NC_003197.2	2502000	2503000	16
NC_003197.2	2503000	2504000	5
NC_003197.2	2504000	2505000	7
NC_003197.2	2505000	2506000	6
NC_003197.2	2506000	2507000	3
NC_003197.2	2507000	2508000	5
NC_003197.2	2508000	2509000	6
NC_003197.2	2509000	2510000	3
NC_003197.2	2510000	2511000	6
NC_003197.2	2511000	2512000	4
NC_003197.2	2512000	2513000	4
NC_003197.2	2513000	2514000	5
NC_003197.2	2514000	2515000	7
NC_003197.2	2515000	2516000	3
NC_003197.2	2516000	2517000	3
NC_003197.2	2517000	2518000	6
NC_003197.2	2518000	2519000	4
NC_003197.2	2519000	2520000	4
NC_003197.2	2520000	2521000	5
NC_003197.2	2521000	2522000	3
NC_003197.2	2522000	2523000	7
NC_003197.2	2523000	2524000	8
NC_003197.2	2524000	2525000	4
NC_003197.2	2525000	2526000	8
NC_003197.2	2526000	2527000	5
NC_003197.2	2527000	2528000	3
NC_003197.2	2528000	2529000	6
NC_003197.2	2529000	2530000	12
NC_003197.2	2530000	2531000	5
NC_003197.2	2531000	2532000	10
NC_003197.2	2532000	2533000	12
NC_003197.2	2533000	2534000	8
NC_003197.2	2534000	2535000	6
NC_003197.2	2535000	2536000	9
NC_003197.2	2536000	2537000	5
NC_003197.2	2537000	2538000	6
NC_003197.2	2538000	2539000	5
NC_003197.2	2539000	2540000	5
NC_003197.2	2540000	2541000	3
NC_003197.2	2541000	2542000	6
NC_003197.2	2542000	2543000	7
NC_003197.2	2543000	2544000	8
NC_003197.2	2544000	2545000	14
NC_003197.2	2545000	2546000	3
NC_003197.2	2546000	2547000	6
NC_003197.2	2547000	2548000	8
NC_003197.2	2548000	2549000	7
NC_003197.2	2549000	2550000	6
NC_003197.2	2550000	2551000	9
NC_003197.2	2551000	2552000	5
NC_003197.2	2552000	2553000	6
NC_003197.2	2553000	2554000	6
NC_003197.2	2554000	2555000	6
NC_003197.2	2555000	2556000	6
NC_003197.2	2556000	2557000	8
NC_003197.2	2557000	2558000	6
NC_003197.2	2558000	2559000	6
NC_003197.2	2559000	2560000	8
NC_003197.2	2560000	2561000	6
NC_003197.2	2561000	2562000	6
NC_003197.2	2562000	2563000	8
NC_003197.2	2563000	2564000	3
NC_003197.2	2564000	2565000	3
NC_003197.2	2565000	2566000	9
NC_003197.2	2566000	2567000	6
NC_003197.2	2567000	2568000	6
NC_003197.2	2568000	2569000	6
NC_003197.2	2569000	2570000	3
NC_003197.2	2570000	2571000	6
NC_003197.2	2571000	2572000	6
NC_003197.2	2572000	2573000	6
NC_003197.2	2573000	2574000	6
NC_003197.2	2574000	2575000	6
NC_003197.2	2575000	2576000	8
NC_003197.2	2576000	2577000	6
NC_003197.2	2577000	2578000	6
NC_003197.2	2578000	2579000	10
NC_003197.2	2579000	2580000	7
NC_003197.2	2580000	2581000	3
NC_003197.2	2581000	2582000	3
NC_003197.2	2582000	2583000	7
NC_003197.2	2583000	2584000	6
NC_003197.2	2584000	2585000	3
NC_003197.2	2585000	2586000	8
NC_003197.2	2586000	2587000	4
NC_003197.2	2587000	2588000	7
NC_003197.2	2588000	2589000	3
NC_003197.2	2589000	2590000	5
NC_003197.2	2590000	2591000	3
NC_003197.2	2591000	2592000	7
NC_003197.2	2592000	2593000	3
NC_003197.2	2593000	2594000	6
NC_003197.2	2594000	2595000	3
NC_003197.2	2595000	2596000	3
NC_003197.2	2596000	2597000	3
NC_003197.2	2597000	2598000	7
NC_003197.2	2598000	2599000	6
NC_003197.2	2599000	2600000	5
NC_003197.2	2600000	2601000	3
NC_003197.2	2601000	2602000	7
NC_003197.2	2602000	2603000	9
NC_003197.2	2603000	2604000	3
NC_003197.2	2604000	2605000	9
NC_003197.2	2605000	2606000	6
NC_003197.2	2606000	2607000	7
NC_003197.2	2607000	2608000	7
NC_003197.2	2608000	2609000	3
NC_003197.2	2609000	2610000	8
NC_003197.2	2610000	2611000	5
NC_003197.2	2611000	2612000	4
NC_003197.2	2612000	2613000	7
NC_003197.2	2613000	2614000	7
NC_003197.2	2614000	2615000	9
NC_003197.2	2615000	2616000	3
NC_003197.2	2616000	2617000	3
NC_003197.2	2617000	2618000	5
NC_003197.2	2618000	2619000	5
NC_003197.2	2619000	2620000	3
NC_003197.2	2620000	2621000	5
NC_003197.2	2621000	2622000	13
NC_003197.2	2622000	2623000	8
NC_003197.2	2623000	2624000	3
NC_003197.2	2624000	2625000	6
NC_003197.2	2625000	2626000	6
NC_003197.2	2626000	2627000	6
NC_003197.2	2627000	2628000	5
NC_003197.2	2628000	2629000	3
NC_003197.2	2629000	2630000	3
NC_003197.2	2630000	2631000	3
NC_003197.2	2631000	2632000	3
NC_003197.2	2632000	2633000	3
NC_003197.2	2633000	2634000	4
NC_003197.2	2634000	2635000	3
NC_003197.2	2635000	2636000	3
NC_003197.2	2636000	2637000	3
NC_003197.2	2637000	2638000	3
NC_003197.2	2638000	2639000	3
NC_003197.2	2639000	2640000	3
NC_003197.2	2640000	2641000	3
NC_003197.2	2641000	2642000	6
NC_003197.2	2642000	2643000	3
NC_003197.2	2643000	2644000	3
NC_003197.2	2644000	2645000	3
NC_003197.2	2645000	2646000	3
NC_003197.2	2646000	2647000	3
NC_003197.2	2647000	2648000	6
NC_003197.2	2648000	2649000	6
NC_003197.2	2649000	2650000	3
NC_003197.2	2650000	2651000	4
NC_003197.2	2651000	2652000	6
NC_003197.2	2652000	2653000	4
NC_003197.2	2653000	2654000	3
NC_003197.2	2654000	2655000	9
NC_003197.2	2655000	2656000	3
NC_003197.2	2656000	2657000	6
NC_003197.2	2657000	2658000	6
NC_003197.2	2658000	2659000	5
NC_003197.2	2659000	2660000	4
NC_003197.2	2660000	2661000	6
NC_003197.2	2661000	2662000	5
NC_003197.2	2662000	2663000	9
NC_003197.2	2663000	2664000	3
NC_003197.2	2664000	2665000	3
NC_003197.2	2665000	2666000	5
NC_003197.2	2666000	2667000	3
NC_003197.2	2667000	2668000	5
NC_003197.2	2668000	2669000	3
NC_003197.2	2669000	2670000	3
NC_003197.2	2670000	2671000	3
NC_003197.2	2671000	2672000	3
NC_003197.2	2672000	2673000	7
NC_003197.2	2673000	2674000	6
NC_003197.2	2674000	2675000	3
NC_003197.2	2675000	2676000	3
NC_003197.2	2676000	2677000	5
NC_003197.2	2677000	2678000	9
NC_003197.2	2678000	2679000	6
NC_003197.2	2679000	2680000	3
NC_003197.2	2680000	2681000	11
NC_003197.2	2681000	2682000	9
NC_003197.2	2682000	2683000	6
NC_003197.2	2683000	2684000	6
NC_003197.2	2684000	2685000	7
NC_003197.2	2685000	2686000	6
NC_003197.2	2686000	2687000	6
NC_003197.2	2687000	2688000	6
NC_003197.2	2688000	2689000	6
NC_003197.2	2689000	2690000	5
NC_003197.2	2690000	2691000	7
NC_003197.2	2691000	2692000	4
NC_003197.2	2692000	2693000	5
NC_003197.2	2693000	2694000	6
NC_003197.2	2694000	2695000	4
NC_003197.2	2695000	2696000	9
NC_003197.2	2696000	2697000	8
NC_003197.2	2697000	2698000	3
NC_003197.2	2698000	2699000	8
NC_003197.2	2699000	2700000	6
NC_003197.2	2700000	2701000	3
NC_003197.2	2701000	2702000	3
NC_003197.2	2702000	2703000	6
NC_003197.2	2703000	2704000	5
NC_003197.2	2704000	2705000	8
NC_003197.2	2705000	2706000	6
NC_003197.2	2706000	2707000	5
NC_003197.2	2707000	2708000	3
NC_003197.2	2708000	2709000	3
NC_003197.2	2709000	2710000	3
NC_003197.2	2710000	2711000	3
NC_003197.2	2711000	2712000	3
NC_003197.2	2712000	2713000	12
NC_003197.2	2713000	2714000	5
NC_003197.2	2714000	2715000	5
NC_003197.2	2715000	2716000	6
NC_003197.2	2716000	2717000	6
NC_003197.2	2717000	2718000	7
NC_003197.2	2718000	2719000	5
NC_003197.2	2719000	2720000	6
NC_003197.2	2720000	2721000	6
NC_003197.2	2721000	2722000	6
NC_003197.2	2722000	2723000	6
NC_003197.2	2723000	2724000	8
NC_003197.2	2724000	2725000	6
NC_003197.2	2725000	2726000	6
NC_003197.2	2726000	2727000	6
NC_003197.2	2727000	2728000	3
NC_003197.2	2728000	2729000	6
NC_003197.2	2729000	2730000	3
NC_003197.2	2730000	2731000	3
NC_003197.2	2731000	2732000	4
NC_003197.2	2732000	2733000	1
NC_003197.2	2733000	2734000	8
NC_003197.2	2734000	2735000	6
NC_003197.2	2735000	2736000	3
NC_003197.2	2736000	2737000	3
NC_003197.2	2737000	2738000	6
NC_003197.2	2738000	2739000	3
NC_003197.2	2739000	2740000	3
NC_003197.2	2740000	2741000	6
NC_003197.2	2741000	2742000	6
NC_003197.2	2742000	2743000	9
NC_003197.2	2743000	2744000	6
NC_003197.2	2744000	2745000	3
NC_003197.2	2745000	2746000	3
NC_003197.2	2746000	2747000	10
NC_003197.2	2747000	2748000	6
NC_003197.2	2748000	2749000	7
NC_003197.2	2749000	2750000	5
NC_003197.2	2750000	2751000	12
NC_003197.2	2751000	2752000	6
NC_003197.2	2752000	2753000	6
NC_003197.2	2753000	2754000	6
NC_003197.2	2754000	2755000	3
NC_003197.2	2755000	2756000	9
NC_003197.2	2756000	2757000	3
NC_003197.2	2757000	2758000	6
NC_003197.2	2758000	2759000	9
NC_003197.2	2759000	2760000	9
NC_003197.2	2760000	2761000	7
NC_003197.2	2761000	2762000	6
NC_003197.2	2762000	2763000	6
NC_003197.2	2763000	2764000	9
NC_003197.2	2764000	2765000	6
NC_003197.2	2765000	2766000	7
NC_003197.2	2766000	2767000	8
NC_003197.2	2767000	2768000	9
NC_003197.2	2768000	2769000	6
NC_003197.2	2769000	2770000	6
NC_003197.2	2770000	2771000	13
NC_003197.2	2771000	2772000	3
NC_003197.2	2772000	2773000	3
NC_003197.2	2773000	2774000	6
NC_003197.2	2774000	2775000	3
NC_003197.2	2775000	2776000	11
NC_003197.2	2776000	2777000	4
NC_003197.2	2777000	2778000	6
NC_003197.2	2778000	2779000	6
NC_003197.2	2779000	2780000	6
NC_003197.2	2780000	2781000	6
NC_003197.2	2781000	2782000	3
NC_003197.2	2782000	2783000	9
NC_003197.2	2783000	2784000	3
NC_003197.2	2784000	2785000	5
NC_003197.2	2785000	2786000	9
NC_003197.2	2786000	2787000	7
NC_003197.2	2787000	2788000	5
NC_003197.2	2788000	2789000	7
NC_003197.2	2789000	2790000	8
NC_003197.2	2790000	2791000	3
NC_003197.2	2791000	2792000	3
NC_003197.2	2792000	2793000	6
NC_003197.2	2793000	2794000	3
NC_003197.2	2794000	2795000	8
NC_003197.2	2795000	2796000	6
NC_003197.2	2796000	2797000	10
NC_003197.2	2797000	2798000	4
NC_003197.2	2798000	2799000	4
NC_003197.2	2799000	2800000	7
NC_003197.2	2800000	2801000	7
NC_003197.2	2801000	2802000	4
NC_003197.2	2802000	2803000	3
NC_003197.2	2803000	2804000	3
NC_003197.2	2804000	2805000	6
NC_003197.2	2805000	2806000	6
NC_003197.2	2806000	2807000	7
NC_003197.2	2807000	2808000	7
NC_003197.2	2808000	2809000	9
NC_003197.2	2809000	2810000	5
NC_003197.2	2810000	2811000	6
NC_003197.2	2811000	2812000	6
NC_003197.2	2812000	2813000	12
NC_003197.2	2813000	2814000	6
NC_003197.2	2814000	2815000	5
NC_003197.2	2815000	2816000	6
NC_003197.2	2816000	2817000	10
NC_003197.2	2817000	2818000	3
NC_003197.2	2818000	2819000	6
NC_003197.2	2819000	2820000	5
NC_003197.2	2820000	2821000	6
NC_003197.2	2821000	2822000	5
NC_003197.2	2822000	2823000	10
NC_003197.2	2823000	2824000	6
NC_003197.2	2824000	2825000	3
NC_003197.2	2825000	2826000	9
NC_003197.2	2826000	2827000	6
NC_003197.2	2827000	2828000	2
NC_003197.2	2828000	2829000	2
NC_003197.2	2829000	2830000	2
NC_003197.2	2830000	2831000	2
NC_003197.2	2831000	2832000	2
NC_003197.2	2832000	2833000	2
NC_003197.2	2833000	2834000	2
NC_003197.2	2834000	2835000	2
NC_003197.2	2835000	2836000	2
NC_003197.2	2836000	2837000	2
NC_003197.2	2837000	2838000	2
NC_003197.2	2838000	2839000	2
NC_003197.2	2839000	2840000	5
NC_003197.2	2840000	2841000	6
NC_003197.2	2841000	2842000	3
NC_003197.2	2842000	2843000	5
NC_003197.2	2843000	2844000	3
NC_003197.2	2844000	2845000	10
NC_003197.2	2845000	2846000	6
NC_003197.2	2846000	2847000	6
NC_003197.2	2847000	2848000	3
NC_003197.2	2848000	2849000	3
NC_003197.2	2849000	2850000	12
NC_003197.2	2850000	2851000	6
NC_003197.2	2851000	2852000	10
NC_003197.2	2852000	2853000	5
NC_003197.2	2853000	2854000	8
NC_003197.2	2854000	2855000	6
NC_003197.2	2855000	2856000	5
NC_003197.2	2856000	2857000	6
NC_003197.2	2857000	2858000	10
NC_003197.2	2858000	2859000	11
NC_003197.2	2859000	2860000	9
NC_003197.2	2860000	2861000	12
NC_003197.2	2861000	2862000	9
NC_003197.2	2862000	2863000	3
NC_003197.2	2863000	2864000	7
NC_003197.2	2864000	2865000	4
NC_003197.2	2865000	2866000	6
NC_003197.2	2866000	2867000	5
NC_003197.2	2867000	2868000	3
NC_003197.2	2868000	2869000	6
NC_003197.2	2869000	2870000	9
NC_003197.2	2870000	2871000	6
NC_003197.2	2871000	2872000	3
NC_003197.2	2872000	2873000	6
NC_003197.2	2873000	2874000	9
NC_003197.2	2874000	2875000	10
NC_003197.2	2875000	2876000	11
NC_003197.2	2876000	2877000	9
NC_003197.2	2877000	2878000	3
NC_003197.2	2878000	2879000	4
NC_003197.2	2879000	2880000	6
NC_003197.2	2880000	2881000	5
NC_003197.2	2881000	2882000	5
NC_003197.2	2882000	2883000	3
NC_003197.2	2883000	2884000	6
NC_003197.2	2884000	2885000	3
NC_003197.2	2885000	2886000	3
NC_003197.2	2886000	2887000	4
NC_003197.2	2887000	2888000	6
NC_003197.2	2888000	2889000	9
NC_003197.2	2889000	2890000	9
NC_003197.2	2890000	2891000	6
NC_003197.2	2891000	2892000	6
NC_003197.2	2892000	2893000	5
NC_003197.2	2893000	2894000	5
NC_003197.2	2894000	2895000	9
NC_003197.2	2895000	2896000	6
NC_003197.2	2896000	2897000	3
NC_003197.2	2897000	2898000	7
NC_003197.2	2898000	2899000	3
NC_003197.2	2899000	2900000	3
NC_003197.2	2900000	2901000	4
NC_003197.2	2901000	2902000	5
NC_003197.2	2902000	2903000	3
NC_003197.2	2903000	2904000	5
NC_003197.2	2904000	2905000	3
NC_003197.2	2905000	2906000	4
NC_003197.2	2906000	2907000	5
NC_003197.2	2907000	2908000	6
NC_003197.2	2908000	2909000	6
NC_003197.2	2909000	2910000	3
NC_003197.2	2910000	2911000	10
NC_003197.2	2911000	2912000	3
NC_003197.2	2912000	2913000	3
NC_003197.2	2913000	2914000	5
NC_003197.2	2914000	2915000	7
NC_003197.2	2915000	2916000	3
NC_003197.2	2916000	2917000	4
NC_003197.2	2917000	2918000	6
NC_003197.2	2918000	2919000	3
NC_003197.2	2919000	2920000	3
NC_003197.2	2920000	2921000	3
NC_003197.2	2921000	2922000	6
NC_003197.2	2922000	2923000	6
NC_003197.2	2923000	2924000	5
NC_003197.2	2924000	2925000	3
NC_003197.2	2925000	2926000	4
NC_003197.2	2926000	2927000	6
NC_003197.2	2927000	2928000	4
NC_003197.2	2928000	2929000	3
NC_003197.2	2929000	2930000	6
NC_003197.2	2930000	2931000	3
NC_003197.2	2931000	2932000	3
NC_003197.2	2932000	2933000	6
NC_003197.2	2933000	2934000	6
NC_003197.2	2934000	2935000	7
NC_003197.2	2935000	2936000	6
NC_003197.2	2936000	2937000	6
NC_003197.2	2937000	2938000	6
NC_003197.2	2938000	2939000	6
NC_003197.2	2939000	2940000	3
NC_003197.2	2940000	2941000	6
NC_003197.2	2941000	2942000	6
NC_003197.2	2942000	2943000	3
NC_003197.2	2943000	2944000	4
NC_003197.2	2944000	2945000	6
NC_003197.2	2945000	2946000	9
NC_003197.2	2946000	2947000	6
NC_003197.2	2947000	2948000	7
NC_003197.2	2948000	2949000	6
NC_003197.2	2949000	2950000	8
NC_003197.2	2950000	2951000	3
NC_003197.2	2951000	2952000	10
NC_003197.2	2952000	2953000	9
NC_003197.2	2953000	2954000	3
NC_003197.2	2954000	2955000	6
NC_003197.2	2955000	2956000	8
NC_003197.2	2956000	2957000	3
NC_003197.2	2957000	2958000	6
NC_003197.2	2958000	2959000	6
NC_003197.2	2959000	2960000	6
NC_003197.2	2960000	2961000	5
NC_003197.2	2961000	2962000	8
NC_003197.2	2962000	2963000	6
NC_003197.2	2963000	2964000	3
NC_003197.2	2964000	2965000	5
NC_003197.2	2965000	2966000	4
NC_003197.2	2966000	2967000	6
NC_003197.2	2967000	2968000	3
NC_003197.2	2968000	2969000	8
NC_003197.2	2969000	2970000	9
NC_003197.2	2970000	2971000	18
NC_003197.2	2971000	2972000	6
NC_003197.2	2972000	2973000	3
NC_003197.2	2973000	2974000	3
NC_003197.2	2974000	2975000	9
NC_003197.2	2975000	2976000	5
NC_003197.2	2976000	2977000	10
NC_003197.2	2977000	2978000	3
NC_003197.2	2978000	2979000	12
NC_003197.2	2979000	2980000	6
NC_003197.2	2980000	2981000	6
NC_003197.2	2981000	2982000	9
NC_003197.2	2982000	2983000	6
NC_003197.2	2983000	2984000	5
NC_003197.2	2984000	2985000	4
NC_003197.2	2985000	2986000	4
NC_003197.2	2986000	2987000	6
NC_003197.2	2987000	2988000	5
NC_003197.2	2988000	2989000	3
NC_003197.2	2989000	2990000	4
NC_003197.2	2990000	2991000	6
NC_003197.2	2991000	2992000	6
NC_003197.2	2992000	2993000	9
NC_003197.2	2993000	2994000	9
NC_003197.2	2994000	2995000	3
NC_003197.2	2995000	2996000	5
NC_003197.2	2996000	2997000	6
NC_003197.2	2997000	2998000	3
NC_003197.2	2998000	2999000	7
NC_003197.2	2999000	3000000	9
NC_003197.2	3000000	3001000	6
NC_003197.2	3001000	3002000	9
NC_003197.2	3002000	3003000	6
NC_003197.2	3003000	3004000	6
NC_003197.2	3004000	3005000	3
NC_003197.2	3005000	3006000	5
NC_003197.2	3006000	3007000	7
NC_003197.2	3007000	3008000	6
NC_003197.2	3008000	3009000	9
NC_003197.2	3009000	3010000	5
NC_003197.2	3010000	3011000	6
NC_003197.2	3011000	3012000	4
NC_003197.2	3012000	3013000	3
NC_003197.2	3013000	3014000	9
NC_003197.2	3014000	3015000	6
NC_003197.2	3015000	3016000	8
NC_003197.2	3016000	3017000	9
NC_003197.2	3017000	3018000	6
NC_003197.2	3018000	3019000	3
NC_003197.2	3019000	3020000	4
NC_003197.2	3020000	3021000	3
NC_003197.2	3021000	3022000	6
NC_003197.2	3022000	3023000	5
NC_003197.2	3023000	3024000	6
NC_003197.2	3024000	3025000	11
NC_003197.2	3025000	3026000	3
NC_003197.2	3026000	3027000	6
NC_003197.2	3027000	3028000	6
NC_003197.2	3028000	3029000	3
NC_003197.2	3029000	3030000	6
NC_003197.2	3030000	3031000	6
NC_003197.2	3031000	3032000	6
NC_003197.2	3032000	3033000	6
NC_003197.2	3033000	3034000	9
NC_003197.2	3034000	3035000	6
NC_003197.2	3035000	3036000	6
NC_003197.2	3036000	3037000	9
NC_003197.2	3037000	3038000	5
NC_003197.2	3038000	3039000	6
NC_003197.2	3039000	3040000	3
NC_003197.2	3040000	3041000	6
NC_003197.2	3041000	3042000	6
NC_003197.2	3042000	3043000	3
NC_003197.2	3043000	3044000	5
NC_003197.2	3044000	3045000	4
NC_003197.2	3045000	3046000	6
NC_003197.2	3046000	3047000	6
NC_003197.2	3047000	3048000	7
NC_003197.2	3048000	3049000	9
NC_003197.2	3049000	3050000	5
NC_003197.2	3050000	3051000	7
NC_003197.2	3051000	3052000	3
NC_003197.2	3052000	3053000	5
NC_003197.2	3053000	3054000	6
NC_003197.2	3054000	3055000	6
NC_003197.2	3055000	3056000	5
NC_003197.2	3056000	3057000	3
NC_003197.2	3057000	3058000	6
NC_003197.2	3058000	3059000	8
NC_003197.2	3059000	3060000	6
NC_003197.2	3060000	3061000	6
NC_003197.2	3061000	3062000	7
NC_003197.2	3062000	3063000	5
NC_003197.2	3063000	3064000	10
NC_003197.2	3064000	3065000	3
NC_003197.2	3065000	3066000	8
NC_003197.2	3066000	3067000	6
NC_003197.2	3067000	3068000	8
NC_003197.2	3068000	3069000	6
NC_003197.2	3069000	3070000	6
NC_003197.2	3070000	3071000	9
NC_003197.2	3071000	3072000	9
NC_003197.2	3072000	3073000	9
NC_003197.2	3073000	3074000	3
NC_003197.2	3074000	3075000	6
NC_003197.2	3075000	3076000	9
NC_003197.2	3076000	3077000	3
NC_003197.2	3077000	3078000	1
NC_003197.2	3078000	3079000	6
NC_003197.2	3079000	3080000	6
NC_003197.2	3080000	3081000	9
NC_003197.2	3081000	3082000	6
NC_003197.2	3082000	3083000	6
NC_003197.2	3083000	3084000	3
NC_003197.2	3084000	3085000	5
NC_003197.2	3085000	3086000	3
NC_003197.2	3086000	3087000	4
NC_003197.2	3087000	3088000	4
NC_003197.2	3088000	3089000	6
NC_003197.2	3089000	3090000	3
NC_003197.2	3090000	3091000	6
NC_003197.2	3091000	3092000	3
NC_003197.2	3092000	3093000	9
NC_003197.2	3093000	3094000	5
NC_003197.2	3094000	3095000	4
NC_003197.2	3095000	3096000	1
NC_003197.2	3096000	3097000	3
NC_003197.2	3097000	3098000	6
NC_003197.2	3098000	3099000	6
NC_003197.2	3099000	3100000	3
NC_003197.2	3100000	3101000	6
NC_003197.2	3101000	3102000	3
NC_003197.2	3102000	3103000	6
NC_003197.2	3103000	3104000	3
NC_003197.2	3104000	3105000	3
NC_003197.2	3105000	3106000	8
NC_003197.2	3106000	3107000	7
NC_003197.2	3107000	3108000	3
NC_003197.2	3108000	3109000	3
NC_003197.2	3109000	3110000	5
NC_003197.2	3110000	3111000	6
NC_003197.2	3111000	3112000	6
NC_003197.2	3112000	3113000	3
NC_003197.2	3113000	3114000	6
NC_003197.2	3114000	3115000	4
NC_003197.2	3115000	3116000	6
NC_003197.2	3116000	3117000	9
NC_003197.2	3117000	3118000	10
NC_003197.2	3118000	3119000	6
NC_003197.2	3119000	3120000	3
NC_003197.2	3120000	3121000	6
NC_003197.2	3121000	3122000	3
NC_003197.2	3122000	3123000	6
NC_003197.2	3123000	3124000	6
NC_003197.2	3124000	3125000	5
NC_003197.2	3125000	3126000	6
NC_003197.2	3126000	3127000	7
NC_003197.2	3127000	3128000	2
NC_003197.2	3128000	3129000	5
NC_003197.2	3129000	3130000	3
NC_003197.2	3130000	3131000	6
NC_003197.2	3131000	3132000	8
NC_003197.2	3132000	3133000	5
NC_003197.2	3133000	3134000	6
NC_003197.2	3134000	3135000	6
NC_003197.2	3135000	3136000	13
NC_003197.2	3136000	3137000	3
NC_003197.2	3137000	3138000	9
NC_003197.2	3138000	3139000	5
NC_003197.2	3139000	3140000	6
NC_003197.2	3140000	3141000	4
NC_003197.2	3141000	3142000	9
NC_003197.2	3142000	3143000	7
NC_003197.2	3143000	3144000	3
NC_003197.2	3144000	3145000	5
NC_003197.2	3145000	3146000	3
NC_003197.2	3146000	3147000	6
NC_003197.2	3147000	3148000	3
NC_003197.2	3148000	3149000	3
NC_003197.2	3149000	3150000	5
NC_003197.2	3150000	3151000	3
NC_003197.2	3151000	3152000	3
NC_003197.2	3152000	3153000	6
NC_003197.2	3153000	3154000	3
NC_003197.2	3154000	3155000	3
NC_003197.2	3155000	3156000	3
NC_003197.2	3156000	3157000	12
NC_003197.2	3157000	3158000	6
NC_003197.2	3158000	3159000	6
NC_003197.2	3159000	3160000	6
NC_003197.2	3160000	3161000	3
NC_003197.2	3161000	3162000	3
NC_003197.2	3162000	3163000	7
NC_003197.2	3163000	3164000	4
NC_003197.2	3164000	3165000	6
NC_003197.2	3165000	3166000	7
NC_003197.2	3166000	3167000	5
NC_003197.2	3167000	3168000	6
NC_003197.2	3168000	3169000	3
NC_003197.2	3169000	3170000	3
NC_003197.2	3170000	3171000	7
NC_003197.2	3171000	3172000	6
NC_003197.2	3172000	3173000	5
NC_003197.2	3173000	3174000	4
NC_003197.2	3174000	3175000	6
NC_003197.2	3175000	3176000	8
NC_003197.2	3176000	3177000	3
NC_003197.2	3177000	3178000	11
NC_003197.2	3178000	3179000	6
NC_003197.2	3179000	3180000	6
NC_003197.2	3180000	3181000	6
NC_003197.2	3181000	3182000	7
NC_003197.2	3182000	3183000	5
NC_003197.2	3183000	3184000	5
NC_003197.2	3184000	3185000	7
NC_003197.2	3185000	3186000	5
NC_003197.2	3186000	3187000	6
NC_003197.2	3187000	3188000	6
NC_003197.2	3188000	3189000	6
NC_003197.2	3189000	3190000	3
NC_003197.2	3190000	3191000	3
NC_003197.2	3191000	3192000	7
NC_003197.2	3192000	3193000	3
NC_003197.2	3193000	3194000	7
NC_003197.2	3194000	3195000	5
NC_003197.2	3195000	3196000	10
NC_003197.2	3196000	3197000	6
NC_003197.2	3197000	3198000	8
NC_003197.2	3198000	3199000	6
NC_003197.2	3199000	3200000	5
NC_003197.2	3200000	3201000	6
NC_003197.2	3201000	3202000	5
NC_003197.2	3202000	3203000	3
NC_003197.2	3203000	3204000	6
NC_003197.2	3204000	3205000	6
NC_003197.2	3205000	3206000	7
NC_003197.2	3206000	3207000	10
NC_003197.2	3207000	3208000	3
NC_003197.2	3208000	3209000	6
NC_003197.2	3209000	3210000	6
NC_003197.2	3210000	3211000	5
NC_003197.2	3211000	3212000	4
NC_003197.2	3212000	3213000	3
NC_003197.2	3213000	3214000	3
NC_003197.2	3214000	3215000	3
NC_003197.2	3215000	3216000	9
NC_003197.2	3216000	3217000	11
NC_003197.2	3217000	3218000	3
NC_003197.2	3218000	3219000	6
NC_003197.2	3219000	3220000	6
NC_003197.2	3220000	3221000	6
NC_003197.2	3221000	3222000	6
NC_003197.2	3222000	3223000	6
NC_003197.2	3223000	3224000	3
NC_003197.2	3224000	3225000	6
NC_003197.2	3225000	3226000	7
NC_003197.2	3226000	3227000	5
NC_003197.2	3227000	3228000	6
NC_003197.2	3228000	3229000	6
NC_003197.2	3229000	3230000	6
NC_003197.2	3230000	3231000	6
NC_003197.2	3231000	3232000	6
NC_003197.2	3232000	3233000	4
NC_003197.2	3233000	3234000	11
NC_003197.2	3234000	3235000	5
NC_003197.2	3235000	3236000	9
NC_003197.2	3236000	3237000	5
NC_003197.2	3237000	3238000	3
NC_003197.2	3238000	3239000	7
NC_003197.2	3239000	3240000	5
NC_003197.2	3240000	3241000	6
NC_003197.2	3241000	3242000	5
NC_003197.2	3242000	3243000	6
NC_003197.2	3243000	3244000	6
NC_003197.2	3244000	3245000	6
NC_003197.2	3245000	3246000	4
NC_003197.2	3246000	3247000	1
NC_003197.2	3247000	3248000	4
NC_003197.2	3248000	3249000	6
NC_003197.2	3249000	3250000	3
NC_003197.2	3250000	3251000	8
NC_003197.2	3251000	3252000	14
NC_003197.2	3252000	3253000	3
NC_003197.2	3253000	3254000	4
NC_003197.2	3254000	3255000	5
NC_003197.2	3255000	3256000	8
NC_003197.2	3256000	3257000	9
NC_003197.2	3257000	3258000	3
NC_003197.2	3258000	3259000	7
NC_003197.2	3259000	3260000	8
NC_003197.2	3260000	3261000	7
NC_003197.2	3261000	3262000	6
NC_003197.2	3262000	3263000	9
NC_003197.2	3263000	3264000	6
NC_003197.2	3264000	3265000	5
NC_003197.2	3265000	3266000	6
NC_003197.2	3266000	3267000	11
NC_003197.2	3267000	3268000	9
NC_003197.2	3268000	3269000	6
NC_003197.2	3269000	3270000	6
NC_003197.2	3270000	3271000	5
NC_003197.2	3271000	3272000	12
NC_003197.2	3272000	3273000	5
NC_003197.2	3273000	3274000	3
NC_003197.2	3274000	3275000	4
NC_003197.2	3275000	3276000	7
NC_003197.2	3276000	3277000	11
NC_003197.2	3277000	3278000	3
NC_003197.2	3278000	3279000	9
NC_003197.2	3279000	3280000	7
NC_003197.2	3280000	3281000	5
NC_003197.2	3281000	3282000	3
NC_003197.2	3282000	3283000	6
NC_003197.2	3283000	3284000	4
NC_003197.2	3284000	3285000	6
NC_003197.2	3285000	3286000	6
NC_003197.2	3286000	3287000	4
NC_003197.2	3287000	3288000	6
NC_003197.2	3288000	3289000	7
NC_003197.2	3289000	3290000	3
NC_003197.2	3290000	3291000	8
NC_003197.2	3291000	3292000	4
NC_003197.2	3292000	3293000	3
NC_003197.2	3293000	3294000	6
NC_003197.2	3294000	3295000	6
NC_003197.2	3295000	3296000	4
NC_003197.2	3296000	3297000	6
NC_003197.2	3297000	3298000	6
NC_003197.2	3298000	3299000	6
NC_003197.2	3299000	3300000	3
NC_003197.2	3300000	3301000	5
NC_003197.2	3301000	3302000	4
NC_003197.2	3302000	3303000	3
NC_003197.2	3303000	3304000	3
NC_003197.2	3304000	3305000	7
NC_003197.2	3305000	3306000	5
NC_003197.2	3306000	3307000	6
NC_003197.2	3307000	3308000	12
NC_003197.2	3308000	3309000	9
NC_003197.2	3309000	3310000	3
NC_003197.2	3310000	3311000	6
NC_003197.2	3311000	3312000	6
NC_003197.2	3312000	3313000	6
NC_003197.2	3313000	3314000	6
NC_003197.2	3314000	3315000	6
NC_003197.2	3315000	3316000	4
NC_003197.2	3316000	3317000	4
NC_003197.2	3317000	3318000	6
NC_003197.2	3318000	3319000	9
NC_003197.2	3319000	3320000	5
NC_003197.2	3320000	3321000	11
NC_003197.2	3321000	3322000	3
NC_003197.2	3322000	3323000	6
NC_003197.2	3323000	3324000	4
NC_003197.2	3324000	3325000	4
NC_003197.2	3325000	3326000	6
NC_003197.2	3326000	3327000	5
NC_003197.2	3327000	3328000	6
NC_003197.2	3328000	3329000	5
NC_003197.2	3329000	3330000	3
NC_003197.2	3330000	3331000	3
NC_003197.2	3331000	3332000	7
NC_003197.2	3332000	3333000	6
NC_003197.2	3333000	3334000	6
NC_003197.2	3334000	3335000	5
NC_003197.2	3335000	3336000	6
NC_003197.2	3336000	3337000	6
NC_003197.2	3337000	3338000	3
NC_003197.2	3338000	3339000	3
NC_003197.2	3339000	3340000	6
NC_003197.2	3340000	3341000	10
NC_003197.2	3341000	3342000	6
NC_003197.2	3342000	3343000	6
NC_003197.2	3343000	3344000	8
NC_003197.2	3344000	3345000	3
NC_003197.2	3345000	3346000	5
NC_003197.2	3346000	3347000	6
NC_003197.2	3347000	3348000	9
NC_003197.2	3348000	3349000	6
NC_003197.2	3349000	3350000	3
NC_003197.2	3350000	3351000	9
NC_003197.2	3351000	3352000	3
NC_003197.2	3352000	3353000	5
NC_003197.2	3353000	3354000	6
NC_003197.2	3354000	3355000	4
NC_003197.2	3355000	3356000	5
NC_003197.2	3356000	3357000	6
NC_003197.2	3357000	3358000	6
NC_003197.2	3358000	3359000	7
NC_003197.2	3359000	3360000	10
NC_003197.2	3360000	3361000	6
NC_003197.2	3361000	3362000	3
NC_003197.2	3362000	3363000	5
NC_003197.2	3363000	3364000	3
NC_003197.2	3364000	3365000	5
NC_003197.2	3365000	3366000	3
NC_003197.2	3366000	3367000	4
NC_003197.2	3367000	3368000	3
NC_003197.2	3368000	3369000	6
NC_003197.2	3369000	3370000	6
NC_003197.2	3370000	3371000	5
NC_003197.2	3371000	3372000	10
NC_003197.2	3372000	3373000	5
NC_003197.2	3373000	3374000	7
NC_003197.2	3374000	3375000	8
NC_003197.2	3375000	3376000	3
NC_003197.2	3376000	3377000	7
NC_003197.2	3377000	3378000	3
NC_003197.2	3378000	3379000	6
NC_003197.2	3379000	3380000	7
NC_003197.2	3380000	3381000	6
NC_003197.2	3381000	3382000	3
NC_003197.2	3382000	3383000	6
NC_003197.2	3383000	3384000	3
NC_003197.2	3384000	3385000	7
NC_003197.2	3385000	3386000	3
NC_003197.2	3386000	3387000	6
NC_003197.2	3387000	3388000	3
NC_003197.2	3388000	3389000	5
NC_003197.2	3389000	3390000	7
NC_003197.2	3390000	3391000	8
NC_003197.2	3391000	3392000	3
NC_003197.2	3392000	3393000	6
NC_003197.2	3393000	3394000	6
NC_003197.2	3394000	3395000	3
NC_003197.2	3395000	3396000	7
NC_003197.2	3396000	3397000	9
NC_003197.2	3397000	3398000	10
NC_003197.2	3398000	3399000	6
NC_003197.2	3399000	3400000	6
NC_003197.2	3400000	3401000	4
NC_003197.2	3401000	3402000	7
NC_003197.2	3402000	3403000	3
NC_003197.2	3403000	3404000	6
NC_003197.2	3404000	3405000	4
NC_003197.2	3405000	3406000	3
NC_003197.2	3406000	3407000	6
NC_003197.2	3407000	3408000	3
NC_003197.2	3408000	3409000	6
NC_003197.2	3409000	3410000	4
NC_003197.2	3410000	3411000	3
NC_003197.2	3411000	3412000	6
NC_003197.2	3412000	3413000	6
NC_003197.2	3413000	3414000	10
NC_003197.2	3414000	3415000	5
NC_003197.2	3415000	3416000	6
NC_003197.2	3416000	3417000	6
NC_003197.2	3417000	3418000	6
NC_003197.2	3418000	3419000	7
NC_003197.2	3419000	3420000	3
NC_003197.2	3420000	3421000	5
NC_003197.2	3421000	3422000	6
NC_003197.2	3422000	3423000	9
NC_003197.2	3423000	3424000	6
NC_003197.2	3424000	3425000	6
NC_003197.2	3425000	3426000	6
NC_003197.2	3426000	3427000	6
NC_003197.2	3427000	3428000	3
NC_003197.2	3428000	3429000	12
NC_003197.2	3429000	3430000	3
NC_003197.2	3430000	3431000	6
NC_003197.2	3431000	3432000	6
NC_003197.2	3432000	3433000	5
NC_003197.2	3433000	3434000	7
NC_003197.2	3434000	3435000	3
NC_003197.2	3435000	3436000	9
NC_003197.2	3436000	3437000	8
NC_003197.2	3437000	3438000	7
NC_003197.2	3438000	3439000	9
NC_003197.2	3439000	3440000	8
NC_003197.2	3440000	3441000	7
NC_003197.2	3441000	3442000	6
NC_003197.2	3442000	3443000	5
NC_003197.2	3443000	3444000	5
NC_003197.2	3444000	3445000	9
NC_003197.2	3445000	3446000	3
NC_003197.2	3446000	3447000	10
NC_003197.2	3447000	3448000	3
NC_003197.2	3448000	3449000	5
NC_003197.2	3449000	3450000	6
NC_003197.2	3450000	3451000	3
NC_003197.2	3451000	3452000	7
NC_003197.2	3452000	3453000	5
NC_003197.2	3453000	3454000	8
NC_003197.2	3454000	3455000	3
NC_003197.2	3455000	3456000	3
NC_003197.2	3456000	3457000	6
NC_003197.2	3457000	3458000	6
NC_003197.2	3458000	3459000	8
NC_003197.2	3459000	3460000	3
NC_003197.2	3460000	3461000	5
NC_003197.2	3461000	3462000	9
NC_003197.2	3462000	3463000	6
NC_003197.2	3463000	3464000	6
NC_003197.2	3464000	3465000	6
NC_003197.2	3465000	3466000	3
NC_003197.2	3466000	3467000	5
NC_003197.2	3467000	3468000	9
NC_003197.2	3468000	3469000	7
NC_003197.2	3469000	3470000	3
NC_003197.2	3470000	3471000	5
NC_003197.2	3471000	3472000	5
NC_003197.2	3472000	3473000	7
NC_003197.2	3473000	3474000	7
NC_003197.2	3474000	3475000	8
NC_003197.2	3475000	3476000	3
NC_003197.2	3476000	3477000	11
NC_003197.2	3477000	3478000	6
NC_003197.2	3478000	3479000	9
NC_003197.2	3479000	3480000	7
NC_003197.2	3480000	3481000	6
NC_003197.2	3481000	3482000	6
NC_003197.2	3482000	3483000	6
NC_003197.2	3483000	3484000	8
NC_003197.2	3484000	3485000	8
NC_003197.2	3485000	3486000	6
NC_003197.2	3486000	3487000	9
NC_003197.2	3487000	3488000	6
NC_003197.2	3488000	3489000	6
NC_003197.2	3489000	3490000	6
NC_003197.2	3490000	3491000	6
NC_003197.2	3491000	3492000	3
NC_003197.2	3492000	3493000	6
NC_003197.2	3493000	3494000	4
NC_003197.2	3494000	3495000	7
NC_003197.2	3495000	3496000	3
NC_003197.2	3496000	3497000	3
NC_003197.2	3497000	3498000	3
NC_003197.2	3498000	3499000	5
NC_003197.2	3499000	3500000	3
NC_003197.2	3500000	3501000	6
NC_003197.2	3501000	3502000	8
NC_003197.2	3502000	3503000	3
NC_003197.2	3503000	3504000	6
NC_003197.2	3504000	3505000	8
NC_003197.2	3505000	3506000	6
NC_003197.2	3506000	3507000	6
NC_003197.2	3507000	3508000	3
NC_003197.2	3508000	3509000	5
NC_003197.2	3509000	3510000	6
NC_003197.2	3510000	3511000	6
NC_003197.2	3511000	3512000	6
NC_003197.2	3512000	3513000	9
NC_003197.2	3513000	3514000	6
NC_003197.2	3514000	3515000	7
NC_003197.2	3515000	3516000	6
NC_003197.2	3516000	3517000	5
NC_003197.2	3517000	3518000	5
NC_003197.2	3518000	3519000	5
NC_003197.2	3519000	3520000	3
NC_003197.2	3520000	3521000	6
NC_003197.2	3521000	3522000	6
NC_003197.2	3522000	3523000	9
NC_003197.2	3523000	3524000	6
NC_003197.2	3524000	3525000	3
NC_003197.2	3525000	3526000	9
NC_003197.2	3526000	3527000	6
NC_003197.2	3527000	3528000	13
NC_003197.2	3528000	3529000	8
NC_003197.2	3529000	3530000	9
NC_003197.2	3530000	3531000	3
NC_003197.2	3531000	3532000	5
NC_003197.2	3532000	3533000	6
NC_003197.2	3533000	3534000	6
NC_003197.2	3534000	3535000	5
NC_003197.2	3535000	3536000	5
NC_003197.2	3536000	3537000	3
NC_003197.2	3537000	3538000	3
NC_003197.2	3538000	3539000	3
NC_003197.2	3539000	3540000	6
NC_003197.2	3540000	3541000	3
NC_003197.2	3541000	3542000	9
NC_003197.2	3542000	3543000	6
NC_003197.2	3543000	3544000	6
NC_003197.2	3544000	3545000	6
NC_003197.2	3545000	3546000	3
NC_003197.2	3546000	3547000	4
NC_003197.2	3547000	3548000	4
NC_003197.2	3548000	3549000	4
NC_003197.2	3549000	3550000	6
NC_003197.2	3550000	3551000	9
NC_003197.2	3551000	3552000	3
NC_003197.2	3552000	3553000	7
NC_003197.2	3553000	3554000	5
NC_003197.2	3554000	3555000	3
NC_003197.2	3555000	3556000	7
NC_003197.2	3556000	3557000	9
NC_003197.2	3557000	3558000	8
NC_003197.2	3558000	3559000	3
NC_003197.2	3559000	3560000	3
NC_003197.2	3560000	3561000	6
NC_003197.2	3561000	3562000	4
NC_003197.2	3562000	3563000	6
NC_003197.2	3563000	3564000	3
NC_003197.2	3564000	3565000	3
NC_003197.2	3565000	3566000	6
NC_003197.2	3566000	3567000	10
NC_003197.2	3567000	3568000	4
NC_003197.2	3568000	3569000	4
NC_003197.2	3569000	3570000	4
NC_003197.2	3570000	3571000	10
NC_003197.2	3571000	3572000	4
NC_003197.2	3572000	3573000	7
NC_003197.2	3573000	3574000	8
NC_003197.2	3574000	3575000	9
NC_003197.2	3575000	3576000	8
NC_003197.2	3576000	3577000	7
NC_003197.2	3577000	3578000	6
NC_003197.2	3578000	3579000	5
NC_003197.2	3579000	3580000	6
NC_003197.2	3580000	3581000	3
NC_003197.2	3581000	3582000	10
NC_003197.2	3582000	3583000	9
NC_003197.2	3583000	3584000	6
NC_003197.2	3584000	3585000	9
NC_003197.2	3585000	3586000	9
NC_003197.2	3586000	3587000	6
NC_003197.2	3587000	3588000	11
NC_003197.2	3588000	3589000	11
NC_003197.2	3589000	3590000	9
NC_003197.2	3590000	3591000	9
NC_003197.2	3591000	3592000	12
NC_003197.2	3592000	3593000	9
NC_003197.2	3593000	3594000	12
NC_003197.2	3594000	3595000	9
NC_003197.2	3595000	3596000	6
NC_003197.2	3596000	3597000	10
NC_003197.2	3597000	3598000	8
NC_003197.2	3598000	3599000	6
NC_003197.2	3599000	3600000	6
NC_003197.2	3600000	3601000	3
NC_003197.2	3601000	3602000	6
NC_003197.2	3602000	3603000	9
NC_003197.2	3603000	3604000	12
NC_003197.2	3604000	3605000	6
NC_003197.2	3605000	3606000	7
NC_003197.2	3606000	3607000	6
NC_003197.2	3607000	3608000	6
NC_003197.2	3608000	3609000	3
NC_003197.2	3609000	3610000	10
NC_003197.2	3610000	3611000	3
NC_003197.2	3611000	3612000	4
NC_003197.2	3612000	3613000	7
NC_003197.2	3613000	3614000	8
NC_003197.2	3614000	3615000	5
NC_003197.2	3615000	3616000	15
NC_003197.2	3616000	3617000	5
NC_003197.2	3617000	3618000	3
NC_003197.2	3618000	3619000	5
NC_003197.2	3619000	3620000	8
NC_003197.2	3620000	3621000	9
NC_003197.2	3621000	3622000	11
NC_003197.2	3622000	3623000	5
NC_003197.2	3623000	3624000	11
NC_003197.2	3624000	3625000	3
NC_003197.2	3625000	3626000	3
NC_003197.2	3626000	3627000	9
NC_003197.2	3627000	3628000	6
NC_003197.2	3628000	3629000	3
NC_003197.2	3629000	3630000	4
NC_003197.2	3630000	3631000	3
NC_003197.2	3631000	3632000	3
NC_003197.2	3632000	3633000	3
NC_003197.2	3633000	3634000	3
NC_003197.2	3634000	3635000	3
NC_003197.2	3635000	3636000	10
NC_003197.2	3636000	3637000	5
NC_003197.2	3637000	3638000	6
NC_003197.2	3638000	3639000	9
NC_003197.2	3639000	3640000	5
NC_003197.2	3640000	3641000	4
NC_003197.2	3641000	3642000	5
NC_003197.2	3642000	3643000	6
NC_003197.2	3643000	3644000	3
NC_003197.2	3644000	3645000	9
NC_003197.2	3645000	3646000	9
NC_003197.2	3646000	3647000	6
NC_003197.2	3647000	3648000	3
NC_003197.2	3648000	3649000	3
NC_003197.2	3649000	3650000	6
NC_003197.2	3650000	3651000	4
NC_003197.2	3651000	3652000	3
NC_003197.2	3652000	3653000	6
NC_003197.2	3653000	3654000	8
NC_003197.2	3654000	3655000	5
NC_003197.2	3655000	3656000	3
NC_003197.2	3656000	3657000	9
NC_003197.2	3657000	3658000	3
NC_003197.2	3658000	3659000	5
NC_003197.2	3659000	3660000	6
NC_003197.2	3660000	3661000	9
NC_003197.2	3661000	3662000	6
NC_003197.2	3662000	3663000	3
NC_003197.2	3663000	3664000	6
NC_003197.2	3664000	3665000	5
NC_003197.2	3665000	3666000	3
NC_003197.2	3666000	3667000	9
NC_003197.2	3667000	3668000	5
NC_003197.2	3668000	3669000	7
NC_003197.2	3669000	3670000	6
NC_003197.2	3670000	3671000	9
NC_003197.2	3671000	3672000	5
NC_003197.2	3672000	3673000	3
NC_003197.2	3673000	3674000	6
NC_003197.2	3674000	3675000	3
NC_003197.2	3675000	3676000	3
NC_003197.2	3676000	3677000	14
NC_003197.2	3677000	3678000	3
NC_003197.2	3678000	3679000	3
NC_003197.2	3679000	3680000	8
NC_003197.2	3680000	3681000	6
NC_003197.2	3681000	3682000	6
NC_003197.2	3682000	3683000	5
NC_003197.2	3683000	3684000	3
NC_003197.2	3684000	3685000	7
NC_003197.2	3685000	3686000	3
NC_003197.2	3686000	3687000	5
NC_003197.2	3687000	3688000	6
NC_003197.2	3688000	3689000	13
NC_003197.2	3689000	3690000	3
NC_003197.2	3690000	3691000	8
NC_003197.2	3691000	3692000	3
NC_003197.2	3692000	3693000	6
NC_003197.2	3693000	3694000	5
NC_003197.2	3694000	3695000	2
NC_003197.2	3695000	3696000	5
NC_003197.2	3696000	3697000	3
NC_003197.2	3697000	3698000	6
NC_003197.2	3698000	3699000	5
NC_003197.2	3699000	3700000	3
NC_003197.2	3700000	3701000	3
NC_003197.2	3701000	3702000	6
NC_003197.2	3702000	3703000	6
NC_003197.2	3703000	3704000	3
NC_003197.2	3704000	3705000	8
NC_003197.2	3705000	3706000	3
NC_003197.2	3706000	3707000	6
NC_003197.2	3707000	3708000	3
NC_003197.2	3708000	3709000	6
NC_003197.2	3709000	3710000	7
NC_003197.2	3710000	3711000	5
NC_003197.2	3711000	3712000	6
NC_003197.2	3712000	3713000	8
NC_003197.2	3713000	3714000	6
NC_003197.2	3714000	3715000	5
NC_003197.2	3715000	3716000	7
NC_003197.2	3716000	3717000	6
NC_003197.2	3717000	3718000	6
NC_003197.2	3718000	3719000	6
NC_003197.2	3719000	3720000	6
NC_003197.2	3720000	3721000	5
NC_003197.2	3721000	3722000	3
NC_003197.2	3722000	3723000	9
NC_003197.2	3723000	3724000	6
NC_003197.2	3724000	3725000	6
NC_003197.2	3725000	3726000	6
NC_003197.2	3726000	3727000	6
NC_003197.2	3727000	3728000	6
NC_003197.2	3728000	3729000	9
NC_003197.2	3729000	3730000	6
NC_003197.2	3730000	3731000	6
NC_003197.2	3731000	3732000	6
NC_003197.2	3732000	3733000	6
NC_003197.2	3733000	3734000	8
NC_003197.2	3734000	3735000	8
NC_003197.2	3735000	3736000	9
NC_003197.2	3736000	3737000	8
NC_003197.2	3737000	3738000	6
NC_003197.2	3738000	3739000	9
NC_003197.2	3739000	3740000	3
NC_003197.2	3740000	3741000	10
NC_003197.2	3741000	3742000	9
NC_003197.2	3742000	3743000	6
NC_003197.2	3743000	3744000	3
NC_003197.2	3744000	3745000	6
NC_003197.2	3745000	3746000	3
NC_003197.2	3746000	3747000	9
NC_003197.2	3747000	3748000	6
NC_003197.2	3748000	3749000	5
NC_003197.2	3749000	3750000	6
NC_003197.2	3750000	3751000	6
NC_003197.2	3751000	3752000	8
NC_003197.2	3752000	3753000	6
NC_003197.2	3753000	3754000	3
NC_003197.2	3754000	3755000	3
NC_003197.2	3755000	3756000	6
NC_003197.2	3756000	3757000	4
NC_003197.2	3757000	3758000	3
NC_003197.2	3758000	3759000	7
NC_003197.2	3759000	3760000	3
NC_003197.2	3760000	3761000	13
NC_003197.2	3761000	3762000	6
NC_003197.2	3762000	3763000	3
NC_003197.2	3763000	3764000	8
NC_003197.2	3764000	3765000	3
NC_003197.2	3765000	3766000	3
NC_003197.2	3766000	3767000	5
NC_003197.2	3767000	3768000	7
NC_003197.2	3768000	3769000	6
NC_003197.2	3769000	3770000	3
NC_003197.2	3770000	3771000	3
NC_003197.2	3771000	3772000	6
NC_003197.2	3772000	3773000	6
NC_003197.2	3773000	3774000	6
NC_003197.2	3774000	3775000	6
NC_003197.2	3775000	3776000	7
NC_003197.2	3776000	3777000	3
NC_003197.2	3777000	3778000	5
NC_003197.2	3778000	3779000	4
NC_003197.2	3779000	3780000	6
NC_003197.2	3780000	3781000	7
NC_003197.2	3781000	3782000	6
NC_003197.2	3782000	3783000	3
NC_003197.2	3783000	3784000	4
NC_003197.2	3784000	3785000	5
NC_003197.2	3785000	3786000	3
NC_003197.2	3786000	3787000	6
NC_003197.2	3787000	3788000	7
NC_003197.2	3788000	3789000	5
NC_003197.2	3789000	3790000	3
NC_003197.2	3790000	3791000	6
NC_003197.2	3791000	3792000	6
NC_003197.2	3792000	3793000	3
NC_003197.2	3793000	3794000	5
NC_003197.2	3794000	3795000	3
NC_003197.2	3795000	3796000	3
NC_003197.2	3796000	3797000	3
NC_003197.2	3797000	3798000	6
NC_003197.2	3798000	3799000	5
NC_003197.2	3799000	3800000	3
NC_003197.2	3800000	3801000	5
NC_003197.2	3801000	3802000	3
NC_003197.2	3802000	3803000	3
NC_003197.2	3803000	3804000	6
NC_003197.2	3804000	3805000	9
NC_003197.2	3805000	3806000	3
NC_003197.2	3806000	3807000	9
NC_003197.2	3807000	3808000	3
NC_003197.2	3808000	3809000	8
NC_003197.2	3809000	3810000	3
NC_003197.2	3810000	3811000	5
NC_003197.2	3811000	3812000	6
NC_003197.2	3812000	3813000	6
NC_003197.2	3813000	3814000	6
NC_003197.2	3814000	3815000	6
NC_003197.2	3815000	3816000	3
NC_003197.2	3816000	3817000	8
NC_003197.2	3817000	3818000	6
NC_003197.2	3818000	3819000	3
NC_003197.2	3819000	3820000	7
NC_003197.2	3820000	3821000	8
NC_003197.2	3821000	3822000	3
NC_003197.2	3822000	3823000	6
NC_003197.2	3823000	3824000	6
NC_003197.2	3824000	3825000	6
NC_003197.2	3825000	3826000	3
NC_003197.2	3826000	3827000	6
NC_003197.2	3827000	3828000	6
NC_003197.2	3828000	3829000	3
NC_003197.2	3829000	3830000	10
NC_003197.2	3830000	3831000	5
NC_003197.2	3831000	3832000	3
NC_003197.2	3832000	3833000	7
NC_003197.2	3833000	3834000	6
NC_003197.2	3834000	3835000	5
NC_003197.2	3835000	3836000	7
NC_003197.2	3836000	3837000	9
NC_003197.2	3837000	3838000	5
NC_003197.2	3838000	3839000	8
NC_003197.2	3839000	3840000	7
NC_003197.2	3840000	3841000	3
NC_003197.2	3841000	3842000	6
NC_003197.2	3842000	3843000	6
NC_003197.2	3843000	3844000	7
NC_003197.2	3844000	3845000	8
NC_003197.2	3845000	3846000	3
NC_003197.2	3846000	3847000	6
NC_003197.2	3847000	3848000	5
NC_003197.2	3848000	3849000	5
NC_003197.2	3849000	3850000	5
NC_003197.2	3850000	3851000	11
NC_003197.2	3851000	3852000	3
NC_003197.2	3852000	3853000	5
NC_003197.2	3853000	3854000	3
NC_003197.2	3854000	3855000	6
NC_003197.2	3855000	3856000	7
NC_003197.2	3856000	3857000	6
NC_003197.2	3857000	3858000	6
NC_003197.2	3858000	3859000	9
NC_003197.2	3859000	3860000	6
NC_003197.2	3860000	3861000	6
NC_003197.2	3861000	3862000	3
NC_003197.2	3862000	3863000	6
NC_003197.2	3863000	3864000	9
NC_003197.2	3864000	3865000	5
NC_003197.2	3865000	3866000	7
NC_003197.2	3866000	3867000	3
NC_003197.2	3867000	3868000	5
NC_003197.2	3868000	3869000	3
NC_003197.2	3869000	3870000	13
NC_003197.2	3870000	3871000	5
NC_003197.2	3871000	3872000	3
NC_003197.2	3872000	3873000	6
NC_003197.2	3873000	3874000	3
NC_003197.2	3874000	3875000	9
NC_003197.2	3875000	3876000	9
NC_003197.2	3876000	3877000	3
NC_003197.2	3877000	3878000	6
NC_003197.2	3878000	3879000	5
NC_003197.2	3879000	3880000	9
NC_003197.2	3880000	3881000	6
NC_003197.2	3881000	3882000	6
NC_003197.2	3882000	3883000	3
NC_003197.2	3883000	3884000	3
NC_003197.2	3884000	3885000	3
NC_003197.2	3885000	3886000	6
NC_003197.2	3886000	3887000	3
NC_003197.2	3887000	3888000	6
NC_003197.2	3888000	3889000	6
NC_003197.2	3889000	3890000	6
NC_003197.2	3890000	3891000	5
NC_003197.2	3891000	3892000	7
NC_003197.2	3892000	3893000	6
NC_003197.2	3893000	3894000	3
NC_003197.2	3894000	3895000	6
NC_003197.2	3895000	3896000	3
NC_003197.2	3896000	3897000	12
NC_003197.2	3897000	3898000	6
NC_003197.2	3898000	3899000	3
NC_003197.2	3899000	3900000	6
NC_003197.2	3900000	3901000	6
NC_003197.2	3901000	3902000	5
NC_003197.2	3902000	3903000	6
NC_003197.2	3903000	3904000	6
NC_003197.2	3904000	3905000	3
NC_003197.2	3905000	3906000	11
NC_003197.2	3906000	3907000	5
NC_003197.2	3907000	3908000	6
NC_003197.2	3908000	3909000	6
NC_003197.2	3909000	3910000	5
NC_003197.2	3910000	3911000	6
NC_003197.2	3911000	3912000	5
NC_003197.2	3912000	3913000	5
NC_003197.2	3913000	3914000	6
NC_003197.2	3914000	3915000	5
NC_003197.2	3915000	3916000	8
NC_003197.2	3916000	3917000	6
NC_003197.2	3917000	3918000	6
NC_003197.2	3918000	3919000	4
NC_003197.2	3919000	3920000	3
NC_003197.2	3920000	3921000	6
NC_003197.2	3921000	3922000	6
NC_003197.2	3922000	3923000	9
NC_003197.2	3923000	3924000	7
NC_003197.2	3924000	3925000	5
NC_003197.2	3925000	3926000	8
NC_003197.2	3926000	3927000	6
NC_003197.2	3927000	3928000	7
NC_003197.2	3928000	3929000	5
NC_003197.2	3929000	3930000	7
NC_003197.2	3930000	3931000	6
NC_003197.2	3931000	3932000	5
NC_003197.2	3932000	3933000	4
NC_003197.2	3933000	3934000	7
NC_003197.2	3934000	3935000	6
NC_003197.2	3935000	3936000	3
NC_003197.2	3936000	3937000	8
NC_003197.2	3937000	3938000	3
NC_003197.2	3938000	3939000	5
NC_003197.2	3939000	3940000	6
NC_003197.2	3940000	3941000	3
NC_003197.2	3941000	3942000	7
NC_003197.2	3942000	3943000	6
NC_003197.2	3943000	3944000	3
NC_003197.2	3944000	3945000	5
NC_003197.2	3945000	3946000	3
NC_003197.2	3946000	3947000	6
NC_003197.2	3947000	3948000	3
NC_003197.2	3948000	3949000	9
NC_003197.2	3949000	3950000	4
NC_003197.2	3950000	3951000	4
NC_003197.2	3951000	3952000	8
NC_003197.2	3952000	3953000	3
NC_003197.2	3953000	3954000	1
NC_003197.2	3954000	3955000	7
NC_003197.2	3955000	3956000	3
NC_003197.2	3956000	3957000	3
NC_003197.2	3957000	3958000	5
NC_003197.2	3958000	3959000	6
NC_003197.2	3959000	3960000	9
NC_003197.2	3960000	3961000	5
NC_003197.2	3961000	3962000	6
NC_003197.2	3962000	3963000	3
NC_003197.2	3963000	3964000	3
NC_003197.2	3964000	3965000	6
NC_003197.2	3965000	3966000	7
NC_003197.2	3966000	3967000	5
NC_003197.2	3967000	3968000	6
NC_003197.2	3968000	3969000	6
NC_003197.2	3969000	3970000	6
NC_003197.2	3970000	3971000	6
NC_003197.2	3971000	3972000	9
NC_003197.2	3972000	3973000	6
NC_003197.2	3973000	3974000	3
NC_003197.2	3974000	3975000	3
NC_003197.2	3975000	3976000	10
NC_003197.2	3976000	3977000	3
NC_003197.2	3977000	3978000	5
NC_003197.2	3978000	3979000	7
NC_003197.2	3979000	3980000	11
NC_003197.2	3980000	3981000	6
NC_003197.2	3981000	3982000	3
NC_003197.2	3982000	3983000	6
NC_003197.2	3983000	3984000	9
NC_003197.2	3984000	3985000	6
NC_003197.2	3985000	3986000	8
NC_003197.2	3986000	3987000	5
NC_003197.2	3987000	3988000	10
NC_003197.2	3988000	3989000	3
NC_003197.2	3989000	3990000	6
NC_003197.2	3990000	3991000	6
NC_003197.2	3991000	3992000	6
NC_003197.2	3992000	3993000	6
NC_003197.2	3993000	3994000	6
NC_003197.2	3994000	3995000	7
NC_003197.2	3995000	3996000	8
NC_003197.2	3996000	3997000	3
NC_003197.2	3997000	3998000	10
NC_003197.2	3998000	3999000	8
NC_003197.2	3999000	4000000	5
NC_003197.2	4000000	4001000	5
NC_003197.2	4001000	4002000	5
NC_003197.2	4002000	4003000	6
NC_003197.2	4003000	4004000	7
NC_003197.2	4004000	4005000	8
NC_003197.2	4005000	4006000	5
NC_003197.2	4006000	4007000	8
NC_003197.2	4007000	4008000	7
NC_003197.2	4008000	4009000	3
NC_003197.2	4009000	4010000	9
NC_003197.2	4010000	4011000	9
NC_003197.2	4011000	4012000	3
NC_003197.2	4012000	4013000	6
NC_003197.2	4013000	4014000	9
NC_003197.2	4014000	4015000	3
NC_003197.2	4015000	4016000	6
NC_003197.2	4016000	4017000	9
NC_003197.2	4017000	4018000	9
NC_003197.2	4018000	4019000	7
NC_003197.2	4019000	4020000	3
NC_003197.2	4020000	4021000	9
NC_003197.2	4021000	4022000	3
NC_003197.2	4022000	4023000	3
NC_003197.2	4023000	4024000	6
NC_003197.2	4024000	4025000	12
NC_003197.2	4025000	4026000	5
NC_003197.2	4026000	4027000	7
NC_003197.2	4027000	4028000	3
NC_003197.2	4028000	4029000	3
NC_003197.2	4029000	4030000	5
NC_003197.2	4030000	4031000	6
NC_003197.2	4031000	4032000	4
NC_003197.2	4032000	4033000	3
NC_003197.2	4033000	4034000	7
NC_003197.2	4034000	4035000	3
NC_003197.2	4035000	4036000	7
NC_003197.2	4036000	4037000	6
NC_003197.2	4037000	4038000	6
NC_003197.2	4038000	4039000	5
NC_003197.2	4039000	4040000	3
NC_003197.2	4040000	4041000	3
NC_003197.2	4041000	4042000	6
NC_003197.2	4042000	4043000	6
NC_003197.2	4043000	4044000	5
NC_003197.2	4044000	4045000	3
NC_003197.2	4045000	4046000	13
NC_003197.2	4046000	4047000	9
NC_003197.2	4047000	4048000	3
NC_003197.2	4048000	4049000	5
NC_003197.2	4049000	4050000	4
NC_003197.2	4050000	4051000	2
NC_003197.2	4051000	4052000	4
NC_003197.2	4052000	4053000	6
NC_003197.2	4053000	4054000	3
NC_003197.2	4054000	4055000	4
NC_003197.2	4055000	4056000	6
NC_003197.2	4056000	4057000	6
NC_003197.2	4057000	4058000	7
NC_003197.2	4058000	4059000	3
NC_003197.2	4059000	4060000	6
NC_003197.2	4060000	4061000	6
NC_003197.2	4061000	4062000	6
NC_003197.2	4062000	4063000	6
NC_003197.2	4063000	4064000	6
NC_003197.2	4064000	4065000	10
NC_003197.2	4065000	4066000	3
NC_003197.2	4066000	4067000	6
NC_003197.2	4067000	4068000	6
NC_003197.2	4068000	4069000	3
NC_003197.2	4069000	4070000	3
NC_003197.2	4070000	4071000	4
NC_003197.2	4071000	4072000	3
NC_003197.2	4072000	4073000	10
NC_003197.2	4073000	4074000	6
NC_003197.2	4074000	4075000	6
NC_003197.2	4075000	4076000	6
NC_003197.2	4076000	4077000	6
NC_003197.2	4077000	4078000	4
NC_003197.2	4078000	4079000	6
NC_003197.2	4079000	4080000	9
NC_003197.2	4080000	4081000	9
NC_003197.2	4081000	4082000	6
NC_003197.2	4082000	4083000	3
NC_003197.2	4083000	4084000	4
NC_003197.2	4084000	4085000	5
NC_003197.2	4085000	4086000	11
NC_003197.2	4086000	4087000	5
NC_003197.2	4087000	4088000	6
NC_003197.2	4088000	4089000	3
NC_003197.2	4089000	4090000	7
NC_003197.2	4090000	4091000	3
NC_003197.2	4091000	4092000	9
NC_003197.2	4092000	4093000	6
NC_003197.2	4093000	4094000	6
NC_003197.2	4094000	4095000	6
NC_003197.2	4095000	4096000	6
NC_003197.2	4096000	4097000	6
NC_003197.2	4097000	4098000	5
NC_003197.2	4098000	4099000	6
NC_003197.2	4099000	4100000	4
NC_003197.2	4100000	4101000	4
NC_003197.2	4101000	4102000	7
NC_003197.2	4102000	4103000	4
NC_003197.2	4103000	4104000	4
NC_003197.2	4104000	4105000	4
NC_003197.2	4105000	4106000	18
NC_003197.2	4106000	4107000	8
NC_003197.2	4107000	4108000	3
NC_003197.2	4108000	4109000	12
NC_003197.2	4109000	4110000	3
NC_003197.2	4110000	4111000	11
NC_003197.2	4111000	4112000	5
NC_003197.2	4112000	4113000	3
NC_003197.2	4113000	4114000	6
NC_003197.2	4114000	4115000	3
NC_003197.2	4115000	4116000	9
NC_003197.2	4116000	4117000	5
NC_003197.2	4117000	4118000	15
NC_003197.2	4118000	4119000	5
NC_003197.2	4119000	4120000	8
NC_003197.2	4120000	4121000	3
NC_003197.2	4121000	4122000	5
NC_003197.2	4122000	4123000	3
NC_003197.2	4123000	4124000	6
NC_003197.2	4124000	4125000	6
NC_003197.2	4125000	4126000	6
NC_003197.2	4126000	4127000	3
NC_003197.2	4127000	4128000	3
NC_003197.2	4128000	4129000	6
NC_003197.2	4129000	4130000	6
NC_003197.2	4130000	4131000	5
NC_003197.2	4131000	4132000	6
NC_003197.2	4132000	4133000	6
NC_003197.2	4133000	4134000	9
NC_003197.2	4134000	4135000	5
NC_003197.2	4135000	4136000	3
NC_003197.2	4136000	4137000	6
NC_003197.2	4137000	4138000	6
NC_003197.2	4138000	4139000	6
NC_003197.2	4139000	4140000	6
NC_003197.2	4140000	4141000	7
NC_003197.2	4141000	4142000	12
NC_003197.2	4142000	4143000	3
NC_003197.2	4143000	4144000	6
NC_003197.2	4144000	4145000	6
NC_003197.2	4145000	4146000	6
NC_003197.2	4146000	4147000	10
NC_003197.2	4147000	4148000	3
NC_003197.2	4148000	4149000	3
NC_003197.2	4149000	4150000	7
NC_003197.2	4150000	4151000	11
NC_003197.2	4151000	4152000	5
NC_003197.2	4152000	4153000	7
NC_003197.2	4153000	4154000	9
NC_003197.2	4154000	4155000	6
NC_003197.2	4155000	4156000	9
NC_003197.2	4156000	4157000	3
NC_003197.2	4157000	4158000	3
NC_003197.2	4158000	4159000	6
NC_003197.2	4159000	4160000	8
NC_003197.2	4160000	4161000	7
NC_003197.2	4161000	4162000	6
NC_003197.2	4162000	4163000	5
NC_003197.2	4163000	4164000	3
NC_003197.2	4164000	4165000	5
NC_003197.2	4165000	4166000	9
NC_003197.2	4166000	4167000	6
NC_003197.2	4167000	4168000	5
NC_003197.2	4168000	4169000	5
NC_003197.2	4169000	4170000	7
NC_003197.2	4170000	4171000	3
NC_003197.2	4171000	4172000	3
NC_003197.2	4172000	4173000	6
NC_003197.2	4173000	4174000	5
NC_003197.2	4174000	4175000	11
NC_003197.2	4175000	4176000	6
NC_003197.2	4176000	4177000	3
NC_003197.2	4177000	4178000	6
NC_003197.2	4178000	4179000	9
NC_003197.2	4179000	4180000	3
NC_003197.2	4180000	4181000	9
NC_003197.2	4181000	4182000	5
NC_003197.2	4182000	4183000	8
NC_003197.2	4183000	4184000	7
NC_003197.2	4184000	4185000	3
NC_003197.2	4185000	4186000	6
NC_003197.2	4186000	4187000	7
NC_003197.2	4187000	4188000	3
NC_003197.2	4188000	4189000	3
NC_003197.2	4189000	4190000	6
NC_003197.2	4190000	4191000	3
NC_003197.2	4191000	4192000	10
NC_003197.2	4192000	4193000	3
NC_003197.2	4193000	4194000	9
NC_003197.2	4194000	4195000	3
NC_003197.2	4195000	4196000	6
NC_003197.2	4196000	4197000	4
NC_003197.2	4197000	4198000	10
NC_003197.2	4198000	4199000	4
NC_003197.2	4199000	4200000	4
NC_003197.2	4200000	4201000	4
NC_003197.2	4201000	4202000	9
NC_003197.2	4202000	4203000	10
NC_003197.2	4203000	4204000	6
NC_003197.2	4204000	4205000	8
NC_003197.2	4205000	4206000	3
NC_003197.2	4206000	4207000	4
NC_003197.2	4207000	4208000	3
NC_003197.2	4208000	4209000	3
NC_003197.2	4209000	4210000	7
NC_003197.2	4210000	4211000	6
NC_003197.2	4211000	4212000	4
NC_003197.2	4212000	4213000	5
NC_003197.2	4213000	4214000	3
NC_003197.2	4214000	4215000	6
NC_003197.2	4215000	4216000	9
NC_003197.2	4216000	4217000	3
NC_003197.2	4217000	4218000	17
NC_003197.2	4218000	4219000	3
NC_003197.2	4219000	4220000	7
NC_003197.2	4220000	4221000	9
NC_003197.2	4221000	4222000	3
NC_003197.2	4222000	4223000	8
NC_003197.2	4223000	4224000	3
NC_003197.2	4224000	4225000	7
NC_003197.2	4225000	4226000	6
NC_003197.2	4226000	4227000	3
NC_003197.2	4227000	4228000	6
NC_003197.2	4228000	4229000	6
NC_003197.2	4229000	4230000	3
NC_003197.2	4230000	4231000	6
NC_003197.2	4231000	4232000	6
NC_003197.2	4232000	4233000	6
NC_003197.2	4233000	4234000	6
NC_003197.2	4234000	4235000	7
NC_003197.2	4235000	4236000	6
NC_003197.2	4236000	4237000	6
NC_003197.2	4237000	4238000	6
NC_003197.2	4238000	4239000	9
NC_003197.2	4239000	4240000	5
NC_003197.2	4240000	4241000	9
NC_003197.2	4241000	4242000	6
NC_003197.2	4242000	4243000	5
NC_003197.2	4243000	4244000	9
NC_003197.2	4244000	4245000	6
NC_003197.2	4245000	4246000	3
NC_003197.2	4246000	4247000	3
NC_003197.2	4247000	4248000	4
NC_003197.2	4248000	4249000	4
NC_003197.2	4249000	4250000	3
NC_003197.2	4250000	4251000	6
NC_003197.2	4251000	4252000	5
NC_003197.2	4252000	4253000	9
NC_003197.2	4253000	4254000	8
NC_003197.2	4254000	4255000	4
NC_003197.2	4255000	4256000	4
NC_003197.2	4256000	4257000	3
NC_003197.2	4257000	4258000	6
NC_003197.2	4258000	4259000	11
NC_003197.2	4259000	4260000	8
NC_003197.2	4260000	4261000	6
NC_003197.2	4261000	4262000	4
NC_003197.2	4262000	4263000	8
NC_003197.2	4263000	4264000	5
NC_003197.2	4264000	4265000	6
NC_003197.2	4265000	4266000	6
NC_003197.2	4266000	4267000	19
NC_003197.2	4267000	4268000	8
NC_003197.2	4268000	4269000	5
NC_003197.2	4269000	4270000	6
NC_003197.2	4270000	4271000	7
NC_003197.2	4271000	4272000	6
NC_003197.2	4272000	4273000	6
NC_003197.2	4273000	4274000	6
NC_003197.2	4274000	4275000	6
NC_003197.2	4275000	4276000	6
NC_003197.2	4276000	4277000	6
NC_003197.2	4277000	4278000	6
NC_003197.2	4278000	4279000	3
NC_003197.2	4279000	4280000	7
NC_003197.2	4280000	4281000	11
NC_003197.2	4281000	4282000	3
NC_003197.2	4282000	4283000	6
NC_003197.2	4283000	4284000	7
NC_003197.2	4284000	4285000	3
NC_003197.2	4285000	4286000	6
NC_003197.2	4286000	4287000	6
NC_003197.2	4287000	4288000	6
NC_003197.2	4288000	4289000	6
NC_003197.2	4289000	4290000	9
NC_003197.2	4290000	4291000	5
NC_003197.2	4291000	4292000	10
NC_003197.2	4292000	4293000	5
NC_003197.2	4293000	4294000	6
NC_003197.2	4294000	4295000	5
NC_003197.2	4295000	4296000	6
NC_003197.2	4296000	4297000	12
NC_003197.2	4297000	4298000	6
NC_003197.2	4298000	4299000	5
NC_003197.2	4299000	4300000	6
NC_003197.2	4300000	4301000	6
NC_003197.2	4301000	4302000	6
NC_003197.2	4302000	4303000	5
NC_003197.2	4303000	4304000	6
NC_003197.2	4304000	4305000	3
NC_003197.2	4305000	4306000	7
NC_003197.2	4306000	4307000	6
NC_003197.2	4307000	4308000	3
NC_003197.2	4308000	4309000	4
NC_003197.2	4309000	4310000	7
NC_003197.2	4310000	4311000	6
NC_003197.2	4311000	4312000	3
NC_003197.2	4312000	4313000	3
NC_003197.2	4313000	4314000	5
NC_003197.2	4314000	4315000	4
NC_003197.2	4315000	4316000	3
NC_003197.2	4316000	4317000	7
NC_003197.2	4317000	4318000	3
NC_003197.2	4318000	4319000	11
NC_003197.2	4319000	4320000	8
NC_003197.2	4320000	4321000	3
NC_003197.2	4321000	4322000	5
NC_003197.2	4322000	4323000	6
NC_003197.2	4323000	4324000	6
NC_003197.2	4324000	4325000	6
NC_003197.2	4325000	4326000	3
NC_003197.2	4326000	4327000	4
NC_003197.2	4327000	4328000	7
NC_003197.2	4328000	4329000	9
NC_003197.2	4329000	4330000	3
NC_003197.2	4330000	4331000	3
NC_003197.2	4331000	4332000	9
NC_003197.2	4332000	4333000	5
NC_003197.2	4333000	4334000	6
NC_003197.2	4334000	4335000	3
NC_003197.2	4335000	4336000	6
NC_003197.2	4336000	4337000	3
NC_003197.2	4337000	4338000	4
NC_003197.2	4338000	4339000	3
NC_003197.2	4339000	4340000	15
NC_003197.2	4340000	4341000	6
NC_003197.2	4341000	4342000	6
NC_003197.2	4342000	4343000	3
NC_003197.2	4343000	4344000	9
NC_003197.2	4344000	4345000	5
NC_003197.2	4345000	4346000	7
NC_003197.2	4346000	4347000	8
NC_003197.2	4347000	4348000	6
NC_003197.2	4348000	4349000	4
NC_003197.2	4349000	4350000	5
NC_003197.2	4350000	4351000	3
NC_003197.2	4351000	4352000	4
NC_003197.2	4352000	4353000	10
NC_003197.2	4353000	4354000	7
NC_003197.2	4354000	4355000	4
NC_003197.2	4355000	4356000	4
NC_003197.2	4356000	4357000	10
NC_003197.2	4357000	4358000	6
NC_003197.2	4358000	4359000	5
NC_003197.2	4359000	4360000	7
NC_003197.2	4360000	4361000	18
NC_003197.2	4361000	4362000	3
NC_003197.2	4362000	4363000	7
NC_003197.2	4363000	4364000	7
NC_003197.2	4364000	4365000	6
NC_003197.2	4365000	4366000	9
NC_003197.2	4366000	4367000	3
NC_003197.2	4367000	4368000	3
NC_003197.2	4368000	4369000	3
NC_003197.2	4369000	4370000	3
NC_003197.2	4370000	4371000	4
NC_003197.2	4371000	4372000	3
NC_003197.2	4372000	4373000	3
NC_003197.2	4373000	4374000	3
NC_003197.2	4374000	4375000	8
NC_003197.2	4375000	4376000	4
NC_003197.2	4376000	4377000	5
NC_003197.2	4377000	4378000	3
NC_003197.2	4378000	4379000	9
NC_003197.2	4379000	4380000	9
NC_003197.2	4380000	4381000	6
NC_003197.2	4381000	4382000	3
NC_003197.2	4382000	4383000	6
NC_003197.2	4383000	4384000	7
NC_003197.2	4384000	4385000	6
NC_003197.2	4385000	4386000	8
NC_003197.2	4386000	4387000	6
NC_003197.2	4387000	4388000	5
NC_003197.2	4388000	4389000	7
NC_003197.2	4389000	4390000	6
NC_003197.2	4390000	4391000	3
NC_003197.2	4391000	4392000	5
NC_003197.2	4392000	4393000	6
NC_003197.2	4393000	4394000	3
NC_003197.2	4394000	4395000	10
NC_003197.2	4395000	4396000	4
NC_003197.2	4396000	4397000	10
NC_003197.2	4397000	4398000	4
NC_003197.2	4398000	4399000	4
NC_003197.2	4399000	4400000	7
NC_003197.2	4400000	4401000	11
NC_003197.2	4401000	4402000	7
NC_003197.2	4402000	4403000	4
NC_003197.2	4403000	4404000	6
NC_003197.2	4404000	4405000	3
NC_003197.2	4405000	4406000	4
NC_003197.2	4406000	4407000	5
NC_003197.2	4407000	4408000	6
NC_003197.2	4408000	4409000	9
NC_003197.2	4409000	4410000	3
NC_003197.2	4410000	4411000	3
NC_003197.2	4411000	4412000	3
NC_003197.2	4412000	4413000	6
NC_003197.2	4413000	4414000	3
NC_003197.2	4414000	4415000	9
NC_003197.2	4415000	4416000	6
NC_003197.2	4416000	4417000	8
NC_003197.2	4417000	4418000	6
NC_003197.2	4418000	4419000	6
NC_003197.2	4419000	4420000	9
NC_003197.2	4420000	4421000	6
NC_003197.2	4421000	4422000	3
NC_003197.2	4422000	4423000	9
NC_003197.2	4423000	4424000	6
NC_003197.2	4424000	4425000	6
NC_003197.2	4425000	4426000	3
NC_003197.2	4426000	4427000	9
NC_003197.2	4427000	4428000	5
NC_003197.2	4428000	4429000	6
NC_003197.2	4429000	4430000	9
NC_003197.2	4430000	4431000	6
NC_003197.2	4431000	4432000	3
NC_003197.2	4432000	4433000	3
NC_003197.2	4433000	4434000	6
NC_003197.2	4434000	4435000	3
NC_003197.2	4435000	4436000	9
NC_003197.2	4436000	4437000	9
NC_003197.2	4437000	4438000	7
NC_003197.2	4438000	4439000	6
NC_003197.2	4439000	4440000	4
NC_003197.2	4440000	4441000	4
NC_003197.2	4441000	4442000	3
NC_003197.2	4442000	4443000	6
NC_003197.2	4443000	4444000	9
NC_003197.2	4444000	4445000	3
NC_003197.2	4445000	4446000	3
NC_003197.2	4446000	4447000	8
NC_003197.2	4447000	4448000	6
NC_003197.2	4448000	4449000	3
NC_003197.2	4449000	4450000	6
NC_003197.2	4450000	4451000	20
NC_003197.2	4451000	4452000	3
NC_003197.2	4452000	4453000	6
NC_003197.2	4453000	4454000	6
NC_003197.2	4454000	4455000	6
NC_003197.2	4455000	4456000	6
NC_003197.2	4456000	4457000	5
NC_003197.2	4457000	4458000	3
NC_003197.2	4458000	4459000	7
NC_003197.2	4459000	4460000	10
NC_003197.2	4460000	4461000	4
NC_003197.2	4461000	4462000	10
NC_003197.2	4462000	4463000	7
NC_003197.2	4463000	4464000	5
NC_003197.2	4464000	4465000	3
NC_003197.2	4465000	4466000	6
NC_003197.2	4466000	4467000	7
NC_003197.2	4467000	4468000	3
NC_003197.2	4468000	4469000	6
NC_003197.2	4469000	4470000	10
NC_003197.2	4470000	4471000	6
NC_003197.2	4471000	4472000	9
NC_003197.2	4472000	4473000	8
NC_003197.2	4473000	4474000	6
NC_003197.2	4474000	4475000	3
NC_003197.2	4475000	4476000	3
NC_003197.2	4476000	4477000	15
NC_003197.2	4477000	4478000	4
NC_003197.2	4478000	4479000	6
NC_003197.2	4479000	4480000	6
NC_003197.2	4480000	4481000	3
NC_003197.2	4481000	4482000	5
NC_003197.2	4482000	4483000	5
NC_003197.2	4483000	4484000	3
NC_003197.2	4484000	4485000	3
NC_003197.2	4485000	4486000	3
NC_003197.2	4486000	4487000	3
NC_003197.2	4487000	4488000	3
NC_003197.2	4488000	4489000	3
NC_003197.2	4489000	4490000	3
NC_003197.2	4490000	4491000	3
NC_003197.2	4491000	4492000	3
NC_003197.2	4492000	4493000	3
NC_003197.2	4493000	4494000	3
NC_003197.2	4494000	4495000	3
NC_003197.2	4495000	4496000	3
NC_003197.2	4496000	4497000	3
NC_003197.2	4497000	4498000	3
NC_003197.2	4498000	4499000	3
NC_003197.2	4499000	4500000	6
NC_003197.2	4500000	4501000	3
NC_003197.2	4501000	4502000	6
NC_003197.2	4502000	4503000	4
NC_003197.2	4503000	4504000	5
NC_003197.2	4504000	4505000	13
NC_003197.2	4505000	4506000	4
NC_003197.2	4506000	4507000	4
NC_003197.2	4507000	4508000	6
NC_003197.2	4508000	4509000	3
NC_003197.2	4509000	4510000	5
NC_003197.2	4510000	4511000	10
NC_003197.2	4511000	4512000	5
NC_003197.2	4512000	4513000	3
NC_003197.2	4513000	4514000	9
NC_003197.2	4514000	4515000	3
NC_003197.2	4515000	4516000	12
NC_003197.2	4516000	4517000	8
NC_003197.2	4517000	4518000	5
NC_003197.2	4518000	4519000	9
NC_003197.2	4519000	4520000	6
NC_003197.2	4520000	4521000	3
NC_003197.2	4521000	4522000	3
NC_003197.2	4522000	4523000	6
NC_003197.2	4523000	4524000	4
NC_003197.2	4524000	4525000	5
NC_003197.2	4525000	4526000	5
NC_003197.2	4526000	4527000	3
NC_003197.2	4527000	4528000	6
NC_003197.2	4528000	4529000	4
NC_003197.2	4529000	4530000	6
NC_003197.2	4530000	4531000	13
NC_003197.2	4531000	4532000	3
NC_003197.2	4532000	4533000	5
NC_003197.2	4533000	4534000	5
NC_003197.2	4534000	4535000	6
NC_003197.2	4535000	4536000	3
NC_003197.2	4536000	4537000	6
NC_003197.2	4537000	4538000	6
NC_003197.2	4538000	4539000	6
NC_003197.2	4539000	4540000	3
NC_003197.2	4540000	4541000	4
NC_003197.2	4541000	4542000	3
NC_003197.2	4542000	4543000	18
NC_003197.2	4543000	4544000	6
NC_003197.2	4544000	4545000	3
NC_003197.2	4545000	4546000	5
NC_003197.2	4546000	4547000	3
NC_003197.2	4547000	4548000	11
NC_003197.2	4548000	4549000	7
NC_003197.2	4549000	4550000	6
NC_003197.2	4550000	4551000	3
NC_003197.2	4551000	4552000	7
NC_003197.2	4552000	4553000	3
NC_003197.2	4553000	4554000	3
NC_003197.2	4554000	4555000	9
NC_003197.2	4555000	4556000	6
NC_003197.2	4556000	4557000	5
NC_003197.2	4557000	4558000	4
NC_003197.2	4558000	4559000	3
NC_003197.2	4559000	4560000	7
NC_003197.2	4560000	4561000	10
NC_003197.2	4561000	4562000	4
NC_003197.2	4562000	4563000	9
NC_003197.2	4563000	4564000	5
NC_003197.2	4564000	4565000	4
NC_003197.2	4565000	4566000	1
NC_003197.2	4566000	4567000	9
NC_003197.2	4567000	4568000	6
NC_003197.2	4568000	4569000	3
NC_003197.2	4569000	4570000	9
NC_003197.2	4570000	4571000	6
NC_003197.2	4571000	4572000	3
NC_003197.2	4572000	4573000	8
NC_003197.2	4573000	4574000	5
NC_003197.2	4574000	4575000	7
NC_003197.2	4575000	4576000	6
NC_003197.2	4576000	4577000	5
NC_003197.2	4577000	4578000	5
NC_003197.2	4578000	4579000	6
NC_003197.2	4579000	4580000	7
NC_003197.2	4580000	4581000	10
NC_003197.2	4581000	4582000	9
NC_003197.2	4582000	4583000	9
NC_003197.2	4583000	4584000	8
NC_003197.2	4584000	4585000	6
NC_003197.2	4585000	4586000	8
NC_003197.2	4586000	4587000	5
NC_003197.2	4587000	4588000	6
NC_003197.2	4588000	4589000	6
NC_003197.2	4589000	4590000	5
NC_003197.2	4590000	4591000	3
NC_003197.2	4591000	4592000	3
NC_003197.2	4592000	4593000	6
NC_003197.2	4593000	4594000	6
NC_003197.2	4594000	4595000	6
NC_003197.2	4595000	4596000	5
NC_003197.2	4596000	4597000	13
NC_003197.2	4597000	4598000	3
NC_003197.2	4598000	4599000	9
NC_003197.2	4599000	4600000	5
NC_003197.2	4600000	4601000	6
NC_003197.2	4601000	4602000	6
NC_003197.2	4602000	4603000	3
NC_003197.2	4603000	4604000	6
NC_003197.2	4604000	4605000	9
NC_003197.2	4605000	4606000	3
NC_003197.2	4606000	4607000	6
NC_003197.2	4607000	4608000	6
NC_003197.2	4608000	4609000	6
NC_003197.2	4609000	4610000	8
NC_003197.2	4610000	4611000	6
NC_003197.2	4611000	4612000	6
NC_003197.2	4612000	4613000	3
NC_003197.2	4613000	4614000	6
NC_003197.2	4614000	4615000	9
NC_003197.2	4615000	4616000	6
NC_003197.2	4616000	4617000	6
NC_003197.2	4617000	4618000	9
NC_003197.2	4618000	4619000	6
NC_003197.2	4619000	4620000	8
NC_003197.2	4620000	4621000	3
NC_003197.2	4621000	4622000	8
NC_003197.2	4622000	4623000	9
NC_003197.2	4623000	4624000	6
NC_003197.2	4624000	4625000	4
NC_003197.2	4625000	4626000	3
NC_003197.2	4626000	4627000	9
NC_003197.2	4627000	4628000	6
NC_003197.2	4628000	4629000	9
NC_003197.2	4629000	4630000	5
NC_003197.2	4630000	4631000	13
NC_003197.2	4631000	4632000	9
NC_003197.2	4632000	4633000	4
NC_003197.2	4633000	4634000	9
NC_003197.2	4634000	4635000	6
NC_003197.2	4635000	4636000	3
NC_003197.2	4636000	4637000	5
NC_003197.2	4637000	4638000	6
NC_003197.2	4638000	4639000	6
NC_003197.2	4639000	4640000	9
NC_003197.2	4640000	4641000	3
NC_003197.2	4641000	4642000	10
NC_003197.2	4642000	4643000	5
NC_003197.2	4643000	4644000	9
NC_003197.2	4644000	4645000	3
NC_003197.2	4645000	4646000	7
NC_003197.2	4646000	4647000	4
NC_003197.2	4647000	4648000	6
NC_003197.2	4648000	4649000	3
NC_003197.2	4649000	4650000	3
NC_003197.2	4650000	4651000	3
NC_003197.2	4651000	4652000	7
NC_003197.2	4652000	4653000	3
NC_003197.2	4653000	4654000	6
NC_003197.2	4654000	4655000	5
NC_003197.2	4655000	4656000	6
NC_003197.2	4656000	4657000	7
NC_003197.2	4657000	4658000	3
NC_003197.2	4658000	4659000	5
NC_003197.2	4659000	4660000	5
NC_003197.2	4660000	4661000	4
NC_003197.2	4661000	4662000	4
NC_003197.2	4662000	4663000	3
NC_003197.2	4663000	4664000	6
NC_003197.2	4664000	4665000	3
NC_003197.2	4665000	4666000	9
NC_003197.2	4666000	4667000	5
NC_003197.2	4667000	4668000	6
NC_003197.2	4668000	4669000	3
NC_003197.2	4669000	4670000	4
NC_003197.2	4670000	4671000	6
NC_003197.2	4671000	4672000	5
NC_003197.2	4672000	4673000	8
NC_003197.2	4673000	4674000	5
NC_003197.2	4674000	4675000	7
NC_003197.2	4675000	4676000	5
NC_003197.2	4676000	4677000	8
NC_003197.2	4677000	4678000	5
NC_003197.2	4678000	4679000	4
NC_003197.2	4679000	4680000	6
NC_003197.2	4680000	4681000	6
NC_003197.2	4681000	4682000	9
NC_003197.2	4682000	4683000	3
NC_003197.2	4683000	4684000	8
NC_003197.2	4684000	4685000	12
NC_003197.2	4685000	4686000	6
NC_003197.2	4686000	4687000	6
NC_003197.2	4687000	4688000	6
NC_003197.2	4688000	4689000	6
NC_003197.2	4689000	4690000	6
NC_003197.2	4690000	4691000	3
NC_003197.2	4691000	4692000	11
NC_003197.2	4692000	4693000	6
NC_003197.2	4693000	4694000	3
NC_003197.2	4694000	4695000	4
NC_003197.2	4695000	4696000	3
NC_003197.2	4696000	4697000	5
NC_003197.2	4697000	4698000	2
NC_003197.2	4698000	4699000	6
NC_003197.2	4699000	4700000	9
NC_003197.2	4700000	4701000	3
NC_003197.2	4701000	4702000	3
NC_003197.2	4702000	4703000	6
NC_003197.2	4703000	4704000	9
NC_003197.2	4704000	4705000	6
NC_003197.2	4705000	4706000	15
NC_003197.2	4706000	4707000	3
NC_003197.2	4707000	4708000	6
NC_003197.2	4708000	4709000	6
NC_003197.2	4709000	4710000	6
NC_003197.2	4710000	4711000	4
NC_003197.2	4711000	4712000	6
NC_003197.2	4712000	4713000	11
NC_003197.2	4713000	4714000	5
NC_003197.2	4714000	4715000	6
NC_003197.2	4715000	4716000	6
NC_003197.2	4716000	4717000	3
NC_003197.2	4717000	4718000	3
NC_003197.2	4718000	4719000	3
NC_003197.2	4719000	4720000	6
NC_003197.2	4720000	4721000	6
NC_003197.2	4721000	4722000	4
NC_003197.2	4722000	4723000	5
NC_003197.2	4723000	4724000	6
NC_003197.2	4724000	4725000	5
NC_003197.2	4725000	4726000	6
NC_003197.2	4726000	4727000	3
NC_003197.2	4727000	4728000	9
NC_003197.2	4728000	4729000	3
NC_003197.2	4729000	4730000	9
NC_003197.2	4730000	4731000	4
NC_003197.2	4731000	4732000	10
NC_003197.2	4732000	4733000	3
NC_003197.2	4733000	4734000	3
NC_003197.2	4734000	4735000	3
NC_003197.2	4735000	4736000	6
NC_003197.2	4736000	4737000	5
NC_003197.2	4737000	4738000	3
NC_003197.2	4738000	4739000	6
NC_003197.2	4739000	4740000	3
NC_003197.2	4740000	4741000	3
NC_003197.2	4741000	4742000	6
NC_003197.2	4742000	4743000	6
NC_003197.2	4743000	4744000	6
NC_003197.2	4744000	4745000	3
NC_003197.2	4745000	4746000	3
NC_003197.2	4746000	4747000	4
NC_003197.2	4747000	4748000	3
NC_003197.2	4748000	4749000	3
NC_003197.2	4749000	4750000	3
NC_003197.2	4750000	4751000	5
NC_003197.2	4751000	4752000	7
NC_003197.2	4752000	4753000	3
NC_003197.2	4753000	4754000	6
NC_003197.2	4754000	4755000	3
NC_003197.2	4755000	4756000	7
NC_003197.2	4756000	4757000	4
NC_003197.2	4757000	4758000	4
NC_003197.2	4758000	4759000	6
NC_003197.2	4759000	4760000	6
NC_003197.2	4760000	4761000	5
NC_003197.2	4761000	4762000	6
NC_003197.2	4762000	4763000	4
NC_003197.2	4763000	4764000	4
NC_003197.2	4764000	4765000	6
NC_003197.2	4765000	4766000	5
NC_003197.2	4766000	4767000	5
NC_003197.2	4767000	4768000	9
NC_003197.2	4768000	4769000	3
NC_003197.2	4769000	4770000	3
NC_003197.2	4770000	4771000	6
NC_003197.2	4771000	4772000	4
NC_003197.2	4772000	4773000	3
NC_003197.2	4773000	4774000	7
NC_003197.2	4774000	4775000	6
NC_003197.2	4775000	4776000	5
NC_003197.2	4776000	4777000	9
NC_003197.2	4777000	4778000	6
NC_003197.2	4778000	4779000	3
NC_003197.2	4779000	4780000	6
NC_003197.2	4780000	4781000	6
NC_003197.2	4781000	4782000	3
NC_003197.2	4782000	4783000	3
NC_003197.2	4783000	4784000	3
NC_003197.2	4784000	4785000	7
NC_003197.2	4785000	4786000	9
NC_003197.2	4786000	4787000	5
NC_003197.2	4787000	4788000	9
NC_003197.2	4788000	4789000	3
NC_003197.2	4789000	4790000	4
NC_003197.2	4790000	4791000	4
NC_003197.2	4791000	4792000	3
NC_003197.2	4792000	4793000	4
NC_003197.2	4793000	4794000	3
NC_003197.2	4794000	4795000	6
NC_003197.2	4795000	4796000	9
NC_003197.2	4796000	4797000	6
NC_003197.2	4797000	4798000	6
NC_003197.2	4798000	4799000	5
NC_003197.2	4799000	4800000	5
NC_003197.2	4800000	4801000	3
NC_003197.2	4801000	4802000	3
NC_003197.2	4802000	4803000	6
NC_003197.2	4803000	4804000	6
NC_003197.2	4804000	4805000	9
NC_003197.2	4805000	4806000	4
NC_003197.2	4806000	4807000	7
NC_003197.2	4807000	4808000	5
NC_003197.2	4808000	4809000	6
NC_003197.2	4809000	4810000	3
NC_003197.2	4810000	4811000	15
NC_003197.2	4811000	4812000	3
NC_003197.2	4812000	4813000	10
NC_003197.2	4813000	4814000	9
NC_003197.2	4814000	4815000	3
NC_003197.2	4815000	4816000	6
NC_003197.2	4816000	4817000	9
NC_003197.2	4817000	4818000	6
NC_003197.2	4818000	4819000	7
NC_003197.2	4819000	4820000	5
NC_003197.2	4820000	4821000	3
NC_003197.2	4821000	4822000	15
NC_003197.2	4822000	4823000	6
NC_003197.2	4823000	4824000	6
NC_003197.2	4824000	4825000	3
NC_003197.2	4825000	4826000	6
NC_003197.2	4826000	4827000	6
NC_003197.2	4827000	4828000	3
NC_003197.2	4828000	4829000	5
NC_003197.2	4829000	4830000	6
NC_003197.2	4830000	4831000	6
NC_003197.2	4831000	4832000	6
NC_003197.2	4832000	4833000	6
NC_003197.2	4833000	4834000	7
NC_003197.2	4834000	4835000	6
NC_003197.2	4835000	4836000	6
NC_003197.2	4836000	4837000	3
NC_003197.2	4837000	4838000	5
NC_003197.2	4838000	4839000	4
NC_003197.2	4839000	4840000	3
NC_003197.2	4840000	4841000	6
NC_003197.2	4841000	4842000	7
NC_003197.2	4842000	4843000	6
NC_003197.2	4843000	4844000	9
NC_003197.2	4844000	4845000	9
NC_003197.2	4845000	4846000	3
NC_003197.2	4846000	4847000	6
NC_003197.2	4847000	4848000	5
NC_003197.2	4848000	4849000	6
NC_003197.2	4849000	4850000	6
NC_003197.2	4850000	4851000	3
NC_003197.2	4851000	4852000	3
NC_003197.2	4852000	4853000	8
NC_003197.2	4853000	4854000	6
NC_003197.2	4854000	4855000	6
NC_003197.2	4855000	4856000	6
NC_003197.2	4856000	4857000	11
NC_003197.2	4857000	4858000	3
NC_003197.2	4858000	4859000	0
NC_003197.2	4859000	4860000	0
NC_003197.2	4860000	4861000	0
NC_003197.2	4861000	4862000	0
NC_003197.2	4862000	4863000	0
NC_003197.2	4863000	4864000	0
NC_003197.2	4864000	4865000	0
NC_003197.2	4865000	4866000	0
NC_003197.2	4866000	4867000	0
NC_003197.2	4867000	4868000	0
NC_003197.2	4868000	4869000	0
NC_003197.2	4869000	4870000	0
NC_003197.2	4870000	4871000	0
NC_003197.2	4871000	4872000	0
NC_003197.2	4872000	4873000	0
NC_003197.2	4873000	4874000	0
NC_003197.2	4874000	4875000	0
NC_003197.2	4875000	4876000	0
NC_003197.2	4876000	4877000	0
NC_003197.2	4877000	4878000	0
NC_003197.2	4878000	4879000	0
NC_003197.2	4879000	4880000	0
NC_003197.2	4880000	4881000	0
NC_003197.2	4881000	4882000	0
NC_003197.2	4882000	4883000	0
NC_003197.2	4883000	4884000	0
NC_003197.2	4884000	4885000	0
NC_003197.2	4885000	4886000	0
NC_003197.2	4886000	4887000	0
NC_003197.2	4887000	4888000	0
NC_003197.2	4888000	4889000	0
NC_003197.2	4889000	4890000	0
NC_003197.2	4890000	4891000	0
NC_003197.2	4891000	4892000	0
NC_003197.2	4892000	4893000	0
NC_003197.2	4893000	4894000	0
NC_003197.2	4894000	4895000	0
NC_003197.2	4895000	4896000	0
NC_003197.2	4896000	4897000	0
NC_003197.2	4897000	4898000	0
NC_003197.2	4898000	4899000	0
NC_003197.2	4899000	4900000	0
NC_003197.2	4900000	4901000	0
NC_003197.2	4901000	4902000	0
NC_003197.2	4902000	4903000	0
NC_003197.2	4903000	4904000	0
NC_003197.2	4904000	4905000	0
NC_003197.2	4905000	4906000	0
NC_003197.2	4906000	4907000	0
NC_003197.2	4907000	4908000	0
NC_003197.2	4908000	4909000	0
NC_003197.2	4909000	4910000	0
NC_003197.2	4910000	4911000	0
NC_003197.2	4911000	4912000	0
NC_003197.2	4912000	4913000	0
NC_003197.2	4913000	4914000	0
NC_003197.2	4914000	4915000	0
NC_003197.2	4915000	4916000	0
NC_003197.2	4916000	4917000	0
NC_003197.2	4917000	4918000	0
NC_003197.2	4918000	4919000	0
NC_003197.2	4919000	4920000	0
NC_003197.2	4920000	4921000	0
NC_003197.2	4921000	4922000	0
NC_003197.2	4922000	4923000	0
NC_003197.2	4923000	4924000	0
NC_003197.2	4924000	4925000	0
NC_003197.2	4925000	4926000	0
NC_003197.2	4926000	4927000	0
NC_003197.2	4927000	4928000	0
NC_003197.2	4928000	4929000	0
NC_003197.2	4929000	4930000	0
NC_003197.2	4930000	4931000	0
NC_003197.2	4931000	4932000	0
NC_003197.2	4932000	4933000	0
NC_003197.2	4933000	4934000	0
NC_003197.2	4934000	4935000	0
NC_003197.2	4935000	4936000	0
NC_003197.2	4936000	4937000	0
NC_003197.2	4937000	4938000	0
NC_003197.2	4938000	4939000	0
NC_003197.2	4939000	4940000	0
NC_003197.2	4940000	4941000	0
NC_003197.2	4941000	4942000	0
NC_003197.2	4942000	4943000	0
NC_003197.2	4943000	4944000	0
NC_003197.2	4944000	4945000	0
NC_003197.2	4945000	4946000	0
NC_003197.2	4946000	4947000	0
NC_003197.2	4947000	4948000	0
NC_003197.2	4948000	4949000	0
NC_003197.2	4949000	4950000	0
NC_003197.2	4950000	4951000	0
NC_003197.2	4951000	4952000	0
NC_003277.2	0	1000	5
NC_003277.2	1000	2000	11
NC_003277.2	2000	3000	3
NC_003277.2	3000	4000	5
NC_003277.2	4000	5000	5
NC_003277.2	5000	6000	5
NC_003277.2	6000	7000	5
NC_003277.2	7000	8000	7
NC_003277.2	8000	9000	5
NC_003277.2	9000	10000	5
NC_003277.2	10000	11000	7
NC_003277.2	11000	12000	3
NC_003277.2	12000	13000	3
NC_003277.2	13000	14000	5
NC_003277.2	14000	15000	5
NC_003277.2	15000	16000	4
NC_003277.2	16000	17000	5
NC_003277.2	17000	18000	5
NC_003277.2	18000	19000	5
NC_003277.2	19000	20000	3
NC_003277.2	20000	21000	9
NC_003277.2	21000	22000	5
NC_003277.2	22000	23000	5
NC_003277.2	23000	24000	3
NC_003277.2	24000	25000	3
NC_003277.2	25000	26000	7
NC_003277.2	26000	27000	5
NC_003277.2	27000	28000	3
NC_003277.2	28000	29000	3
NC_003277.2	29000	30000	3
NC_003277.2	30000	31000	3
NC_003277.2	31000	32000	3
NC_003277.2	32000	33000	5
NC_003277.2	33000	34000	3
NC_003277.2	34000	35000	3
NC_003277.2	35000	36000	5
NC_003277.2	36000	37000	5
NC_003277.2	37000	38000	5
NC_003277.2	38000	39000	5
NC_003277.2	39000	40000	5
NC_003277.2	40000	41000	7
NC_003277.2	41000	42000	5
NC_003277.2	42000	43000	3
NC_003277.2	43000	44000	5
NC_003277.2	44000	45000	3
NC_003277.2	45000	46000	5
NC_003277.2	46000	47000	3
NC_003277.2	47000	48000	5
NC_003277.2	48000	49000	5
NC_003277.2	49000	50000	6
NC_003277.2	50000	51000	7
NC_003277.2	51000	52000	3
NC_003277.2	52000	53000	5
NC_003277.2	53000	54000	6
NC_003277.2	54000	55000	6
NC_003277.2	55000	56000	5
NC_003277.2	56000	57000	3
NC_003277.2	57000	58000	7
NC_003277.2	58000	59000	4
NC_003277.2	59000	60000	2
NC_003277.2	60000	61000	3
NC_003277.2	61000	62000	8
NC_003277.2	62000	63000	7
NC_003277.2	63000	64000	7
NC_003277.2	64000	65000	5
NC_003277.2	65000	66000	3
NC_003277.2	66000	67000	9
NC_003277.2	67000	68000	7
NC_003277.2	68000	69000	5
NC_003277.2	69000	70000	3
NC_003277.2	70000	71000	3
NC_003277.2	71000	72000	7
NC_003277.2	72000	73000	5
NC_003277.2	73000	74000	7
NC_003277.2	74000	75000	5
NC_003277.2	75000	76000	3
NC_003277.2	76000	77000	7
NC_003277.2	77000	78000	7
NC_003277.2	78000	79000	5
NC_003277.2	79000	80000	5
NC_003277.2	80000	81000	3
NC_003277.2	81000	82000	3
NC_003277.2	82000	83000	5
NC_003277.2	83000	84000	5
NC_003277.2	84000	85000	3
NC_003277.2	85000	86000	3
NC_003277.2	86000	87000	9
NC_003277.2	87000	88000	7
NC_003277.2	88000	89000	3
NC_003277.2	89000	90000	4
NC_003277.2	90000	91000	3
NC_003277.2	91000	92000	3
NC_003277.2	92000	93000	5
NC_003277.2	93000	94000	5
NC_003277.2	94000	95000	0
NC_003277.2	95000	96000	0
NC_003277.2	96000	97000	0
NC_003277.2	97000	98000	0
NC_003277.2	98000	99000	0
NC_003277.2	99000	100000	0
NC_003277.2	100000	101000	0
NC_003277.2	101000	102000	0
NC_003277.2	102000	103000	0
NC_003277.2	103000	104000	0
NC_003277.2	104000	105000	0
NC_003277.2	105000	106000	0
NC_003277.2	106000	107000	0
NC_003277.2	107000	108000	0
NC_003277.2	108000	109000	0
NC_003277.2	109000	110000	0
NC_003277.2	110000	111000	0
NC_003277.2	111000	112000	0
NC_003277.2	112000	113000	0
NC_003277.2	113000	114000	0
NC_003277.2	114000	115000	0
NC_003277.2	115000	116000	0
NC_003277.2	116000	117000	0
NC_003277.2	117000	118000	0
NC_003277.2	118000	119000	0
NC_003277.2	119000	120000	0
NC_003277.2	120000	121000	0
NC_003277.2	121000	122000	0
NC_003277.2	122000	123000	0
NC_003277.2	123000	124000	0
NC_003277.2	124000	125000	0
NC_003277.2	125000	126000	0
NC_003277.2	126000	127000	0
NC_003277.2	127000	128000	0
NC_003277.2	128000	129000	0
NC_003277.2	129000	130000	0
NC_003277.2	130000	131000	0
NC_003277.2	131000	132000	0
NC_003277.2	132000	133000	0
NC_003277.2	133000	134000	0
NC_003277.2	134000	135000	0
NC_003277.2	135000	136000	0
NC_003277.2	136000	137000	0
NC_003277.2	137000	138000	0
NC_003277.2	138000	139000	0
NC_003277.2	139000	140000	0
NC_003277.2	140000	141000	0
NC_003277.2	141000	142000	0
NC_003277.2	142000	143000	0
NC_003277.2	143000	144000	0
NC_003277.2	144000	145000	0
NC_003277.2	145000	146000	0
NC_003277.2	146000	147000	0
NC_003277.2	147000	148000	0
NC_003277.2	148000	149000	0
NC_003277.2	149000	150000	0
NC_003277.2	150000	151000	0
NC_003277.2	151000	152000	0
NC_003277.2	152000	153000	0
NC_003277.2	153000	154000	0
NC_003277.2	154000	155000	0
NC_003277.2	155000	156000	0
NC_003277.2	156000	157000	0
NC_003277.2	157000	158000	0
NC_003277.2	158000	159000	0
NC_003277.2	159000	160000	0
NC_003277.2	160000	161000	0
NC_003277.2	161000	162000	0
NC_003277.2	162000	163000	0
NC_003277.2	163000	164000	0
NC_003277.2	164000	165000	0
NC_003277.2	165000	166000	0
NC_003277.2	166000	167000	0
NC_003277.2	167000	168000	0
NC_003277.2	168000	169000	0
NC_003277.2	169000	170000	0
NC_003277.2	170000	171000	0
NC_003277.2	171000	172000	0
NC_003277.2	172000	173000	0
NC_003277.2	173000	174000	0
NC_003277.2	174000	175000	0
NC_003277.2	175000	176000	0
NC_003277.2	176000	177000	0
NC_003277.2	177000	178000	0
NC_003277.2	178000	179000	0
NC_003277.2	179000	180000	0
NC_003277.2	180000	181000	0
NC_003277.2	181000	182000	0
NC_003277.2	182000	183000	0
NC_003277.2	183000	184000	0
NC_003277.2	184000	185000	0
NC_003277.2	185000	186000	0
NC_003277.2	186000	187000	0
NC_003277.2	187000	188000	0
NC_003277.2	188000	189000	0
NC_003277.2	189000	190000	0
NC_003277.2	190000	191000	0
NC_003277.2	191000	192000	0
NC_003277.2	192000	193000	0
NC_003277.2	193000	194000	0
NC_003277.2	194000	195000	0
NC_003277.2	195000	196000	0
NC_003277.2	196000	197000	0
NC_003277.2	197000	198000	0
NC_003277.2	198000	199000	0
NC_003277.2	199000	200000	0
NC_003277.2	200000	201000	0
NC_003277.2	201000	202000	0
NC_003277.2	202000	203000	0
NC_003277.2	203000	204000	0
NC_003277.2	204000	205000	0
NC_003277.2	205000	206000	0
NC_003277.2	206000	207000	0
NC_003277.2	207000	208000	0
NC_003277.2	208000	209000	0
NC_003277.2	209000	210000	0
NC_003277.2	210000	211000	0
NC_003277.2	211000	212000	0
NC_003277.2	212000	213000	0
NC_003277.2	213000	214000	0
NC_003277.2	214000	215000	0
NC_003277.2	215000	216000	0
NC_003277.2	216000	217000	0
NC_003277.2	217000	218000	0
NC_003277.2	218000	219000	0
NC_003277.2	219000	220000	0
NC_003277.2	220000	221000	0
NC_003277.2	221000	222000	0
NC_003277.2	222000	223000	0
NC_003277.2	223000	224000	0
NC_003277.2	224000	225000	0
NC_003277.2	225000	226000	0
NC_003277.2	226000	227000	0
NC_003277.2	227000	228000	0
NC_003277.2	228000	229000	0
NC_003277.2	229000	230000	0
NC_003277.2	230000	231000	0
NC_003277.2	231000	232000	0
NC_003277.2	232000	233000	0
NC_003277.2	233000	234000	0
NC_003277.2	234000	235000	0
NC_003277.2	235000	236000	0
NC_003277.2	236000	237000	0
NC_003277.2	237000	238000	0
NC_003277.2	238000	239000	0
NC_003277.2	239000	240000	0
NC_003277.2	240000	241000	0
NC_003277.2	241000	242000	0
NC_003277.2	242000	243000	0
NC_003277.2	243000	244000	0
NC_003277.2	244000	245000	0
NC_003277.2	245000	246000	0
NC_003277.2	246000	247000	0
NC_003277.2	247000	248000	0
NC_003277.2	248000	249000	0
NC_003277.2	249000	250000	0
NC_003277.2	250000	251000	0
NC_003277.2	251000	252000	0
NC_003277.2	252000	253000	0
NC_003277.2	253000	254000	0
NC_003277.2	254000	255000	0
NC_003277.2	255000	256000	0
NC_003277.2	256000	257000	0
NC_003277.2	257000	258000	0
NC_003277.2	258000	259000	0
NC_003277.2	259000	260000	0
NC_003277.2	260000	261000	0
NC_003277.2	261000	262000	0
NC_003277.2	262000	263000	0
NC_003277.2	263000	264000	0
NC_003277.2	264000	265000	0
NC_003277.2	265000	266000	0
NC_003277.2	266000	267000	0
NC_003277.2	267000	268000	0
NC_003277.2	268000	269000	0
NC_003277.2	269000	270000	0
NC_003277.2	270000	271000	0
NC_003277.2	271000	272000	0
NC_003277.2	272000	273000	0
NC_003277.2	273000	274000	0
NC_003277.2	274000	275000	0
NC_003277.2	275000	276000	0
NC_003277.2	276000	277000	0
NC_003277.2	277000	278000	0
NC_003277.2	278000	279000	0
NC_003277.2	279000	280000	0
NC_003277.2	280000	281000	0
NC_003277.2	281000	282000	0
NC_003277.2	282000	283000	0
NC_003277.2	283000	284000	0
NC_003277.2	284000	285000	0
NC_003277.2	285000	286000	0
NC_003277.2	286000	287000	0
NC_003277.2	287000	288000	0
NC_003277.2	288000	289000	0
NC_003277.2	289000	290000	0
NC_003277.2	290000	291000	0
NC_003277.2	291000	292000	0
NC_003277.2	292000	293000	0
NC_003277.2	293000	294000	0
NC_003277.2	294000	295000	0
NC_003277.2	295000	296000	0
NC_003277.2	296000	297000	0
NC_003277.2	297000	298000	0
NC_003277.2	298000	299000	0
NC_003277.2	299000	300000	0
NC_003277.2	300000	301000	0
NC_003277.2	301000	302000	0
NC_003277.2	302000	303000	0
NC_003277.2	303000	304000	0
NC_003277.2	304000	305000	0
NC_003277.2	305000	306000	0
NC_003277.2	306000	307000	0
NC_003277.2	307000	308000	0
NC_003277.2	308000	309000	0
NC_003277.2	309000	310000	0
NC_003277.2	310000	311000	0
NC_003277.2	311000	312000	0
NC_003277.2	312000	313000	0
NC_003277.2	313000	314000	0
NC_003277.2	314000	315000	0
NC_003277.2	315000	316000	0
NC_003277.2	316000	317000	0
NC_003277.2	317000	318000	0
NC_003277.2	318000	319000	0
NC_003277.2	319000	320000	0
NC_003277.2	320000	321000	0
NC_003277.2	321000	322000	0
NC_003277.2	322000	323000	0
NC_003277.2	323000	324000	0
NC_003277.2	324000	325000	0
NC_003277.2	325000	326000	0
NC_003277.2	326000	327000	0
NC_003277.2	327000	328000	0
NC_003277.2	328000	329000	0
NC_003277.2	329000	330000	0
NC_003277.2	330000	331000	0
NC_003277.2	331000	332000	0
NC_003277.2	332000	333000	0
NC_003277.2	333000	334000	0
NC_003277.2	334000	335000	0
NC_003277.2	335000	336000	0
NC_003277.2	336000	337000	0
NC_003277.2	337000	338000	0
NC_003277.2	338000	339000	0
NC_003277.2	339000	340000	0
NC_003277.2	340000	341000	0
NC_003277.2	341000	342000	0
NC_003277.2	342000	343000	0
NC_003277.2	343000	344000	0
NC_003277.2	344000	345000	0
NC_003277.2	345000	346000	0
NC_003277.2	346000	347000	0
NC_003277.2	347000	348000	0
NC_003277.2	348000	349000	0
NC_003277.2	349000	350000	0
NC_003277.2	350000	351000	0
NC_003277.2	351000	352000	0
NC_003277.2	352000	353000	0
NC_003277.2	353000	354000	0
NC_003277.2	354000	355000	0
NC_003277.2	355000	356000	0
NC_003277.2	356000	357000	0
NC_003277.2	357000	358000	0
NC_003277.2	358000	359000	0
NC_003277.2	359000	360000	0
NC_003277.2	360000	361000	0
NC_003277.2	361000	362000	0
NC_003277.2	362000	363000	0
NC_003277.2	363000	364000	0
NC_003277.2	364000	365000	0
NC_003277.2	365000	366000	0
NC_003277.2	366000	367000	0
NC_003277.2	367000	368000	0
NC_003277.2	368000	369000	0
NC_003277.2	369000	370000	0
NC_003277.2	370000	371000	0
NC_003277.2	371000	372000	0
NC_003277.2	372000	373000	0
NC_003277.2	373000	374000	0
NC_003277.2	374000	375000	0
NC_003277.2	375000	376000	0
NC_003277.2	376000	377000	0
NC_003277.2	377000	378000	0
NC_003277.2	378000	379000	0
NC_003277.2	379000	380000	0
NC_003277.2	380000	381000	0
NC_003277.2	381000	382000	0
NC_003277.2	382000	383000	0
NC_003277.2	383000	384000	0
NC_003277.2	384000	385000	0
NC_003277.2	385000	386000	0
NC_003277.2	386000	387000	0
NC_003277.2	387000	388000	0
NC_003277.2	388000	389000	0
NC_003277.2	389000	390000	0
NC_003277.2	390000	391000	0
NC_003277.2	391000	392000	0
NC_003277.2	392000	393000	0
NC_003277.2	393000	394000	0
NC_003277.2	394000	395000	0
NC_003277.2	395000	396000	0
NC_003277.2	396000	397000	0
NC_003277.2	397000	398000	0
NC_003277.2	398000	399000	0
NC_003277.2	399000	400000	0
NC_003277.2	400000	401000	0
NC_003277.2	401000	402000	0
NC_003277.2	402000	403000	0
NC_003277.2	403000	404000	0
NC_003277.2	404000	405000	0
NC_003277.2	405000	406000	0
NC_003277.2	406000	407000	0
NC_003277.2	407000	408000	0
NC_003277.2	408000	409000	0
NC_003277.2	409000	410000	0
NC_003277.2	410000	411000	0
NC_003277.2	411000	412000	0
NC_003277.2	412000	413000	0
NC_003277.2	413000	414000	0
NC_003277.2	414000	415000	0
NC_003277.2	415000	416000	0
NC_003277.2	416000	417000	0
NC_003277.2	417000	418000	0
NC_003277.2	418000	419000	0
NC_003277.2	419000	420000	0
NC_003277.2	420000	421000	0
NC_003277.2	421000	422000	0
NC_003277.2	422000	423000	0
NC_003277.2	423000	424000	0
NC_003277.2	424000	425000	0
NC_003277.2	425000	426000	0
NC_003277.2	426000	427000	0
NC_003277.2	427000	428000	0
NC_003277.2	428000	429000	0
NC_003277.2	429000	430000	0
NC_003277.2	430000	431000	0
NC_003277.2	431000	432000	0
NC_003277.2	432000	433000	0
NC_003277.2	433000	434000	0
NC_003277.2	434000	435000	0
NC_003277.2	435000	436000	0
NC_003277.2	436000	437000	0
NC_003277.2	437000	438000	0
NC_003277.2	438000	439000	0
NC_003277.2	439000	440000	0
NC_003277.2	440000	441000	0
NC_003277.2	441000	442000	0
NC_003277.2	442000	443000	0
NC_003277.2	443000	444000	0
NC_003277.2	444000	445000	0
NC_003277.2	445000	446000	0
NC_003277.2	446000	447000	0
NC_003277.2	447000	448000	0
NC_003277.2	448000	449000	0
NC_003277.2	449000	450000	0
NC_003277.2	450000	451000	0
NC_003277.2	451000	452000	0
NC_003277.2	452000	453000	0
NC_003277.2	453000	454000	0
NC_003277.2	454000	455000	0
NC_003277.2	455000	456000	0
NC_003277.2	456000	457000	0
NC_003277.2	457000	458000	0
NC_003277.2	458000	459000	0
NC_003277.2	459000	460000	0
NC_003277.2	460000	461000	0
NC_003277.2	461000	462000	0
NC_003277.2	462000	463000	0
NC_003277.2	463000	464000	0
NC_003277.2	464000	465000	0
NC_003277.2	465000	466000	0
NC_003277.2	466000	467000	0
NC_003277.2	467000	468000	0
NC_003277.2	468000	469000	0
NC_003277.2	469000	470000	0
NC_003277.2	470000	471000	0
NC_003277.2	471000	472000	0
NC_003277.2	472000	473000	0
NC_003277.2	473000	474000	0
NC_003277.2	474000	475000	0
NC_003277.2	475000	476000	0
NC_003277.2	476000	477000	0
NC_003277.2	477000	478000	0
NC_003277.2	478000	479000	0
NC_003277.2	479000	480000	0
NC_003277.2	480000	481000	0
NC_003277.2	481000	482000	0
NC_003277.2	482000	483000	0
NC_003277.2	483000	484000	0
NC_003277.2	484000	485000	0
NC_003277.2	485000	486000	0
NC_003277.2	486000	487000	0
NC_003277.2	487000	488000	0
NC_003277.2	488000	489000	0
NC_003277.2	489000	490000	0
NC_003277.2	490000	491000	0
NC_003277.2	491000	492000	0
NC_003277.2	492000	493000	0
NC_003277.2	493000	494000	0
NC_003277.2	494000	495000	0
NC_003277.2	495000	496000	0
NC_003277.2	496000	497000	0
NC_003277.2	497000	498000	0
NC_003277.2	498000	499000	0
NC_003277.2	499000	500000	0
NC_003277.2	500000	501000	0
NC_003277.2	501000	502000	0
NC_003277.2	502000	503000	0
NC_003277.2	503000	504000	0
NC_003277.2	504000	505000	0
NC_003277.2	505000	506000	0
NC_003277.2	506000	507000	0
NC_003277.2	507000	508000	0
NC_003277.2	508000	509000	0
NC_003277.2	509000	510000	0
NC_003277.2	510000	511000	0
NC_003277.2	511000	512000	0
NC_003277.2	512000	513000	0
NC_003277.2	513000	514000	0
NC_003277.2	514000	515000	0
NC_003277.2	515000	516000	0
NC_003277.2	516000	517000	0
NC_003277.2	517000	518000	0
NC_003277.2	518000	519000	0
NC_003277.2	519000	520000	0
NC_003277.2	520000	521000	0
NC_003277.2	521000	522000	0
NC_003277.2	522000	523000	0
NC_003277.2	523000	524000	0
NC_003277.2	524000	525000	0
NC_003277.2	525000	526000	0
NC_003277.2	526000	527000	0
NC_003277.2	527000	528000	0
NC_003277.2	528000	529000	0
NC_003277.2	529000	530000	0
NC_003277.2	530000	531000	0
NC_003277.2	531000	532000	0
NC_003277.2	532000	533000	0
NC_003277.2	533000	534000	0
NC_003277.2	534000	535000	0
NC_003277.2	535000	536000	0
NC_003277.2	536000	537000	0
NC_003277.2	537000	538000	0
NC_003277.2	538000	539000	0
NC_003277.2	539000	540000	0
NC_003277.2	540000	541000	0
NC_003277.2	541000	542000	0
NC_003277.2	542000	543000	0
NC_003277.2	543000	544000	0
NC_003277.2	544000	545000	0
NC_003277.2	545000	546000	0
NC_003277.2	546000	547000	0
NC_003277.2	547000	548000	0
NC_003277.2	548000	549000	0
NC_003277.2	549000	550000	0
NC_003277.2	550000	551000	0
NC_003277.2	551000	552000	0
NC_003277.2	552000	553000	0
NC_003277.2	553000	554000	0
NC_003277.2	554000	555000	0
NC_003277.2	555000	556000	0
NC_003277.2	556000	557000	0
NC_003277.2	557000	558000	0
NC_003277.2	558000	559000	0
NC_003277.2	559000	560000	0
NC_003277.2	560000	561000	0
NC_003277.2	561000	562000	0
NC_003277.2	562000	563000	0
NC_003277.2	563000	564000	0
NC_003277.2	564000	565000	0
NC_003277.2	565000	566000	0
NC_003277.2	566000	567000	0
NC_003277.2	567000	568000	0
NC_003277.2	568000	569000	0
NC_003277.2	569000	570000	0
NC_003277.2	570000	571000	0
NC_003277.2	571000	572000	0
NC_003277.2	572000	573000	0
NC_003277.2	573000	574000	0
NC_003277.2	574000	575000	0
NC_003277.2	575000	576000	0
NC_003277.2	576000	577000	0
NC_003277.2	577000	578000	0
NC_003277.2	578000	579000	0
NC_003277.2	579000	580000	0
NC_003277.2	580000	581000	0
NC_003277.2	581000	582000	0
NC_003277.2	582000	583000	0
NC_003277.2	583000	584000	0
NC_003277.2	584000	585000	0
NC_003277.2	585000	586000	0
NC_003277.2	586000	587000	0
NC_003277.2	587000	588000	0
NC_003277.2	588000	589000	0
NC_003277.2	589000	590000	0
NC_003277.2	590000	591000	0
NC_003277.2	591000	592000	0
NC_003277.2	592000	593000	0
NC_003277.2	593000	594000	0
NC_003277.2	594000	595000	0
NC_003277.2	595000	596000	0
NC_003277.2	596000	597000	0
NC_003277.2	597000	598000	0
NC_003277.2	598000	599000	0
NC_003277.2	599000	600000	0
NC_003277.2	600000	601000	0
NC_003277.2	601000	602000	0
NC_003277.2	602000	603000	0
NC_003277.2	603000	604000	0
NC_003277.2	604000	605000	0
NC_003277.2	605000	606000	0
NC_003277.2	606000	607000	0
NC_003277.2	607000	608000	0
NC_003277.2	608000	609000	0
NC_003277.2	609000	610000	0
NC_003277.2	610000	611000	0
NC_003277.2	611000	612000	0
NC_003277.2	612000	613000	0
NC_003277.2	613000	614000	0
NC_003277.2	614000	615000	0
NC_003277.2	615000	616000	0
NC_003277.2	616000	617000	0
NC_003277.2	617000	618000	0
NC_003277.2	618000	619000	0
NC_003277.2	619000	620000	0
NC_003277.2	620000	621000	0
NC_003277.2	621000	622000	0
NC_003277.2	622000	623000	0
NC_003277.2	623000	624000	0
NC_003277.2	624000	625000	0
NC_003277.2	625000	626000	0
NC_003277.2	626000	627000	0
NC_003277.2	627000	628000	0
NC_003277.2	628000	629000	0
NC_003277.2	629000	630000	0
NC_003277.2	630000	631000	0
NC_003277.2	631000	632000	0
NC_003277.2	632000	633000	0
NC_003277.2	633000	634000	0
NC_003277.2	634000	635000	0
NC_003277.2	635000	636000	0
NC_003277.2	636000	637000	0
NC_003277.2	637000	638000	0
NC_003277.2	638000	639000	0
NC_003277.2	639000	640000	0
NC_003277.2	640000	641000	0
NC_003277.2	641000	642000	0
NC_003277.2	642000	643000	0
NC_003277.2	643000	644000	0
NC_003277.2	644000	645000	0
NC_003277.2	645000	646000	0
NC_003277.2	646000	647000	0
NC_003277.2	647000	648000	0
NC_003277.2	648000	649000	0
NC_003277.2	649000	650000	0
NC_003277.2	650000	651000	0
NC_003277.2	651000	652000	0
NC_003277.2	652000	653000	0
NC_003277.2	653000	654000	0
NC_003277.2	654000	655000	0
NC_003277.2	655000	656000	0
NC_003277.2	656000	657000	0
NC_003277.2	657000	658000	0
NC_003277.2	658000	659000	0
NC_003277.2	659000	660000	0
NC_003277.2	660000	661000	0
NC_003277.2	661000	662000	0
NC_003277.2	662000	663000	0
NC_003277.2	663000	664000	0
NC_003277.2	664000	665000	0
NC_003277.2	665000	666000	0
NC_003277.2	666000	667000	0
NC_003277.2	667000	668000	0
NC_003277.2	668000	669000	0
NC_003277.2	669000	670000	0
NC_003277.2	670000	671000	0
NC_003277.2	671000	672000	0
NC_003277.2	672000	673000	0
NC_003277.2	673000	674000	0
NC_003277.2	674000	675000	0
NC_003277.2	675000	676000	0
NC_003277.2	676000	677000	0
NC_003277.2	677000	678000	0
NC_003277.2	678000	679000	0
NC_003277.2	679000	680000	0
NC_003277.2	680000	681000	0
NC_003277.2	681000	682000	0
NC_003277.2	682000	683000	0
NC_003277.2	683000	684000	0
NC_003277.2	684000	685000	0
NC_003277.2	685000	686000	0
NC_003277.2	686000	687000	0
NC_003277.2	687000	688000	0
NC_003277.2	688000	689000	0
NC_003277.2	689000	690000	0
NC_003277.2	690000	691000	0
NC_003277.2	691000	692000	0
NC_003277.2	692000	693000	0
NC_003277.2	693000	694000	0
NC_003277.2	694000	695000	0
NC_003277.2	695000	696000	0
NC_003277.2	696000	697000	0
NC_003277.2	697000	698000	0
NC_003277.2	698000	699000	0
NC_003277.2	699000	700000	0
NC_003277.2	700000	701000	0
NC_003277.2	701000	702000	0
NC_003277.2	702000	703000	0
NC_003277.2	703000	704000	0
NC_003277.2	704000	705000	0
NC_003277.2	705000	706000	0
NC_003277.2	706000	707000	0
NC_003277.2	707000	708000	0
NC_003277.2	708000	709000	0
NC_003277.2	709000	710000	0
NC_003277.2	710000	711000	0
NC_003277.2	711000	712000	0
NC_003277.2	712000	713000	0
NC_003277.2	713000	714000	0
NC_003277.2	714000	715000	0
NC_003277.2	715000	716000	0
NC_003277.2	716000	717000	0
NC_003277.2	717000	718000	0
NC_003277.2	718000	719000	0
NC_003277.2	719000	720000	0
NC_003277.2	720000	721000	0
NC_003277.2	721000	722000	0
NC_003277.2	722000	723000	0
NC_003277.2	723000	724000	0
NC_003277.2	724000	725000	0
NC_003277.2	725000	726000	0
NC_003277.2	726000	727000	0
NC_003277.2	727000	728000	0
NC_003277.2	728000	729000	0
NC_003277.2	729000	730000	0
NC_003277.2	730000	731000	0
NC_003277.2	731000	732000	0
NC_003277.2	732000	733000	0
NC_003277.2	733000	734000	0
NC_003277.2	734000	735000	0
NC_003277.2	735000	736000	0
NC_003277.2	736000	737000	0
NC_003277.2	737000	738000	0
NC_003277.2	738000	739000	0
NC_003277.2	739000	740000	0
NC_003277.2	740000	741000	0
NC_003277.2	741000	742000	0
NC_003277.2	742000	743000	0
NC_003277.2	743000	744000	0
NC_003277.2	744000	745000	0
NC_003277.2	745000	746000	0
NC_003277.2	746000	747000	0
NC_003277.2	747000	748000	0
NC_003277.2	748000	749000	0
NC_003277.2	749000	750000	0
NC_003277.2	750000	751000	0
NC_003277.2	751000	752000	0
NC_003277.2	752000	753000	0
NC_003277.2	753000	754000	0
NC_003277.2	754000	755000	0
NC_003277.2	755000	756000	0
NC_003277.2	756000	757000	0
NC_003277.2	757000	758000	0
NC_003277.2	758000	759000	0
NC_003277.2	759000	760000	0
NC_003277.2	760000	761000	0
NC_003277.2	761000	762000	0
NC_003277.2	762000	763000	0
NC_003277.2	763000	764000	0
NC_003277.2	764000	765000	0
NC_003277.2	765000	766000	0
NC_003277.2	766000	767000	0
NC_003277.2	767000	768000	0
NC_003277.2	768000	769000	0
NC_003277.2	769000	770000	0
NC_003277.2	770000	771000	0
NC_003277.2	771000	772000	0
NC_003277.2	772000	773000	0
NC_003277.2	773000	774000	0
NC_003277.2	774000	775000	0
NC_003277.2	775000	776000	0
NC_003277.2	776000	777000	0
NC_003277.2	777000	778000	0
NC_003277.2	778000	779000	0
NC_003277.2	779000	780000	0
NC_003277.2	780000	781000	0
NC_003277.2	781000	782000	0
NC_003277.2	782000	783000	0
NC_003277.2	783000	784000	0
NC_003277.2	784000	785000	0
NC_003277.2	785000	786000	0
NC_003277.2	786000	787000	0
NC_003277.2	787000	788000	0
NC_003277.2	788000	789000	0
NC_003277.2	789000	790000	0
NC_003277.2	790000	791000	0
NC_003277.2	791000	792000	0
NC_003277.2	792000	793000	0
NC_003277.2	793000	794000	0
NC_003277.2	794000	795000	0
NC_003277.2	795000	796000	0
NC_003277.2	796000	797000	0
NC_003277.2	797000	798000	0
NC_003277.2	798000	799000	0
NC_003277.2	799000	800000	0
NC_003277.2	800000	801000	0
NC_003277.2	801000	802000	0
NC_003277.2	802000	803000	0
NC_003277.2	803000	804000	0
NC_003277.2	804000	805000	0
NC_003277.2	805000	806000	0
NC_003277.2	806000	807000	0
NC_003277.2	807000	808000	0
NC_003277.2	808000	809000	0
NC_003277.2	809000	810000	0
NC_003277.2	810000	811000	0
NC_003277.2	811000	812000	0
NC_003277.2	812000	813000	0
NC_003277.2	813000	814000	0
NC_003277.2	814000	815000	0
NC_003277.2	815000	816000	0
NC_003277.2	816000	817000	0
NC_003277.2	817000	818000	0
NC_003277.2	818000	819000	0
NC_003277.2	819000	820000	0
NC_003277.2	820000	821000	0
NC_003277.2	821000	822000	0
NC_003277.2	822000	823000	0
NC_003277.2	823000	824000	0
NC_003277.2	824000	825000	0
NC_003277.2	825000	826000	0
NC_003277.2	826000	827000	0
NC_003277.2	827000	828000	0
NC_003277.2	828000	829000	0
NC_003277.2	829000	830000	0
NC_003277.2	830000	831000	0
NC_003277.2	831000	832000	0
NC_003277.2	832000	833000	0
NC_003277.2	833000	834000	0
NC_003277.2	834000	835000	0
NC_003277.2	835000	836000	0
NC_003277.2	836000	837000	0
NC_003277.2	837000	838000	0
NC_003277.2	838000	839000	0
NC_003277.2	839000	840000	0
NC_003277.2	840000	841000	0
NC_003277.2	841000	842000	0
NC_003277.2	842000	843000	0
NC_003277.2	843000	844000	0
NC_003277.2	844000	845000	0
NC_003277.2	845000	846000	0
NC_003277.2	846000	847000	0
NC_003277.2	847000	848000	0
NC_003277.2	848000	849000	0
NC_003277.2	849000	850000	0
NC_003277.2	850000	851000	0
NC_003277.2	851000	852000	0
NC_003277.2	852000	853000	0
NC_003277.2	853000	854000	0
NC_003277.2	854000	855000	0
NC_003277.2	855000	856000	0
NC_003277.2	856000	857000	0
NC_003277.2	857000	858000	0
NC_003277.2	858000	859000	0
NC_003277.2	859000	860000	0
NC_003277.2	860000	861000	0
NC_003277.2	861000	862000	0
NC_003277.2	862000	863000	0
NC_003277.2	863000	864000	0
NC_003277.2	864000	865000	0
NC_003277.2	865000	866000	0
NC_003277.2	866000	867000	0
NC_003277.2	867000	868000	0
NC_003277.2	868000	869000	0
NC_003277.2	869000	870000	0
NC_003277.2	870000	871000	0
NC_003277.2	871000	872000	0
NC_003277.2	872000	873000	0
NC_003277.2	873000	874000	0
NC_003277.2	874000	875000	0
NC_003277.2	875000	876000	0
NC_003277.2	876000	877000	0
NC_003277.2	877000	878000	0
NC_003277.2	878000	879000	0
NC_003277.2	879000	880000	0
NC_003277.2	880000	881000	0
NC_003277.2	881000	882000	0
NC_003277.2	882000	883000	0
NC_003277.2	883000	884000	0
NC_003277.2	884000	885000	0
NC_003277.2	885000	886000	0
NC_003277.2	886000	887000	0
NC_003277.2	887000	888000	0
NC_003277.2	888000	889000	0
NC_003277.2	889000	890000	0
NC_003277.2	890000	891000	0
NC_003277.2	891000	892000	0
NC_003277.2	892000	893000	0
NC_003277.2	893000	894000	0
NC_003277.2	894000	895000	0
NC_003277.2	895000	896000	0
NC_003277.2	896000	897000	0
NC_003277.2	897000	898000	0
NC_003277.2	898000	899000	0
NC_003277.2	899000	900000	0
NC_003277.2	900000	901000	0
NC_003277.2	901000	902000	0
NC_003277.2	902000	903000	0
NC_003277.2	903000	904000	0
NC_003277.2	904000	905000	0
NC_003277.2	905000	906000	0
NC_003277.2	906000	907000	0
NC_003277.2	907000	908000	0
NC_003277.2	908000	909000	0
NC_003277.2	909000	910000	0
NC_003277.2	910000	911000	0
NC_003277.2	911000	912000	0
NC_003277.2	912000	913000	0
NC_003277.2	913000	914000	0
NC_003277.2	914000	915000	0
NC_003277.2	915000	916000	0
NC_003277.2	916000	917000	0
NC_003277.2	917000	918000	0
NC_003277.2	918000	919000	0
NC_003277.2	919000	920000	0
NC_003277.2	920000	921000	0
NC_003277.2	921000	922000	0
NC_003277.2	922000	923000	0
NC_003277.2	923000	924000	0
NC_003277.2	924000	925000	0
NC_003277.2	925000	926000	0
NC_003277.2	926000	927000	0
NC_003277.2	927000	928000	0
NC_003277.2	928000	929000	0
NC_003277.2	929000	930000	0
NC_003277.2	930000	931000	0
NC_003277.2	931000	932000	0
NC_003277.2	932000	933000	0
NC_003277.2	933000	934000	0
NC_003277.2	934000	935000	0
NC_003277.2	935000	936000	0
NC_003277.2	936000	937000	0
NC_003277.2	937000	938000	0
NC_003277.2	938000	939000	0
NC_003277.2	939000	940000	0
NC_003277.2	940000	941000	0
NC_003277.2	941000	942000	0
NC_003277.2	942000	943000	0
NC_003277.2	943000	944000	0
NC_003277.2	944000	945000	0
NC_003277.2	945000	946000	0
NC_003277.2	946000	947000	0
NC_003277.2	947000	948000	0
NC_003277.2	948000	949000	0
NC_003277.2	949000	950000	0
NC_003277.2	950000	951000	0
NC_003277.2	951000	952000	0
NC_003277.2	952000	953000	0
NC_003277.2	953000	954000	0
NC_003277.2	954000	955000	0
NC_003277.2	955000	956000	0
NC_003277.2	956000	957000	0
NC_003277.2	957000	958000	0
NC_003277.2	958000	959000	0
NC_003277.2	959000	960000	0
NC_003277.2	960000	961000	0
NC_003277.2	961000	962000	0
NC_003277.2	962000	963000	0
NC_003277.2	963000	964000	0
NC_003277.2	964000	965000	0
NC_003277.2	965000	966000	0
NC_003277.2	966000	967000	0
NC_003277.2	967000	968000	0
NC_003277.2	968000	969000	0
NC_003277.2	969000	970000	0
NC_003277.2	970000	971000	0
NC_003277.2	971000	972000	0
NC_003277.2	972000	973000	0
NC_003277.2	973000	974000	0
NC_003277.2	974000	975000	0
NC_003277.2	975000	976000	0
NC_003277.2	976000	977000	0
NC_003277.2	977000	978000	0
NC_003277.2	978000	979000	0
NC_003277.2	979000	980000	0
NC_003277.2	980000	981000	0
NC_003277.2	981000	982000	0
NC_003277.2	982000	983000	0
NC_003277.2	983000	984000	0
NC_003277.2	984000	985000	0
NC_003277.2	985000	986000	0
NC_003277.2	986000	987000	0
NC_003277.2	987000	988000	0
NC_003277.2	988000	989000	0
NC_003277.2	989000	990000	0
NC_003277.2	990000	991000	0
NC_003277.2	991000	992000	0
NC_003277.2	992000	993000	0
NC_003277.2	993000	994000	0
NC_003277.2	994000	995000	0
NC_003277.2	995000	996000	0
NC_003277.2	996000	997000	0
NC_003277.2	997000	998000	0
NC_003277.2	998000	999000	0
NC_003277.2	999000	1000000	0
NC_003277.2	1000000	1001000	0
NC_003277.2	1001000	1002000	0
NC_003277.2	1002000	1003000	0
NC_003277.2	1003000	1004000	0
NC_003277.2	1004000	1005000	0
NC_003277.2	1005000	1006000	0
NC_003277.2	1006000	1007000	0
NC_003277.2	1007000	1008000	0
NC_003277.2	1008000	1009000	0
NC_003277.2	1009000	1010000	0
NC_003277.2	1010000	1011000	0
NC_003277.2	1011000	1012000	0
NC_003277.2	1012000	1013000	0
NC_003277.2	1013000	1014000	0
NC_003277.2	1014000	1015000	0
NC_003277.2	1015000	1016000	0
NC_003277.2	1016000	1017000	0
NC_003277.2	1017000	1018000	0
NC_003277.2	1018000	1019000	0
NC_003277.2	1019000	1020000	0
NC_003277.2	1020000	1021000	0
NC_003277.2	1021000	1022000	0
NC_003277.2	1022000	1023000	0
NC_003277.2	1023000	1024000	0
NC_003277.2	1024000	1025000	0
NC_003277.2	1025000	1026000	0
NC_003277.2	1026000	1027000	0
NC_003277.2	1027000	1028000	0
NC_003277.2	1028000	1029000	0
NC_003277.2	1029000	1030000	0
NC_003277.2	1030000	1031000	0
NC_003277.2	1031000	1032000	0
NC_003277.2	1032000	1033000	0
NC_003277.2	1033000	1034000	0
NC_003277.2	1034000	1035000	0
NC_003277.2	1035000	1036000	0
NC_003277.2	1036000	1037000	0
NC_003277.2	1037000	1038000	0
NC_003277.2	1038000	1039000	0
NC_003277.2	1039000	1040000	0
NC_003277.2	1040000	1041000	0
NC_003277.2	1041000	1042000	0
NC_003277.2	1042000	1043000	0
NC_003277.2	1043000	1044000	0
NC_003277.2	1044000	1045000	0
NC_003277.2	1045000	1046000	0
NC_003277.2	1046000	1047000	0
NC_003277.2	1047000	1048000	0
NC_003277.2	1048000	1049000	0
NC_003277.2	1049000	1050000	0
NC_003277.2	1050000	1051000	0
NC_003277.2	1051000	1052000	0
NC_003277.2	1052000	1053000	0
NC_003277.2	1053000	1054000	0
NC_003277.2	1054000	1055000	0
NC_003277.2	1055000	1056000	0
NC_003277.2	1056000	1057000	0
NC_003277.2	1057000	1058000	0
NC_003277.2	1058000	1059000	0
NC_003277.2	1059000	1060000	0
NC_003277.2	1060000	1061000	0
NC_003277.2	1061000	1062000	0
NC_003277.2	1062000	1063000	0
NC_003277.2	1063000	1064000	0
NC_003277.2	1064000	1065000	0
NC_003277.2	1065000	1066000	0
NC_003277.2	1066000	1067000	0
NC_003277.2	1067000	1068000	0
NC_003277.2	1068000	1069000	0
NC_003277.2	1069000	1070000	0
NC_003277.2	1070000	1071000	0
NC_003277.2	1071000	1072000	0
NC_003277.2	1072000	1073000	0
NC_003277.2	1073000	1074000	0
NC_003277.2	1074000	1075000	0
NC_003277.2	1075000	1076000	0
NC_003277.2	1076000	1077000	0
NC_003277.2	1077000	1078000	0
NC_003277.2	1078000	1079000	0
NC_003277.2	1079000	1080000	0
NC_003277.2	1080000	1081000	0
NC_003277.2	1081000	1082000	0
NC_003277.2	1082000	1083000	0
NC_003277.2	1083000	1084000	0
NC_003277.2	1084000	1085000	0
NC_003277.2	1085000	1086000	0
NC_003277.2	1086000	1087000	0
NC_003277.2	1087000	1088000	0
NC_003277.2	1088000	1089000	0
NC_003277.2	1089000	1090000	0
NC_003277.2	1090000	1091000	0
NC_003277.2	1091000	1092000	0
NC_003277.2	1092000	1093000	0
NC_003277.2	1093000	1094000	0
NC_003277.2	1094000	1095000	0
NC_003277.2	1095000	1096000	0
NC_003277.2	1096000	1097000	0
NC_003277.2	1097000	1098000	0
NC_003277.2	1098000	1099000	0
NC_003277.2	1099000	1100000	0
NC_003277.2	1100000	1101000	0
NC_003277.2	1101000	1102000	0
NC_003277.2	1102000	1103000	0
NC_003277.2	1103000	1104000	0
NC_003277.2	1104000	1105000	0
NC_003277.2	1105000	1106000	0
NC_003277.2	1106000	1107000	0
NC_003277.2	1107000	1108000	0
NC_003277.2	1108000	1109000	0
NC_003277.2	1109000	1110000	0
NC_003277.2	1110000	1111000	0
NC_003277.2	1111000	1112000	0
NC_003277.2	1112000	1113000	0
NC_003277.2	1113000	1114000	0
NC_003277.2	1114000	1115000	0
NC_003277.2	1115000	1116000	0
NC_003277.2	1116000	1117000	0
NC_003277.2	1117000	1118000	0
NC_003277.2	1118000	1119000	0
NC_003277.2	1119000	1120000	0
NC_003277.2	1120000	1121000	0
NC_003277.2	1121000	1122000	0
NC_003277.2	1122000	1123000	0
NC_003277.2	1123000	1124000	0
NC_003277.2	1124000	1125000	0
NC_003277.2	1125000	1126000	0
NC_003277.2	1126000	1127000	0
NC_003277.2	1127000	1128000	0
NC_003277.2	1128000	1129000	0
NC_003277.2	1129000	1130000	0
NC_003277.2	1130000	1131000	0
NC_003277.2	1131000	1132000	0
NC_003277.2	1132000	1133000	0
NC_003277.2	1133000	1134000	0
NC_003277.2	1134000	1135000	0
NC_003277.2	1135000	1136000	0
NC_003277.2	1136000	1137000	0
NC_003277.2	1137000	1138000	0
NC_003277.2	1138000	1139000	0
NC_003277.2	1139000	1140000	0
NC_003277.2	1140000	1141000	0
NC_003277.2	1141000	1142000	0
NC_003277.2	1142000	1143000	0
NC_003277.2	1143000	1144000	0
NC_003277.2	1144000	1145000	0
NC_003277.2	1145000	1146000	0
NC_003277.2	1146000	1147000	0
NC_003277.2	1147000	1148000	0
NC_003277.2	1148000	1149000	0
NC_003277.2	1149000	1150000	0
NC_003277.2	1150000	1151000	0
NC_003277.2	1151000	1152000	0
NC_003277.2	1152000	1153000	0
NC_003277.2	1153000	1154000	0
NC_003277.2	1154000	1155000	0
NC_003277.2	1155000	1156000	0
NC_003277.2	1156000	1157000	0
NC_003277.2	1157000	1158000	0
NC_003277.2	1158000	1159000	0
NC_003277.2	1159000	1160000	0
NC_003277.2	1160000	1161000	0
NC_003277.2	1161000	1162000	0
NC_003277.2	1162000	1163000	0
NC_003277.2	1163000	1164000	0
NC_003277.2	1164000	1165000	0
NC_003277.2	1165000	1166000	0
NC_003277.2	1166000	1167000	0
NC_003277.2	1167000	1168000	0
NC_003277.2	1168000	1169000	0
NC_003277.2	1169000	1170000	0
NC_003277.2	1170000	1171000	0
NC_003277.2	1171000	1172000	0
NC_003277.2	1172000	1173000	0
NC_003277.2	1173000	1174000	0
NC_003277.2	1174000	1175000	0
NC_003277.2	1175000	1176000	0
NC_003277.2	1176000	1177000	0
NC_003277.2	1177000	1178000	0
NC_003277.2	1178000	1179000	0
NC_003277.2	1179000	1180000	0
NC_003277.2	1180000	1181000	0
NC_003277.2	1181000	1182000	0
NC_003277.2	1182000	1183000	0
NC_003277.2	1183000	1184000	0
NC_003277.2	1184000	1185000	0
NC_003277.2	1185000	1186000	0
NC_003277.2	1186000	1187000	0
NC_003277.2	1187000	1188000	0
NC_003277.2	1188000	1189000	0
NC_003277.2	1189000	1190000	0
NC_003277.2	1190000	1191000	0
NC_003277.2	1191000	1192000	0
NC_003277.2	1192000	1193000	0
NC_003277.2	1193000	1194000	0
NC_003277.2	1194000	1195000	0
NC_003277.2	1195000	1196000	0
NC_003277.2	1196000	1197000	0
NC_003277.2	1197000	1198000	0
NC_003277.2	1198000	1199000	0
NC_003277.2	1199000	1200000	0
NC_003277.2	1200000	1201000	0
NC_003277.2	1201000	1202000	0
NC_003277.2	1202000	1203000	0
NC_003277.2	1203000	1204000	0
NC_003277.2	1204000	1205000	0
NC_003277.2	1205000	1206000	0
NC_003277.2	1206000	1207000	0
NC_003277.2	1207000	1208000	0
NC_003277.2	1208000	1209000	0
NC_003277.2	1209000	1210000	0
NC_003277.2	1210000	1211000	0
NC_003277.2	1211000	1212000	0
NC_003277.2	1212000	1213000	0
NC_003277.2	1213000	1214000	0
NC_003277.2	1214000	1215000	0
NC_003277.2	1215000	1216000	0
NC_003277.2	1216000	1217000	0
NC_003277.2	1217000	1218000	0
NC_003277.2	1218000	1219000	0
NC_003277.2	1219000	1220000	0
NC_003277.2	1220000	1221000	0
NC_003277.2	1221000	1222000	0
NC_003277.2	1222000	1223000	0
NC_003277.2	1223000	1224000	0
NC_003277.2	1224000	1225000	0
NC_003277.2	1225000	1226000	0
NC_003277.2	1226000	1227000	0
NC_003277.2	1227000	1228000	0
NC_003277.2	1228000	1229000	0
NC_003277.2	1229000	1230000	0
NC_003277.2	1230000	1231000	0
NC_003277.2	1231000	1232000	0
NC_003277.2	1232000	1233000	0
NC_003277.2	1233000	1234000	0
NC_003277.2	1234000	1235000	0
NC_003277.2	1235000	1236000	0
NC_003277.2	1236000	1237000	0
NC_003277.2	1237000	1238000	0
NC_003277.2	1238000	1239000	0
NC_003277.2	1239000	1240000	0
NC_003277.2	1240000	1241000	0
NC_003277.2	1241000	1242000	0
NC_003277.2	1242000	1243000	0
NC_003277.2	1243000	1244000	0
NC_003277.2	1244000	1245000	0
NC_003277.2	1245000	1246000	0
NC_003277.2	1246000	1247000	0
NC_003277.2	1247000	1248000	0
NC_003277.2	1248000	1249000	0
NC_003277.2	1249000	1250000	0
NC_003277.2	1250000	1251000	0
NC_003277.2	1251000	1252000	0
NC_003277.2	1252000	1253000	0
NC_003277.2	1253000	1254000	0
NC_003277.2	1254000	1255000	0
NC_003277.2	1255000	1256000	0
NC_003277.2	1256000	1257000	0
NC_003277.2	1257000	1258000	0
NC_003277.2	1258000	1259000	0
NC_003277.2	1259000	1260000	0
NC_003277.2	1260000	1261000	0
NC_003277.2	1261000	1262000	0
NC_003277.2	1262000	1263000	0
NC_003277.2	1263000	1264000	0
NC_003277.2	1264000	1265000	0
NC_003277.2	1265000	1266000	0
NC_003277.2	1266000	1267000	0
NC_003277.2	1267000	1268000	0
NC_003277.2	1268000	1269000	0
NC_003277.2	1269000	1270000	0
NC_003277.2	1270000	1271000	0
NC_003277.2	1271000	1272000	0
NC_003277.2	1272000	1273000	0
NC_003277.2	1273000	1274000	0
NC_003277.2	1274000	1275000	0
NC_003277.2	1275000	1276000	0
NC_003277.2	1276000	1277000	0
NC_003277.2	1277000	1278000	0
NC_003277.2	1278000	1279000	0
NC_003277.2	1279000	1280000	0
NC_003277.2	1280000	1281000	0
NC_003277.2	1281000	1282000	0
NC_003277.2	1282000	1283000	0
NC_003277.2	1283000	1284000	0
NC_003277.2	1284000	1285000	0
NC_003277.2	1285000	1286000	0
NC_003277.2	1286000	1287000	0
NC_003277.2	1287000	1288000	0
NC_003277.2	1288000	1289000	0
NC_003277.2	1289000	1290000	0
NC_003277.2	1290000	1291000	0
NC_003277.2	1291000	1292000	0
NC_003277.2	1292000	1293000	0
NC_003277.2	1293000	1294000	0
NC_003277.2	1294000	1295000	0
NC_003277.2	1295000	1296000	0
NC_003277.2	1296000	1297000	0
NC_003277.2	1297000	1298000	0
NC_003277.2	1298000	1299000	0
NC_003277.2	1299000	1300000	0
NC_003277.2	1300000	1301000	0
NC_003277.2	1301000	1302000	0
NC_003277.2	1302000	1303000	0
NC_003277.2	1303000	1304000	0
NC_003277.2	1304000	1305000	0
NC_003277.2	1305000	1306000	0
NC_003277.2	1306000	1307000	0
NC_003277.2	1307000	1308000	0
NC_003277.2	1308000	1309000	0
NC_003277.2	1309000	1310000	0
NC_003277.2	1310000	1311000	0
NC_003277.2	1311000	1312000	0
NC_003277.2	1312000	1313000	0
NC_003277.2	1313000	1314000	0
NC_003277.2	1314000	1315000	0
NC_003277.2	1315000	1316000	0
NC_003277.2	1316000	1317000	0
NC_003277.2	1317000	1318000	0
NC_003277.2	1318000	1319000	0
NC_003277.2	1319000	1320000	0
NC_003277.2	1320000	1321000	0
NC_003277.2	1321000	1322000	0
NC_003277.2	1322000	1323000	0
NC_003277.2	1323000	1324000	0
NC_003277.2	1324000	1325000	0
NC_003277.2	1325000	1326000	0
NC_003277.2	1326000	1327000	0
NC_003277.2	1327000	1328000	0
NC_003277.2	1328000	1329000	0
NC_003277.2	1329000	1330000	0
NC_003277.2	1330000	1331000	0
NC_003277.2	1331000	1332000	0
NC_003277.2	1332000	1333000	0
NC_003277.2	1333000	1334000	0
NC_003277.2	1334000	1335000	0
NC_003277.2	1335000	1336000	0
NC_003277.2	1336000	1337000	0
NC_003277.2	1337000	1338000	0
NC_003277.2	1338000	1339000	0
NC_003277.2	1339000	1340000	0
NC_003277.2	1340000	1341000	0
NC_003277.2	1341000	1342000	0
NC_003277.2	1342000	1343000	0
NC_003277.2	1343000	1344000	0
NC_003277.2	1344000	1345000	0
NC_003277.2	1345000	1346000	0
NC_003277.2	1346000	1347000	0
NC_003277.2	1347000	1348000	0
NC_003277.2	1348000	1349000	0
NC_003277.2	1349000	1350000	0
NC_003277.2	1350000	1351000	0
NC_003277.2	1351000	1352000	0
NC_003277.2	1352000	1353000	0
NC_003277.2	1353000	1354000	0
NC_003277.2	1354000	1355000	0
NC_003277.2	1355000	1356000	0
NC_003277.2	1356000	1357000	0
NC_003277.2	1357000	1358000	0
NC_003277.2	1358000	1359000	0
NC_003277.2	1359000	1360000	0
NC_003277.2	1360000	1361000	0
NC_003277.2	1361000	1362000	0
NC_003277.2	1362000	1363000	0
NC_003277.2	1363000	1364000	0
NC_003277.2	1364000	1365000	0
NC_003277.2	1365000	1366000	0
NC_003277.2	1366000	1367000	0
NC_003277.2	1367000	1368000	0
NC_003277.2	1368000	1369000	0
NC_003277.2	1369000	1370000	0
NC_003277.2	1370000	1371000	0
NC_003277.2	1371000	1372000	0
NC_003277.2	1372000	1373000	0
NC_003277.2	1373000	1374000	0
NC_003277.2	1374000	1375000	0
NC_003277.2	1375000	1376000	0
NC_003277.2	1376000	1377000	0
NC_003277.2	1377000	1378000	0
NC_003277.2	1378000	1379000	0
NC_003277.2	1379000	1380000	0
NC_003277.2	1380000	1381000	0
NC_003277.2	1381000	1382000	0
NC_003277.2	1382000	1383000	0
NC_003277.2	1383000	1384000	0
NC_003277.2	1384000	1385000	0
NC_003277.2	1385000	1386000	0
NC_003277.2	1386000	1387000	0
NC_003277.2	1387000	1388000	0
NC_003277.2	1388000	1389000	0
NC_003277.2	1389000	1390000	0
NC_003277.2	1390000	1391000	0
NC_003277.2	1391000	1392000	0
NC_003277.2	1392000	1393000	0
NC_003277.2	1393000	1394000	0
NC_003277.2	1394000	1395000	0
NC_003277.2	1395000	1396000	0
NC_003277.2	1396000	1397000	0
NC_003277.2	1397000	1398000	0
NC_003277.2	1398000	1399000	0
NC_003277.2	1399000	1400000	0
NC_003277.2	1400000	1401000	0
NC_003277.2	1401000	1402000	0
NC_003277.2	1402000	1403000	0
NC_003277.2	1403000	1404000	0
NC_003277.2	1404000	1405000	0
NC_003277.2	1405000	1406000	0
NC_003277.2	1406000	1407000	0
NC_003277.2	1407000	1408000	0
NC_003277.2	1408000	1409000	0
NC_003277.2	1409000	1410000	0
NC_003277.2	1410000	1411000	0
NC_003277.2	1411000	1412000	0
NC_003277.2	1412000	1413000	0
NC_003277.2	1413000	1414000	0
NC_003277.2	1414000	1415000	0
NC_003277.2	1415000	1416000	0
NC_003277.2	1416000	1417000	0
NC_003277.2	1417000	1418000	0
NC_003277.2	1418000	1419000	0
NC_003277.2	1419000	1420000	0
NC_003277.2	1420000	1421000	0
NC_003277.2	1421000	1422000	0
NC_003277.2	1422000	1423000	0
NC_003277.2	1423000	1424000	0
NC_003277.2	1424000	1425000	0
NC_003277.2	1425000	1426000	0
NC_003277.2	1426000	1427000	0
NC_003277.2	1427000	1428000	0
NC_003277.2	1428000	1429000	0
NC_003277.2	1429000	1430000	0
NC_003277.2	1430000	1431000	0
NC_003277.2	1431000	1432000	0
NC_003277.2	1432000	1433000	0
NC_003277.2	1433000	1434000	0
NC_003277.2	1434000	1435000	0
NC_003277.2	1435000	1436000	0
NC_003277.2	1436000	1437000	0
NC_003277.2	1437000	1438000	0
NC_003277.2	1438000	1439000	0
NC_003277.2	1439000	1440000	0
NC_003277.2	1440000	1441000	0
NC_003277.2	1441000	1442000	0
NC_003277.2	1442000	1443000	0
NC_003277.2	1443000	1444000	0
NC_003277.2	1444000	1445000	0
NC_003277.2	1445000	1446000	0
NC_003277.2	1446000	1447000	0
NC_003277.2	1447000	1448000	0
NC_003277.2	1448000	1449000	0
NC_003277.2	1449000	1450000	0
NC_003277.2	1450000	1451000	0
NC_003277.2	1451000	1452000	0
NC_003277.2	1452000	1453000	0
NC_003277.2	1453000	1454000	0
NC_003277.2	1454000	1455000	0
NC_003277.2	1455000	1456000	0
NC_003277.2	1456000	1457000	0
NC_003277.2	1457000	1458000	0
NC_003277.2	1458000	1459000	0
NC_003277.2	1459000	1460000	0
NC_003277.2	1460000	1461000	0
NC_003277.2	1461000	1462000	0
NC_003277.2	1462000	1463000	0
NC_003277.2	1463000	1464000	0
NC_003277.2	1464000	1465000	0
NC_003277.2	1465000	1466000	0
NC_003277.2	1466000	1467000	0
NC_003277.2	1467000	1468000	0
NC_003277.2	1468000	1469000	0
NC_003277.2	1469000	1470000	0
NC_003277.2	1470000	1471000	0
NC_003277.2	1471000	1472000	0
NC_003277.2	1472000	1473000	0
NC_003277.2	1473000	1474000	0
NC_003277.2	1474000	1475000	0
NC_003277.2	1475000	1476000	0
NC_003277.2	1476000	1477000	0
NC_003277.2	1477000	1478000	0
NC_003277.2	1478000	1479000	0
NC_003277.2	1479000	1480000	0
NC_003277.2	1480000	1481000	0
NC_003277.2	1481000	1482000	0
NC_003277.2	1482000	1483000	0
NC_003277.2	1483000	1484000	0
NC_003277.2	1484000	1485000	0
NC_003277.2	1485000	1486000	0
NC_003277.2	1486000	1487000	0
NC_003277.2	1487000	1488000	0
NC_003277.2	1488000	1489000	0
NC_003277.2	1489000	1490000	0
NC_003277.2	1490000	1491000	0
NC_003277.2	1491000	1492000	0
NC_003277.2	1492000	1493000	0
NC_003277.2	1493000	1494000	0
NC_003277.2	1494000	1495000	0
NC_003277.2	1495000	1496000	0
NC_003277.2	1496000	1497000	0
NC_003277.2	1497000	1498000	0
NC_003277.2	1498000	1499000	0
NC_003277.2	1499000	1500000	0
NC_003277.2	1500000	1501000	0
NC_003277.2	1501000	1502000	0
NC_003277.2	1502000	1503000	0
NC_003277.2	1503000	1504000	0
NC_003277.2	1504000	1505000	0
NC_003277.2	1505000	1506000	0
NC_003277.2	1506000	1507000	0
NC_003277.2	1507000	1508000	0
NC_003277.2	1508000	1509000	0
NC_003277.2	1509000	1510000	0
NC_003277.2	1510000	1511000	0
NC_003277.2	1511000	1512000	0
NC_003277.2	1512000	1513000	0
NC_003277.2	1513000	1514000	0
NC_003277.2	1514000	1515000	0
NC_003277.2	1515000	1516000	0
NC_003277.2	1516000	1517000	0
NC_003277.2	1517000	1518000	0
NC_003277.2	1518000	1519000	0
NC_003277.2	1519000	1520000	0
NC_003277.2	1520000	1521000	0
NC_003277.2	1521000	1522000	0
NC_003277.2	1522000	1523000	0
NC_003277.2	1523000	1524000	0
NC_003277.2	1524000	1525000	0
NC_003277.2	1525000	1526000	0
NC_003277.2	1526000	1527000	0
NC_003277.2	1527000	1528000	0
NC_003277.2	1528000	1529000	0
NC_003277.2	1529000	1530000	0
NC_003277.2	1530000	1531000	0
NC_003277.2	1531000	1532000	0
NC_003277.2	1532000	1533000	0
NC_003277.2	1533000	1534000	0
NC_003277.2	1534000	1535000	0
NC_003277.2	1535000	1536000	0
NC_003277.2	1536000	1537000	0
NC_003277.2	1537000	1538000	0
NC_003277.2	1538000	1539000	0
NC_003277.2	1539000	1540000	0
NC_003277.2	1540000	1541000	0
NC_003277.2	1541000	1542000	0
NC_003277.2	1542000	1543000	0
NC_003277.2	1543000	1544000	0
NC_003277.2	1544000	1545000	0
NC_003277.2	1545000	1546000	0
NC_003277.2	1546000	1547000	0
NC_003277.2	1547000	1548000	0
NC_003277.2	1548000	1549000	0
NC_003277.2	1549000	1550000	0
NC_003277.2	1550000	1551000	0
NC_003277.2	1551000	1552000	0
NC_003277.2	1552000	1553000	0
NC_003277.2	1553000	1554000	0
NC_003277.2	1554000	1555000	0
NC_003277.2	1555000	1556000	0
NC_003277.2	1556000	1557000	0
NC_003277.2	1557000	1558000	0
NC_003277.2	1558000	1559000	0
NC_003277.2	1559000	1560000	0
NC_003277.2	1560000	1561000	0
NC_003277.2	1561000	1562000	0
NC_003277.2	1562000	1563000	0
NC_003277.2	1563000	1564000	0
NC_003277.2	1564000	1565000	0
NC_003277.2	1565000	1566000	0
NC_003277.2	1566000	1567000	0
NC_003277.2	1567000	1568000	0
NC_003277.2	1568000	1569000	0
NC_003277.2	1569000	1570000	0
NC_003277.2	1570000	1571000	0
NC_003277.2	1571000	1572000	0
NC_003277.2	1572000	1573000	0
NC_003277.2	1573000	1574000	0
NC_003277.2	1574000	1575000	0
NC_003277.2	1575000	1576000	0
NC_003277.2	1576000	1577000	0
NC_003277.2	1577000	1578000	0
NC_003277.2	1578000	1579000	0
NC_003277.2	1579000	1580000	0
NC_003277.2	1580000	1581000	0
NC_003277.2	1581000	1582000	0
NC_003277.2	1582000	1583000	0
NC_003277.2	1583000	1584000	0
NC_003277.2	1584000	1585000	0
NC_003277.2	1585000	1586000	0
NC_003277.2	1586000	1587000	0
NC_003277.2	1587000	1588000	0
NC_003277.2	1588000	1589000	0
NC_003277.2	1589000	1590000	0
NC_003277.2	1590000	1591000	0
NC_003277.2	1591000	1592000	0
NC_003277.2	1592000	1593000	0
NC_003277.2	1593000	1594000	0
NC_003277.2	1594000	1595000	0
NC_003277.2	1595000	1596000	0
NC_003277.2	1596000	1597000	0
NC_003277.2	1597000	1598000	0
NC_003277.2	1598000	1599000	0
NC_003277.2	1599000	1600000	0
NC_003277.2	1600000	1601000	0
NC_003277.2	1601000	1602000	0
NC_003277.2	1602000	1603000	0
NC_003277.2	1603000	1604000	0
NC_003277.2	1604000	1605000	0
NC_003277.2	1605000	1606000	0
NC_003277.2	1606000	1607000	0
NC_003277.2	1607000	1608000	0
NC_003277.2	1608000	1609000	0
NC_003277.2	1609000	1610000	0
NC_003277.2	1610000	1611000	0
NC_003277.2	1611000	1612000	0
NC_003277.2	1612000	1613000	0
NC_003277.2	1613000	1614000	0
NC_003277.2	1614000	1615000	0
NC_003277.2	1615000	1616000	0
NC_003277.2	1616000	1617000	0
NC_003277.2	1617000	1618000	0
NC_003277.2	1618000	1619000	0
NC_003277.2	1619000	1620000	0
NC_003277.2	1620000	1621000	0
NC_003277.2	1621000	1622000	0
NC_003277.2	1622000	1623000	0
NC_003277.2	1623000	1624000	0
NC_003277.2	1624000	1625000	0
NC_003277.2	1625000	1626000	0
NC_003277.2	1626000	1627000	0
NC_003277.2	1627000	1628000	0
NC_003277.2	1628000	1629000	0
NC_003277.2	1629000	1630000	0
NC_003277.2	1630000	1631000	0
NC_003277.2	1631000	1632000	0
NC_003277.2	1632000	1633000	0
NC_003277.2	1633000	1634000	0
NC_003277.2	1634000	1635000	0
NC_003277.2	1635000	1636000	0
NC_003277.2	1636000	1637000	0
NC_003277.2	1637000	1638000	0
NC_003277.2	1638000	1639000	0
NC_003277.2	1639000	1640000	0
NC_003277.2	1640000	1641000	0
NC_003277.2	1641000	1642000	0
NC_003277.2	1642000	1643000	0
NC_003277.2	1643000	1644000	0
NC_003277.2	1644000	1645000	0
NC_003277.2	1645000	1646000	0
NC_003277.2	1646000	1647000	0
NC_003277.2	1647000	1648000	0
NC_003277.2	1648000	1649000	0
NC_003277.2	1649000	1650000	0
NC_003277.2	1650000	1651000	0
NC_003277.2	1651000	1652000	0
NC_003277.2	1652000	1653000	0
NC_003277.2	1653000	1654000	0
NC_003277.2	1654000	1655000	0
NC_003277.2	1655000	1656000	0
NC_003277.2	1656000	1657000	0
NC_003277.2	1657000	1658000	0
NC_003277.2	1658000	1659000	0
NC_003277.2	1659000	1660000	0
NC_003277.2	1660000	1661000	0
NC_003277.2	1661000	1662000	0
NC_003277.2	1662000	1663000	0
NC_003277.2	1663000	1664000	0
NC_003277.2	1664000	1665000	0
NC_003277.2	1665000	1666000	0
NC_003277.2	1666000	1667000	0
NC_003277.2	1667000	1668000	0
NC_003277.2	1668000	1669000	0
NC_003277.2	1669000	1670000	0
NC_003277.2	1670000	1671000	0
NC_003277.2	1671000	1672000	0
NC_003277.2	1672000	1673000	0
NC_003277.2	1673000	1674000	0
NC_003277.2	1674000	1675000	0
NC_003277.2	1675000	1676000	0
NC_003277.2	1676000	1677000	0
NC_003277.2	1677000	1678000	0
NC_003277.2	1678000	1679000	0
NC_003277.2	1679000	1680000	0
NC_003277.2	1680000	1681000	0
NC_003277.2	1681000	1682000	0
NC_003277.2	1682000	1683000	0
NC_003277.2	1683000	1684000	0
NC_003277.2	1684000	1685000	0
NC_003277.2	1685000	1686000	0
NC_003277.2	1686000	1687000	0
NC_003277.2	1687000	1688000	0
NC_003277.2	1688000	1689000	0
NC_003277.2	1689000	1690000	0
NC_003277.2	1690000	1691000	0
NC_003277.2	1691000	1692000	0
NC_003277.2	1692000	1693000	0
NC_003277.2	1693000	1694000	0
NC_003277.2	1694000	1695000	0
NC_003277.2	1695000	1696000	0
NC_003277.2	1696000	1697000	0
NC_003277.2	1697000	1698000	0
NC_003277.2	1698000	1699000	0
NC_003277.2	1699000	1700000	0
NC_003277.2	1700000	1701000	0
NC_003277.2	1701000	1702000	0
NC_003277.2	1702000	1703000	0
NC_003277.2	1703000	1704000	0
NC_003277.2	1704000	1705000	0
NC_003277.2	1705000	1706000	0
NC_003277.2	1706000	1707000	0
NC_003277.2	1707000	1708000	0
NC_003277.2	1708000	1709000	0
NC_003277.2	1709000	1710000	0
NC_003277.2	1710000	1711000	0
NC_003277.2	1711000	1712000	0
NC_003277.2	1712000	1713000	0
NC_003277.2	1713000	1714000	0
NC_003277.2	1714000	1715000	0
NC_003277.2	1715000	1716000	0
NC_003277.2	1716000	1717000	0
NC_003277.2	1717000	1718000	0
NC_003277.2	1718000	1719000	0
NC_003277.2	1719000	1720000	0
NC_003277.2	1720000	1721000	0
NC_003277.2	1721000	1722000	0
NC_003277.2	1722000	1723000	0
NC_003277.2	1723000	1724000	0
NC_003277.2	1724000	1725000	0
NC_003277.2	1725000	1726000	0
NC_003277.2	1726000	1727000	0
NC_003277.2	1727000	1728000	0
NC_003277.2	1728000	1729000	0
NC_003277.2	1729000	1730000	0
NC_003277.2	1730000	1731000	0
NC_003277.2	1731000	1732000	0
NC_003277.2	1732000	1733000	0
NC_003277.2	1733000	1734000	0
NC_003277.2	1734000	1735000	0
NC_003277.2	1735000	1736000	0
NC_003277.2	1736000	1737000	0
NC_003277.2	1737000	1738000	0
NC_003277.2	1738000	1739000	0
NC_003277.2	1739000	1740000	0
NC_003277.2	1740000	1741000	0
NC_003277.2	1741000	1742000	0
NC_003277.2	1742000	1743000	0
NC_003277.2	1743000	1744000	0
NC_003277.2	1744000	1745000	0
NC_003277.2	1745000	1746000	0
NC_003277.2	1746000	1747000	0
NC_003277.2	1747000	1748000	0
NC_003277.2	1748000	1749000	0
NC_003277.2	1749000	1750000	0
NC_003277.2	1750000	1751000	0
NC_003277.2	1751000	1752000	0
NC_003277.2	1752000	1753000	0
NC_003277.2	1753000	1754000	0
NC_003277.2	1754000	1755000	0
NC_003277.2	1755000	1756000	0
NC_003277.2	1756000	1757000	0
NC_003277.2	1757000	1758000	0
NC_003277.2	1758000	1759000	0
NC_003277.2	1759000	1760000	0
NC_003277.2	1760000	1761000	0
NC_003277.2	1761000	1762000	0
NC_003277.2	1762000	1763000	0
NC_003277.2	1763000	1764000	0
NC_003277.2	1764000	1765000	0
NC_003277.2	1765000	1766000	0
NC_003277.2	1766000	1767000	0
NC_003277.2	1767000	1768000	0
NC_003277.2	1768000	1769000	0
NC_003277.2	1769000	1770000	0
NC_003277.2	1770000	1771000	0
NC_003277.2	1771000	1772000	0
NC_003277.2	1772000	1773000	0
NC_003277.2	1773000	1774000	0
NC_003277.2	1774000	1775000	0
NC_003277.2	1775000	1776000	0
NC_003277.2	1776000	1777000	0
NC_003277.2	1777000	1778000	0
NC_003277.2	1778000	1779000	0
NC_003277.2	1779000	1780000	0
NC_003277.2	1780000	1781000	0
NC_003277.2	1781000	1782000	0
NC_003277.2	1782000	1783000	0
NC_003277.2	1783000	1784000	0
NC_003277.2	1784000	1785000	0
NC_003277.2	1785000	1786000	0
NC_003277.2	1786000	1787000	0
NC_003277.2	1787000	1788000	0
NC_003277.2	1788000	1789000	0
NC_003277.2	1789000	1790000	0
NC_003277.2	1790000	1791000	0
NC_003277.2	1791000	1792000	0
NC_003277.2	1792000	1793000	0
NC_003277.2	1793000	1794000	0
NC_003277.2	1794000	1795000	0
NC_003277.2	1795000	1796000	0
NC_003277.2	1796000	1797000	0
NC_003277.2	1797000	1798000	0
NC_003277.2	1798000	1799000	0
NC_003277.2	1799000	1800000	0
NC_003277.2	1800000	1801000	0
NC_003277.2	1801000	1802000	0
NC_003277.2	1802000	1803000	0
NC_003277.2	1803000	1804000	0
NC_003277.2	1804000	1805000	0
NC_003277.2	1805000	1806000	0
NC_003277.2	1806000	1807000	0
NC_003277.2	1807000	1808000	0
NC_003277.2	1808000	1809000	0
NC_003277.2	1809000	1810000	0
NC_003277.2	1810000	1811000	0
NC_003277.2	1811000	1812000	0
NC_003277.2	1812000	1813000	0
NC_003277.2	1813000	1814000	0
NC_003277.2	1814000	1815000	0
NC_003277.2	1815000	1816000	0
NC_003277.2	1816000	1817000	0
NC_003277.2	1817000	1818000	0
NC_003277.2	1818000	1819000	0
NC_003277.2	1819000	1820000	0
NC_003277.2	1820000	1821000	0
NC_003277.2	1821000	1822000	0
NC_003277.2	1822000	1823000	0
NC_003277.2	1823000	1824000	0
NC_003277.2	1824000	1825000	0
NC_003277.2	1825000	1826000	0
NC_003277.2	1826000	1827000	0
NC_003277.2	1827000	1828000	0
NC_003277.2	1828000	1829000	0
NC_003277.2	1829000	1830000	0
NC_003277.2	1830000	1831000	0
NC_003277.2	1831000	1832000	0
NC_003277.2	1832000	1833000	0
NC_003277.2	1833000	1834000	0
NC_003277.2	1834000	1835000	0
NC_003277.2	1835000	1836000	0
NC_003277.2	1836000	1837000	0
NC_003277.2	1837000	1838000	0
NC_003277.2	1838000	1839000	0
NC_003277.2	1839000	1840000	0
NC_003277.2	1840000	1841000	0
NC_003277.2	1841000	1842000	0
NC_003277.2	1842000	1843000	0
NC_003277.2	1843000	1844000	0
NC_003277.2	1844000	1845000	0
NC_003277.2	1845000	1846000	0
NC_003277.2	1846000	1847000	0
NC_003277.2	1847000	1848000	0
NC_003277.2	1848000	1849000	0
NC_003277.2	1849000	1850000	0
NC_003277.2	1850000	1851000	0
NC_003277.2	1851000	1852000	0
NC_003277.2	1852000	1853000	0
NC_003277.2	1853000	1854000	0
NC_003277.2	1854000	1855000	0
NC_003277.2	1855000	1856000	0
NC_003277.2	1856000	1857000	0
NC_003277.2	1857000	1858000	0
NC_003277.2	1858000	1859000	0
NC_003277.2	1859000	1860000	0
NC_003277.2	1860000	1861000	0
NC_003277.2	1861000	1862000	0
NC_003277.2	1862000	1863000	0
NC_003277.2	1863000	1864000	0
NC_003277.2	1864000	1865000	0
NC_003277.2	1865000	1866000	0
NC_003277.2	1866000	1867000	0
NC_003277.2	1867000	1868000	0
NC_003277.2	1868000	1869000	0
NC_003277.2	1869000	1870000	0
NC_003277.2	1870000	1871000	0
NC_003277.2	1871000	1872000	0
NC_003277.2	1872000	1873000	0
NC_003277.2	1873000	1874000	0
NC_003277.2	1874000	1875000	0
NC_003277.2	1875000	1876000	0
NC_003277.2	1876000	1877000	0
NC_003277.2	1877000	1878000	0
NC_003277.2	1878000	1879000	0
NC_003277.2	1879000	1880000	0
NC_003277.2	1880000	1881000	0
NC_003277.2	1881000	1882000	0
NC_003277.2	1882000	1883000	0
NC_003277.2	1883000	1884000	0
NC_003277.2	1884000	1885000	0
NC_003277.2	1885000	1886000	0
NC_003277.2	1886000	1887000	0
NC_003277.2	1887000	1888000	0
NC_003277.2	1888000	1889000	0
NC_003277.2	1889000	1890000	0
NC_003277.2	1890000	1891000	0
NC_003277.2	1891000	1892000	0
NC_003277.2	1892000	1893000	0
NC_003277.2	1893000	1894000	0
NC_003277.2	1894000	1895000	0
NC_003277.2	1895000	1896000	0
NC_003277.2	1896000	1897000	0
NC_003277.2	1897000	1898000	0
NC_003277.2	1898000	1899000	0
NC_003277.2	1899000	1900000	0
NC_003277.2	1900000	1901000	0
NC_003277.2	1901000	1902000	0
NC_003277.2	1902000	1903000	0
NC_003277.2	1903000	1904000	0
NC_003277.2	1904000	1905000	0
NC_003277.2	1905000	1906000	0
NC_003277.2	1906000	1907000	0
NC_003277.2	1907000	1908000	0
NC_003277.2	1908000	1909000	0
NC_003277.2	1909000	1910000	0
NC_003277.2	1910000	1911000	0
NC_003277.2	1911000	1912000	0
NC_003277.2	1912000	1913000	0
NC_003277.2	1913000	1914000	0
NC_003277.2	1914000	1915000	0
NC_003277.2	1915000	1916000	0
NC_003277.2	1916000	1917000	0
NC_003277.2	1917000	1918000	0
NC_003277.2	1918000	1919000	0
NC_003277.2	1919000	1920000	0
NC_003277.2	1920000	1921000	0
NC_003277.2	1921000	1922000	0
NC_003277.2	1922000	1923000	0
NC_003277.2	1923000	1924000	0
NC_003277.2	1924000	1925000	0
NC_003277.2	1925000	1926000	0
NC_003277.2	1926000	1927000	0
NC_003277.2	1927000	1928000	0
NC_003277.2	1928000	1929000	0
NC_003277.2	1929000	1930000	0
NC_003277.2	1930000	1931000	0
NC_003277.2	1931000	1932000	0
NC_003277.2	1932000	1933000	0
NC_003277.2	1933000	1934000	0
NC_003277.2	1934000	1935000	0
NC_003277.2	1935000	1936000	0
NC_003277.2	1936000	1937000	0
NC_003277.2	1937000	1938000	0
NC_003277.2	1938000	1939000	0
NC_003277.2	1939000	1940000	0
NC_003277.2	1940000	1941000	0
NC_003277.2	1941000	1942000	0
NC_003277.2	1942000	1943000	0
NC_003277.2	1943000	1944000	0
NC_003277.2	1944000	1945000	0
NC_003277.2	1945000	1946000	0
NC_003277.2	1946000	1947000	0
NC_003277.2	1947000	1948000	0
NC_003277.2	1948000	1949000	0
NC_003277.2	1949000	1950000	0
NC_003277.2	1950000	1951000	0
NC_003277.2	1951000	1952000	0
NC_003277.2	1952000	1953000	0
NC_003277.2	1953000	1954000	0
NC_003277.2	1954000	1955000	0
NC_003277.2	1955000	1956000	0
NC_003277.2	1956000	1957000	0
NC_003277.2	1957000	1958000	0
NC_003277.2	1958000	1959000	0
NC_003277.2	1959000	1960000	0
NC_003277.2	1960000	1961000	0
NC_003277.2	1961000	1962000	0
NC_003277.2	1962000	1963000	0
NC_003277.2	1963000	1964000	0
NC_003277.2	1964000	1965000	0
NC_003277.2	1965000	1966000	0
NC_003277.2	1966000	1967000	0
NC_003277.2	1967000	1968000	0
NC_003277.2	1968000	1969000	0
NC_003277.2	1969000	1970000	0
NC_003277.2	1970000	1971000	0
NC_003277.2	1971000	1972000	0
NC_003277.2	1972000	1973000	0
NC_003277.2	1973000	1974000	0
NC_003277.2	1974000	1975000	0
NC_003277.2	1975000	1976000	0
NC_003277.2	1976000	1977000	0
NC_003277.2	1977000	1978000	0
NC_003277.2	1978000	1979000	0
NC_003277.2	1979000	1980000	0
NC_003277.2	1980000	1981000	0
NC_003277.2	1981000	1982000	0
NC_003277.2	1982000	1983000	0
NC_003277.2	1983000	1984000	0
NC_003277.2	1984000	1985000	0
NC_003277.2	1985000	1986000	0
NC_003277.2	1986000	1987000	0
NC_003277.2	1987000	1988000	0
NC_003277.2	1988000	1989000	0
NC_003277.2	1989000	1990000	0
NC_003277.2	1990000	1991000	0
NC_003277.2	1991000	1992000	0
NC_003277.2	1992000	1993000	0
NC_003277.2	1993000	1994000	0
NC_003277.2	1994000	1995000	0
NC_003277.2	1995000	1996000	0
NC_003277.2	1996000	1997000	0
NC_003277.2	1997000	1998000	0
NC_003277.2	1998000	1999000	0
NC_003277.2	1999000	2000000	0
NC_003277.2	2000000	2001000	0
NC_003277.2	2001000	2002000	0
NC_003277.2	2002000	2003000	0
NC_003277.2	2003000	2004000	0
NC_003277.2	2004000	2005000	0
NC_003277.2	2005000	2006000	0
NC_003277.2	2006000	2007000	0
NC_003277.2	2007000	2008000	0
NC_003277.2	2008000	2009000	0
NC_003277.2	2009000	2010000	0
NC_003277.2	2010000	2011000	0
NC_003277.2	2011000	2012000	0
NC_003277.2	2012000	2013000	0
NC_003277.2	2013000	2014000	0
NC_003277.2	2014000	2015000	0
NC_003277.2	2015000	2016000	0
NC_003277.2	2016000	2017000	0
NC_003277.2	2017000	2018000	0
NC_003277.2	2018000	2019000	0
NC_003277.2	2019000	2020000	0
NC_003277.2	2020000	2021000	0
NC_003277.2	2021000	2022000	0
NC_003277.2	2022000	2023000	0
NC_003277.2	2023000	2024000	0
NC_003277.2	2024000	2025000	0
NC_003277.2	2025000	2026000	0
NC_003277.2	2026000	2027000	0
NC_003277.2	2027000	2028000	0
NC_003277.2	2028000	2029000	0
NC_003277.2	2029000	2030000	0
NC_003277.2	2030000	2031000	0
NC_003277.2	2031000	2032000	0
NC_003277.2	2032000	2033000	0
NC_003277.2	2033000	2034000	0
NC_003277.2	2034000	2035000	0
NC_003277.2	2035000	2036000	0
NC_003277.2	2036000	2037000	0
NC_003277.2	2037000	2038000	0
NC_003277.2	2038000	2039000	0
NC_003277.2	2039000	2040000	0
NC_003277.2	2040000	2041000	0
NC_003277.2	2041000	2042000	0
NC_003277.2	2042000	2043000	0
NC_003277.2	2043000	2044000	0
NC_003277.2	2044000	2045000	0
NC_003277.2	2045000	2046000	0
NC_003277.2	2046000	2047000	0
NC_003277.2	2047000	2048000	0
NC_003277.2	2048000	2049000	0
NC_003277.2	2049000	2050000	0
NC_003277.2	2050000	2051000	0
NC_003277.2	2051000	2052000	0
NC_003277.2	2052000	2053000	0
NC_003277.2	2053000	2054000	0
NC_003277.2	2054000	2055000	0
NC_003277.2	2055000	2056000	0
NC_003277.2	2056000	2057000	0
NC_003277.2	2057000	2058000	0
NC_003277.2	2058000	2059000	0
NC_003277.2	2059000	2060000	0
NC_003277.2	2060000	2061000	0
NC_003277.2	2061000	2062000	0
NC_003277.2	2062000	2063000	0
NC_003277.2	2063000	2064000	0
NC_003277.2	2064000	2065000	0
NC_003277.2	2065000	2066000	0
NC_003277.2	2066000	2067000	0
NC_003277.2	2067000	2068000	0
NC_003277.2	2068000	2069000	0
NC_003277.2	2069000	2070000	0
NC_003277.2	2070000	2071000	0
NC_003277.2	2071000	2072000	0
NC_003277.2	2072000	2073000	0
NC_003277.2	2073000	2074000	0
NC_003277.2	2074000	2075000	0
NC_003277.2	2075000	2076000	0
NC_003277.2	2076000	2077000	0
NC_003277.2	2077000	2078000	0
NC_003277.2	2078000	2079000	0
NC_003277.2	2079000	2080000	0
NC_003277.2	2080000	2081000	0
NC_003277.2	2081000	2082000	0
NC_003277.2	2082000	2083000	0
NC_003277.2	2083000	2084000	0
NC_003277.2	2084000	2085000	0
NC_003277.2	2085000	2086000	0
NC_003277.2	2086000	2087000	0
NC_003277.2	2087000	2088000	0
NC_003277.2	2088000	2089000	0
NC_003277.2	2089000	2090000	0
NC_003277.2	2090000	2091000	0
NC_003277.2	2091000	2092000	0
NC_003277.2	2092000	2093000	0
NC_003277.2	2093000	2094000	0
NC_003277.2	2094000	2095000	0
NC_003277.2	2095000	2096000	0
NC_003277.2	2096000	2097000	0
NC_003277.2	2097000	2098000	0
NC_003277.2	2098000	2099000	0
NC_003277.2	2099000	2100000	0
NC_003277.2	2100000	2101000	0
NC_003277.2	2101000	2102000	0
NC_003277.2	2102000	2103000	0
NC_003277.2	2103000	2104000	0
NC_003277.2	2104000	2105000	0
NC_003277.2	2105000	2106000	0
NC_003277.2	2106000	2107000	0
NC_003277.2	2107000	2108000	0
NC_003277.2	2108000	2109000	0
NC_003277.2	2109000	2110000	0
NC_003277.2	2110000	2111000	0
NC_003277.2	2111000	2112000	0
NC_003277.2	2112000	2113000	0
NC_003277.2	2113000	2114000	0
NC_003277.2	2114000	2115000	0
NC_003277.2	2115000	2116000	0
NC_003277.2	2116000	2117000	0
NC_003277.2	2117000	2118000	0
NC_003277.2	2118000	2119000	0
NC_003277.2	2119000	2120000	0
NC_003277.2	2120000	2121000	0
NC_003277.2	2121000	2122000	0
NC_003277.2	2122000	2123000	0
NC_003277.2	2123000	2124000	0
NC_003277.2	2124000	2125000	0
NC_003277.2	2125000	2126000	0
NC_003277.2	2126000	2127000	0
NC_003277.2	2127000	2128000	0
NC_003277.2	2128000	2129000	0
NC_003277.2	2129000	2130000	0
NC_003277.2	2130000	2131000	0
NC_003277.2	2131000	2132000	0
NC_003277.2	2132000	2133000	0
NC_003277.2	2133000	2134000	0
NC_003277.2	2134000	2135000	0
NC_003277.2	2135000	2136000	0
NC_003277.2	2136000	2137000	0
NC_003277.2	2137000	2138000	0
NC_003277.2	2138000	2139000	0
NC_003277.2	2139000	2140000	0
NC_003277.2	2140000	2141000	0
NC_003277.2	2141000	2142000	0
NC_003277.2	2142000	2143000	0
NC_003277.2	2143000	2144000	0
NC_003277.2	2144000	2145000	0
NC_003277.2	2145000	2146000	0
NC_003277.2	2146000	2147000	0
NC_003277.2	2147000	2148000	0
NC_003277.2	2148000	2149000	0
NC_003277.2	2149000	2150000	0
NC_003277.2	2150000	2151000	0
NC_003277.2	2151000	2152000	0
NC_003277.2	2152000	2153000	0
NC_003277.2	2153000	2154000	0
NC_003277.2	2154000	2155000	0
NC_003277.2	2155000	2156000	0
NC_003277.2	2156000	2157000	0
NC_003277.2	2157000	2158000	0
NC_003277.2	2158000	2159000	0
NC_003277.2	2159000	2160000	0
NC_003277.2	2160000	2161000	0
NC_003277.2	2161000	2162000	0
NC_003277.2	2162000	2163000	0
NC_003277.2	2163000	2164000	0
NC_003277.2	2164000	2165000	0
NC_003277.2	2165000	2166000	0
NC_003277.2	2166000	2167000	0
NC_003277.2	2167000	2168000	0
NC_003277.2	2168000	2169000	0
NC_003277.2	2169000	2170000	0
NC_003277.2	2170000	2171000	0
NC_003277.2	2171000	2172000	0
NC_003277.2	2172000	2173000	0
NC_003277.2	2173000	2174000	0
NC_003277.2	2174000	2175000	0
NC_003277.2	2175000	2176000	0
NC_003277.2	2176000	2177000	0
NC_003277.2	2177000	2178000	0
NC_003277.2	2178000	2179000	0
NC_003277.2	2179000	2180000	0
NC_003277.2	2180000	2181000	0
NC_003277.2	2181000	2182000	0
NC_003277.2	2182000	2183000	0
NC_003277.2	2183000	2184000	0
NC_003277.2	2184000	2185000	0
NC_003277.2	2185000	2186000	0
NC_003277.2	2186000	2187000	0
NC_003277.2	2187000	2188000	0
NC_003277.2	2188000	2189000	0
NC_003277.2	2189000	2190000	0
NC_003277.2	2190000	2191000	0
NC_003277.2	2191000	2192000	0
NC_003277.2	2192000	2193000	0
NC_003277.2	2193000	2194000	0
NC_003277.2	2194000	2195000	0
NC_003277.2	2195000	2196000	0
NC_003277.2	2196000	2197000	0
NC_003277.2	2197000	2198000	0
NC_003277.2	2198000	2199000	0
NC_003277.2	2199000	2200000	0
NC_003277.2	2200000	2201000	0
NC_003277.2	2201000	2202000	0
NC_003277.2	2202000	2203000	0
NC_003277.2	2203000	2204000	0
NC_003277.2	2204000	2205000	0
NC_003277.2	2205000	2206000	0
NC_003277.2	2206000	2207000	0
NC_003277.2	2207000	2208000	0
NC_003277.2	2208000	2209000	0
NC_003277.2	2209000	2210000	0
NC_003277.2	2210000	2211000	0
NC_003277.2	2211000	2212000	0
NC_003277.2	2212000	2213000	0
NC_003277.2	2213000	2214000	0
NC_003277.2	2214000	2215000	0
NC_003277.2	2215000	2216000	0
NC_003277.2	2216000	2217000	0
NC_003277.2	2217000	2218000	0
NC_003277.2	2218000	2219000	0
NC_003277.2	2219000	2220000	0
NC_003277.2	2220000	2221000	0
NC_003277.2	2221000	2222000	0
NC_003277.2	2222000	2223000	0
NC_003277.2	2223000	2224000	0
NC_003277.2	2224000	2225000	0
NC_003277.2	2225000	2226000	0
NC_003277.2	2226000	2227000	0
NC_003277.2	2227000	2228000	0
NC_003277.2	2228000	2229000	0
NC_003277.2	2229000	2230000	0
NC_003277.2	2230000	2231000	0
NC_003277.2	2231000	2232000	0
NC_003277.2	2232000	2233000	0
NC_003277.2	2233000	2234000	0
NC_003277.2	2234000	2235000	0
NC_003277.2	2235000	2236000	0
NC_003277.2	2236000	2237000	0
NC_003277.2	2237000	2238000	0
NC_003277.2	2238000	2239000	0
NC_003277.2	2239000	2240000	0
NC_003277.2	2240000	2241000	0
NC_003277.2	2241000	2242000	0
NC_003277.2	2242000	2243000	0
NC_003277.2	2243000	2244000	0
NC_003277.2	2244000	2245000	0
NC_003277.2	2245000	2246000	0
NC_003277.2	2246000	2247000	0
NC_003277.2	2247000	2248000	0
NC_003277.2	2248000	2249000	0
NC_003277.2	2249000	2250000	0
NC_003277.2	2250000	2251000	0
NC_003277.2	2251000	2252000	0
NC_003277.2	2252000	2253000	0
NC_003277.2	2253000	2254000	0
NC_003277.2	2254000	2255000	0
NC_003277.2	2255000	2256000	0
NC_003277.2	2256000	2257000	0
NC_003277.2	2257000	2258000	0
NC_003277.2	2258000	2259000	0
NC_003277.2	2259000	2260000	0
NC_003277.2	2260000	2261000	0
NC_003277.2	2261000	2262000	0
NC_003277.2	2262000	2263000	0
NC_003277.2	2263000	2264000	0
NC_003277.2	2264000	2265000	0
NC_003277.2	2265000	2266000	0
NC_003277.2	2266000	2267000	0
NC_003277.2	2267000	2268000	0
NC_003277.2	2268000	2269000	0
NC_003277.2	2269000	2270000	0
NC_003277.2	2270000	2271000	0
NC_003277.2	2271000	2272000	0
NC_003277.2	2272000	2273000	0
NC_003277.2	2273000	2274000	0
NC_003277.2	2274000	2275000	0
NC_003277.2	2275000	2276000	0
NC_003277.2	2276000	2277000	0
NC_003277.2	2277000	2278000	0
NC_003277.2	2278000	2279000	0
NC_003277.2	2279000	2280000	0
NC_003277.2	2280000	2281000	0
NC_003277.2	2281000	2282000	0
NC_003277.2	2282000	2283000	0
NC_003277.2	2283000	2284000	0
NC_003277.2	2284000	2285000	0
NC_003277.2	2285000	2286000	0
NC_003277.2	2286000	2287000	0
NC_003277.2	2287000	2288000	0
NC_003277.2	2288000	2289000	0
NC_003277.2	2289000	2290000	0
NC_003277.2	2290000	2291000	0
NC_003277.2	2291000	2292000	0
NC_003277.2	2292000	2293000	0
NC_003277.2	2293000	2294000	0
NC_003277.2	2294000	2295000	0
NC_003277.2	2295000	2296000	0
NC_003277.2	2296000	2297000	0
NC_003277.2	2297000	2298000	0
NC_003277.2	2298000	2299000	0
NC_003277.2	2299000	2300000	0
NC_003277.2	2300000	2301000	0
NC_003277.2	2301000	2302000	0
NC_003277.2	2302000	2303000	0
NC_003277.2	2303000	2304000	0
NC_003277.2	2304000	2305000	0
NC_003277.2	2305000	2306000	0
NC_003277.2	2306000	2307000	0
NC_003277.2	2307000	2308000	0
NC_003277.2	2308000	2309000	0
NC_003277.2	2309000	2310000	0
NC_003277.2	2310000	2311000	0
NC_003277.2	2311000	2312000	0
NC_003277.2	2312000	2313000	0
NC_003277.2	2313000	2314000	0
NC_003277.2	2314000	2315000	0
NC_003277.2	2315000	2316000	0
NC_003277.2	2316000	2317000	0
NC_003277.2	2317000	2318000	0
NC_003277.2	2318000	2319000	0
NC_003277.2	2319000	2320000	0
NC_003277.2	2320000	2321000	0
NC_003277.2	2321000	2322000	0
NC_003277.2	2322000	2323000	0
NC_003277.2	2323000	2324000	0
NC_003277.2	2324000	2325000	0
NC_003277.2	2325000	2326000	0
NC_003277.2	2326000	2327000	0
NC_003277.2	2327000	2328000	0
NC_003277.2	2328000	2329000	0
NC_003277.2	2329000	2330000	0
NC_003277.2	2330000	2331000	0
NC_003277.2	2331000	2332000	0
NC_003277.2	2332000	2333000	0
NC_003277.2	2333000	2334000	0
NC_003277.2	2334000	2335000	0
NC_003277.2	2335000	2336000	0
NC_003277.2	2336000	2337000	0
NC_003277.2	2337000	2338000	0
NC_003277.2	2338000	2339000	0
NC_003277.2	2339000	2340000	0
NC_003277.2	2340000	2341000	0
NC_003277.2	2341000	2342000	0
NC_003277.2	2342000	2343000	0
NC_003277.2	2343000	2344000	0
NC_003277.2	2344000	2345000	0
NC_003277.2	2345000	2346000	0
NC_003277.2	2346000	2347000	0
NC_003277.2	2347000	2348000	0
NC_003277.2	2348000	2349000	0
NC_003277.2	2349000	2350000	0
NC_003277.2	2350000	2351000	0
NC_003277.2	2351000	2352000	0
NC_003277.2	2352000	2353000	0
NC_003277.2	2353000	2354000	0
NC_003277.2	2354000	2355000	0
NC_003277.2	2355000	2356000	0
NC_003277.2	2356000	2357000	0
NC_003277.2	2357000	2358000	0
NC_003277.2	2358000	2359000	0
NC_003277.2	2359000	2360000	0
NC_003277.2	2360000	2361000	0
NC_003277.2	2361000	2362000	0
NC_003277.2	2362000	2363000	0
NC_003277.2	2363000	2364000	0
NC_003277.2	2364000	2365000	0
NC_003277.2	2365000	2366000	0
NC_003277.2	2366000	2367000	0
NC_003277.2	2367000	2368000	0
NC_003277.2	2368000	2369000	0
NC_003277.2	2369000	2370000	0
NC_003277.2	2370000	2371000	0
NC_003277.2	2371000	2372000	0
NC_003277.2	2372000	2373000	0
NC_003277.2	2373000	2374000	0
NC_003277.2	2374000	2375000	0
NC_003277.2	2375000	2376000	0
NC_003277.2	2376000	2377000	0
NC_003277.2	2377000	2378000	0
NC_003277.2	2378000	2379000	0
NC_003277.2	2379000	2380000	0
NC_003277.2	2380000	2381000	0
NC_003277.2	2381000	2382000	0
NC_003277.2	2382000	2383000	0
NC_003277.2	2383000	2384000	0
NC_003277.2	2384000	2385000	0
NC_003277.2	2385000	2386000	0
NC_003277.2	2386000	2387000	0
NC_003277.2	2387000	2388000	0
NC_003277.2	2388000	2389000	0
NC_003277.2	2389000	2390000	0
NC_003277.2	2390000	2391000	0
NC_003277.2	2391000	2392000	0
NC_003277.2	2392000	2393000	0
NC_003277.2	2393000	2394000	0
NC_003277.2	2394000	2395000	0
NC_003277.2	2395000	2396000	0
NC_003277.2	2396000	2397000	0
NC_003277.2	2397000	2398000	0
NC_003277.2	2398000	2399000	0
NC_003277.2	2399000	2400000	0
NC_003277.2	2400000	2401000	0
NC_003277.2	2401000	2402000	0
NC_003277.2	2402000	2403000	0
NC_003277.2	2403000	2404000	0
NC_003277.2	2404000	2405000	0
NC_003277.2	2405000	2406000	0
NC_003277.2	2406000	2407000	0
NC_003277.2	2407000	2408000	0
NC_003277.2	2408000	2409000	0
NC_003277.2	2409000	2410000	0
NC_003277.2	2410000	2411000	0
NC_003277.2	2411000	2412000	0
NC_003277.2	2412000	2413000	0
NC_003277.2	2413000	2414000	0
NC_003277.2	2414000	2415000	0
NC_003277.2	2415000	2416000	0
NC_003277.2	2416000	2417000	0
NC_003277.2	2417000	2418000	0
NC_003277.2	2418000	2419000	0
NC_003277.2	2419000	2420000	0
NC_003277.2	2420000	2421000	0
NC_003277.2	2421000	2422000	0
NC_003277.2	2422000	2423000	0
NC_003277.2	2423000	2424000	0
NC_003277.2	2424000	2425000	0
NC_003277.2	2425000	2426000	0
NC_003277.2	2426000	2427000	0
NC_003277.2	2427000	2428000	0
NC_003277.2	2428000	2429000	0
NC_003277.2	2429000	2430000	0
NC_003277.2	2430000	2431000	0
NC_003277.2	2431000	2432000	0
NC_003277.2	2432000	2433000	0
NC_003277.2	2433000	2434000	0
NC_003277.2	2434000	2435000	0
NC_003277.2	2435000	2436000	0
NC_003277.2	2436000	2437000	0
NC_003277.2	2437000	2438000	0
NC_003277.2	2438000	2439000	0
NC_003277.2	2439000	2440000	0
NC_003277.2	2440000	2441000	0
NC_003277.2	2441000	2442000	0
NC_003277.2	2442000	2443000	0
NC_003277.2	2443000	2444000	0
NC_003277.2	2444000	2445000	0
NC_003277.2	2445000	2446000	0
NC_003277.2	2446000	2447000	0
NC_003277.2	2447000	2448000	0
NC_003277.2	2448000	2449000	0
NC_003277.2	2449000	2450000	0
NC_003277.2	2450000	2451000	0
NC_003277.2	2451000	2452000	0
NC_003277.2	2452000	2453000	0
NC_003277.2	2453000	2454000	0
NC_003277.2	2454000	2455000	0
NC_003277.2	2455000	2456000	0
NC_003277.2	2456000	2457000	0
NC_003277.2	2457000	2458000	0
NC_003277.2	2458000	2459000	0
NC_003277.2	2459000	2460000	0
NC_003277.2	2460000	2461000	0
NC_003277.2	2461000	2462000	0
NC_003277.2	2462000	2463000	0
NC_003277.2	2463000	2464000	0
NC_003277.2	2464000	2465000	0
NC_003277.2	2465000	2466000	0
NC_003277.2	2466000	2467000	0
NC_003277.2	2467000	2468000	0
NC_003277.2	2468000	2469000	0
NC_003277.2	2469000	2470000	0
NC_003277.2	2470000	2471000	0
NC_003277.2	2471000	2472000	0
NC_003277.2	2472000	2473000	0
NC_003277.2	2473000	2474000	0
NC_003277.2	2474000	2475000	0
NC_003277.2	2475000	2476000	0
NC_003277.2	2476000	2477000	0
NC_003277.2	2477000	2478000	0
NC_003277.2	2478000	2479000	0
NC_003277.2	2479000	2480000	0
NC_003277.2	2480000	2481000	0
NC_003277.2	2481000	2482000	0
NC_003277.2	2482000	2483000	0
NC_003277.2	2483000	2484000	0
NC_003277.2	2484000	2485000	0
NC_003277.2	2485000	2486000	0
NC_003277.2	2486000	2487000	0
NC_003277.2	2487000	2488000	0
NC_003277.2	2488000	2489000	0
NC_003277.2	2489000	2490000	0
NC_003277.2	2490000	2491000	0
NC_003277.2	2491000	2492000	0
NC_003277.2	2492000	2493000	0
NC_003277.2	2493000	2494000	0
NC_003277.2	2494000	2495000	0
NC_003277.2	2495000	2496000	0
NC_003277.2	2496000	2497000	0
NC_003277.2	2497000	2498000	0
NC_003277.2	2498000	2499000	0
NC_003277.2	2499000	2500000	0
NC_003277.2	2500000	2501000	0
NC_003277.2	2501000	2502000	0
NC_003277.2	2502000	2503000	0
NC_003277.2	2503000	2504000	0
NC_003277.2	2504000	2505000	0
NC_003277.2	2505000	2506000	0
NC_003277.2	2506000	2507000	0
NC_003277.2	2507000	2508000	0
NC_003277.2	2508000	2509000	0
NC_003277.2	2509000	2510000	0
NC_003277.2	2510000	2511000	0
NC_003277.2	2511000	2512000	0
NC_003277.2	2512000	2513000	0
NC_003277.2	2513000	2514000	0
NC_003277.2	2514000	2515000	0
NC_003277.2	2515000	2516000	0
NC_003277.2	2516000	2517000	0
NC_003277.2	2517000	2518000	0
NC_003277.2	2518000	2519000	0
NC_003277.2	2519000	2520000	0
NC_003277.2	2520000	2521000	0
NC_003277.2	2521000	2522000	0
NC_003277.2	2522000	2523000	0
NC_003277.2	2523000	2524000	0
NC_003277.2	2524000	2525000	0
NC_003277.2	2525000	2526000	0
NC_003277.2	2526000	2527000	0
NC_003277.2	2527000	2528000	0
NC_003277.2	2528000	2529000	0
NC_003277.2	2529000	2530000	0
NC_003277.2	2530000	2531000	0
NC_003277.2	2531000	2532000	0
NC_003277.2	2532000	2533000	0
NC_003277.2	2533000	2534000	0
NC_003277.2	2534000	2535000	0
NC_003277.2	2535000	2536000	0
NC_003277.2	2536000	2537000	0
NC_003277.2	2537000	2538000	0
NC_003277.2	2538000	2539000	0
NC_003277.2	2539000	2540000	0
NC_003277.2	2540000	2541000	0
NC_003277.2	2541000	2542000	0
NC_003277.2	2542000	2543000	0
NC_003277.2	2543000	2544000	0
NC_003277.2	2544000	2545000	0
NC_003277.2	2545000	2546000	0
NC_003277.2	2546000	2547000	0
NC_003277.2	2547000	2548000	0
NC_003277.2	2548000	2549000	0
NC_003277.2	2549000	2550000	0
NC_003277.2	2550000	2551000	0
NC_003277.2	2551000	2552000	0
NC_003277.2	2552000	2553000	0
NC_003277.2	2553000	2554000	0
NC_003277.2	2554000	2555000	0
NC_003277.2	2555000	2556000	0
NC_003277.2	2556000	2557000	0
NC_003277.2	2557000	2558000	0
NC_003277.2	2558000	2559000	0
NC_003277.2	2559000	2560000	0
NC_003277.2	2560000	2561000	0
NC_003277.2	2561000	2562000	0
NC_003277.2	2562000	2563000	0
NC_003277.2	2563000	2564000	0
NC_003277.2	2564000	2565000	0
NC_003277.2	2565000	2566000	0
NC_003277.2	2566000	2567000	0
NC_003277.2	2567000	2568000	0
NC_003277.2	2568000	2569000	0
NC_003277.2	2569000	2570000	0
NC_003277.2	2570000	2571000	0
NC_003277.2	2571000	2572000	0
NC_003277.2	2572000	2573000	0
NC_003277.2	2573000	2574000	0
NC_003277.2	2574000	2575000	0
NC_003277.2	2575000	2576000	0
NC_003277.2	2576000	2577000	0
NC_003277.2	2577000	2578000	0
NC_003277.2	2578000	2579000	0
NC_003277.2	2579000	2580000	0
NC_003277.2	2580000	2581000	0
NC_003277.2	2581000	2582000	0
NC_003277.2	2582000	2583000	0
NC_003277.2	2583000	2584000	0
NC_003277.2	2584000	2585000	0
NC_003277.2	2585000	2586000	0
NC_003277.2	2586000	2587000	0
NC_003277.2	2587000	2588000	0
NC_003277.2	2588000	2589000	0
NC_003277.2	2589000	2590000	0
NC_003277.2	2590000	2591000	0
NC_003277.2	2591000	2592000	0
NC_003277.2	2592000	2593000	0
NC_003277.2	2593000	2594000	0
NC_003277.2	2594000	2595000	0
NC_003277.2	2595000	2596000	0
NC_003277.2	2596000	2597000	0
NC_003277.2	2597000	2598000	0
NC_003277.2	2598000	2599000	0
NC_003277.2	2599000	2600000	0
NC_003277.2	2600000	2601000	0
NC_003277.2	2601000	2602000	0
NC_003277.2	2602000	2603000	0
NC_003277.2	2603000	2604000	0
NC_003277.2	2604000	2605000	0
NC_003277.2	2605000	2606000	0
NC_003277.2	2606000	2607000	0
NC_003277.2	2607000	2608000	0
NC_003277.2	2608000	2609000	0
NC_003277.2	2609000	2610000	0
NC_003277.2	2610000	2611000	0
NC_003277.2	2611000	2612000	0
NC_003277.2	2612000	2613000	0
NC_003277.2	2613000	2614000	0
NC_003277.2	2614000	2615000	0
NC_003277.2	2615000	2616000	0
NC_003277.2	2616000	2617000	0
NC_003277.2	2617000	2618000	0
NC_003277.2	2618000	2619000	0
NC_003277.2	2619000	2620000	0
NC_003277.2	2620000	2621000	0
NC_003277.2	2621000	2622000	0
NC_003277.2	2622000	2623000	0
NC_003277.2	2623000	2624000	0
NC_003277.2	2624000	2625000	0
NC_003277.2	2625000	2626000	0
NC_003277.2	2626000	2627000	0
NC_003277.2	2627000	2628000	0
NC_003277.2	2628000	2629000	0
NC_003277.2	2629000	2630000	0
NC_003277.2	2630000	2631000	0
NC_003277.2	2631000	2632000	0
NC_003277.2	2632000	2633000	0
NC_003277.2	2633000	2634000	0
NC_003277.2	2634000	2635000	0
NC_003277.2	2635000	2636000	0
NC_003277.2	2636000	2637000	0
NC_003277.2	2637000	2638000	0
NC_003277.2	2638000	2639000	0
NC_003277.2	2639000	2640000	0
NC_003277.2	2640000	2641000	0
NC_003277.2	2641000	2642000	0
NC_003277.2	2642000	2643000	0
NC_003277.2	2643000	2644000	0
NC_003277.2	2644000	2645000	0
NC_003277.2	2645000	2646000	0
NC_003277.2	2646000	2647000	0
NC_003277.2	2647000	2648000	0
NC_003277.2	2648000	2649000	0
NC_003277.2	2649000	2650000	0
NC_003277.2	2650000	2651000	0
NC_003277.2	2651000	2652000	0
NC_003277.2	2652000	2653000	0
NC_003277.2	2653000	2654000	0
NC_003277.2	2654000	2655000	0
NC_003277.2	2655000	2656000	0
NC_003277.2	2656000	2657000	0
NC_003277.2	2657000	2658000	0
NC_003277.2	2658000	2659000	0
NC_003277.2	2659000	2660000	0
NC_003277.2	2660000	2661000	0
NC_003277.2	2661000	2662000	0
NC_003277.2	2662000	2663000	0
NC_003277.2	2663000	2664000	0
NC_003277.2	2664000	2665000	0
NC_003277.2	2665000	2666000	0
NC_003277.2	2666000	2667000	0
NC_003277.2	2667000	2668000	0
NC_003277.2	2668000	2669000	0
NC_003277.2	2669000	2670000	0
NC_003277.2	2670000	2671000	0
NC_003277.2	2671000	2672000	0
NC_003277.2	2672000	2673000	0
NC_003277.2	2673000	2674000	0
NC_003277.2	2674000	2675000	0
NC_003277.2	2675000	2676000	0
NC_003277.2	2676000	2677000	0
NC_003277.2	2677000	2678000	0
NC_003277.2	2678000	2679000	0
NC_003277.2	2679000	2680000	0
NC_003277.2	2680000	2681000	0
NC_003277.2	2681000	2682000	0
NC_003277.2	2682000	2683000	0
NC_003277.2	2683000	2684000	0
NC_003277.2	2684000	2685000	0
NC_003277.2	2685000	2686000	0
NC_003277.2	2686000	2687000	0
NC_003277.2	2687000	2688000	0
NC_003277.2	2688000	2689000	0
NC_003277.2	2689000	2690000	0
NC_003277.2	2690000	2691000	0
NC_003277.2	2691000	2692000	0
NC_003277.2	2692000	2693000	0
NC_003277.2	2693000	2694000	0
NC_003277.2	2694000	2695000	0
NC_003277.2	2695000	2696000	0
NC_003277.2	2696000	2697000	0
NC_003277.2	2697000	2698000	0
NC_003277.2	2698000	2699000	0
NC_003277.2	2699000	2700000	0
NC_003277.2	2700000	2701000	0
NC_003277.2	2701000	2702000	0
NC_003277.2	2702000	2703000	0
NC_003277.2	2703000	2704000	0
NC_003277.2	2704000	2705000	0
NC_003277.2	2705000	2706000	0
NC_003277.2	2706000	2707000	0
NC_003277.2	2707000	2708000	0
NC_003277.2	2708000	2709000	0
NC_003277.2	2709000	2710000	0
NC_003277.2	2710000	2711000	0
NC_003277.2	2711000	2712000	0
NC_003277.2	2712000	2713000	0
NC_003277.2	2713000	2714000	0
NC_003277.2	2714000	2715000	0
NC_003277.2	2715000	2716000	0
NC_003277.2	2716000	2717000	0
NC_003277.2	2717000	2718000	0
NC_003277.2	2718000	2719000	0
NC_003277.2	2719000	2720000	0
NC_003277.2	2720000	2721000	0
NC_003277.2	2721000	2722000	0
NC_003277.2	2722000	2723000	0
NC_003277.2	2723000	2724000	0
NC_003277.2	2724000	2725000	0
NC_003277.2	2725000	2726000	0
NC_003277.2	2726000	2727000	0
NC_003277.2	2727000	2728000	0
NC_003277.2	2728000	2729000	0
NC_003277.2	2729000	2730000	0
NC_003277.2	2730000	2731000	0
NC_003277.2	2731000	2732000	0
NC_003277.2	2732000	2733000	0
NC_003277.2	2733000	2734000	0
NC_003277.2	2734000	2735000	0
NC_003277.2	2735000	2736000	0
NC_003277.2	2736000	2737000	0
NC_003277.2	2737000	2738000	0
NC_003277.2	2738000	2739000	0
NC_003277.2	2739000	2740000	0
NC_003277.2	2740000	2741000	0
NC_003277.2	2741000	2742000	0
NC_003277.2	2742000	2743000	0
NC_003277.2	2743000	2744000	0
NC_003277.2	2744000	2745000	0
NC_003277.2	2745000	2746000	0
NC_003277.2	2746000	2747000	0
NC_003277.2	2747000	2748000	0
NC_003277.2	2748000	2749000	0
NC_003277.2	2749000	2750000	0
NC_003277.2	2750000	2751000	0
NC_003277.2	2751000	2752000	0
NC_003277.2	2752000	2753000	0
NC_003277.2	2753000	2754000	0
NC_003277.2	2754000	2755000	0
NC_003277.2	2755000	2756000	0
NC_003277.2	2756000	2757000	0
NC_003277.2	2757000	2758000	0
NC_003277.2	2758000	2759000	0
NC_003277.2	2759000	2760000	0
NC_003277.2	2760000	2761000	0
NC_003277.2	2761000	2762000	0
NC_003277.2	2762000	2763000	0
NC_003277.2	2763000	2764000	0
NC_003277.2	2764000	2765000	0
NC_003277.2	2765000	2766000	0
NC_003277.2	2766000	2767000	0
NC_003277.2	2767000	2768000	0
NC_003277.2	2768000	2769000	0
NC_003277.2	2769000	2770000	0
NC_003277.2	2770000	2771000	0
NC_003277.2	2771000	2772000	0
NC_003277.2	2772000	2773000	0
NC_003277.2	2773000	2774000	0
NC_003277.2	2774000	2775000	0
NC_003277.2	2775000	2776000	0
NC_003277.2	2776000	2777000	0
NC_003277.2	2777000	2778000	0
NC_003277.2	2778000	2779000	0
NC_003277.2	2779000	2780000	0
NC_003277.2	2780000	2781000	0
NC_003277.2	2781000	2782000	0
NC_003277.2	2782000	2783000	0
NC_003277.2	2783000	2784000	0
NC_003277.2	2784000	2785000	0
NC_003277.2	2785000	2786000	0
NC_003277.2	2786000	2787000	0
NC_003277.2	2787000	2788000	0
NC_003277.2	2788000	2789000	0
NC_003277.2	2789000	2790000	0
NC_003277.2	2790000	2791000	0
NC_003277.2	2791000	2792000	0
NC_003277.2	2792000	2793000	0
NC_003277.2	2793000	2794000	0
NC_003277.2	2794000	2795000	0
NC_003277.2	2795000	2796000	0
NC_003277.2	2796000	2797000	0
NC_003277.2	2797000	2798000	0
NC_003277.2	2798000	2799000	0
NC_003277.2	2799000	2800000	0
NC_003277.2	2800000	2801000	0
NC_003277.2	2801000	2802000	0
NC_003277.2	2802000	2803000	0
NC_003277.2	2803000	2804000	0
NC_003277.2	2804000	2805000	0
NC_003277.2	2805000	2806000	0
NC_003277.2	2806000	2807000	0
NC_003277.2	2807000	2808000	0
NC_003277.2	2808000	2809000	0
NC_003277.2	2809000	2810000	0
NC_003277.2	2810000	2811000	0
NC_003277.2	2811000	2812000	0
NC_003277.2	2812000	2813000	0
NC_003277.2	2813000	2814000	0
NC_003277.2	2814000	2815000	0
NC_003277.2	2815000	2816000	0
NC_003277.2	2816000	2817000	0
NC_003277.2	2817000	2818000	0
NC_003277.2	2818000	2819000	0
NC_003277.2	2819000	2820000	0
NC_003277.2	2820000	2821000	0
NC_003277.2	2821000	2822000	0
NC_003277.2	2822000	2823000	0
NC_003277.2	2823000	2824000	0
NC_003277.2	2824000	2825000	0
NC_003277.2	2825000	2826000	0
NC_003277.2	2826000	2827000	0
NC_003277.2	2827000	2828000	0
NC_003277.2	2828000	2829000	0
NC_003277.2	2829000	2830000	0
NC_003277.2	2830000	2831000	0
NC_003277.2	2831000	2832000	0
NC_003277.2	2832000	2833000	0
NC_003277.2	2833000	2834000	0
NC_003277.2	2834000	2835000	0
NC_003277.2	2835000	2836000	0
NC_003277.2	2836000	2837000	0
NC_003277.2	2837000	2838000	0
NC_003277.2	2838000	2839000	0
NC_003277.2	2839000	2840000	0
NC_003277.2	2840000	2841000	0
NC_003277.2	2841000	2842000	0
NC_003277.2	2842000	2843000	0
NC_003277.2	2843000	2844000	0
NC_003277.2	2844000	2845000	0
NC_003277.2	2845000	2846000	0
NC_003277.2	2846000	2847000	0
NC_003277.2	2847000	2848000	0
NC_003277.2	2848000	2849000	0
NC_003277.2	2849000	2850000	0
NC_003277.2	2850000	2851000	0
NC_003277.2	2851000	2852000	0
NC_003277.2	2852000	2853000	0
NC_003277.2	2853000	2854000	0
NC_003277.2	2854000	2855000	0
NC_003277.2	2855000	2856000	0
NC_003277.2	2856000	2857000	0
NC_003277.2	2857000	2858000	0
NC_003277.2	2858000	2859000	0
NC_003277.2	2859000	2860000	0
NC_003277.2	2860000	2861000	0
NC_003277.2	2861000	2862000	0
NC_003277.2	2862000	2863000	0
NC_003277.2	2863000	2864000	0
NC_003277.2	2864000	2865000	0
NC_003277.2	2865000	2866000	0
NC_003277.2	2866000	2867000	0
NC_003277.2	2867000	2868000	0
NC_003277.2	2868000	2869000	0
NC_003277.2	2869000	2870000	0
NC_003277.2	2870000	2871000	0
NC_003277.2	2871000	2872000	0
NC_003277.2	2872000	2873000	0
NC_003277.2	2873000	2874000	0
NC_003277.2	2874000	2875000	0
NC_003277.2	2875000	2876000	0
NC_003277.2	2876000	2877000	0
NC_003277.2	2877000	2878000	0
NC_003277.2	2878000	2879000	0
NC_003277.2	2879000	2880000	0
NC_003277.2	2880000	2881000	0
NC_003277.2	2881000	2882000	0
NC_003277.2	2882000	2883000	0
NC_003277.2	2883000	2884000	0
NC_003277.2	2884000	2885000	0
NC_003277.2	2885000	2886000	0
NC_003277.2	2886000	2887000	0
NC_003277.2	2887000	2888000	0
NC_003277.2	2888000	2889000	0
NC_003277.2	2889000	2890000	0
NC_003277.2	2890000	2891000	0
NC_003277.2	2891000	2892000	0
NC_003277.2	2892000	2893000	0
NC_003277.2	2893000	2894000	0
NC_003277.2	2894000	2895000	0
NC_003277.2	2895000	2896000	0
NC_003277.2	2896000	2897000	0
NC_003277.2	2897000	2898000	0
NC_003277.2	2898000	2899000	0
NC_003277.2	2899000	2900000	0
NC_003277.2	2900000	2901000	0
NC_003277.2	2901000	2902000	0
NC_003277.2	2902000	2903000	0
NC_003277.2	2903000	2904000	0
NC_003277.2	2904000	2905000	0
NC_003277.2	2905000	2906000	0
NC_003277.2	2906000	2907000	0
NC_003277.2	2907000	2908000	0
NC_003277.2	2908000	2909000	0
NC_003277.2	2909000	2910000	0
NC_003277.2	2910000	2911000	0
NC_003277.2	2911000	2912000	0
NC_003277.2	2912000	2913000	0
NC_003277.2	2913000	2914000	0
NC_003277.2	2914000	2915000	0
NC_003277.2	2915000	2916000	0
NC_003277.2	2916000	2917000	0
NC_003277.2	2917000	2918000	0
NC_003277.2	2918000	2919000	0
NC_003277.2	2919000	2920000	0
NC_003277.2	2920000	2921000	0
NC_003277.2	2921000	2922000	0
NC_003277.2	2922000	2923000	0
NC_003277.2	2923000	2924000	0
NC_003277.2	2924000	2925000	0
NC_003277.2	2925000	2926000	0
NC_003277.2	2926000	2927000	0
NC_003277.2	2927000	2928000	0
NC_003277.2	2928000	2929000	0
NC_003277.2	2929000	2930000	0
NC_003277.2	2930000	2931000	0
NC_003277.2	2931000	2932000	0
NC_003277.2	2932000	2933000	0
NC_003277.2	2933000	2934000	0
NC_003277.2	2934000	2935000	0
NC_003277.2	2935000	2936000	0
NC_003277.2	2936000	2937000	0
NC_003277.2	2937000	2938000	0
NC_003277.2	2938000	2939000	0
NC_003277.2	2939000	2940000	0
NC_003277.2	2940000	2941000	0
NC_003277.2	2941000	2942000	0
NC_003277.2	2942000	2943000	0
NC_003277.2	2943000	2944000	0
NC_003277.2	2944000	2945000	0
NC_003277.2	2945000	2946000	0
NC_003277.2	2946000	2947000	0
NC_003277.2	2947000	2948000	0
NC_003277.2	2948000	2949000	0
NC_003277.2	2949000	2950000	0
NC_003277.2	2950000	2951000	0
NC_003277.2	2951000	2952000	0
NC_003277.2	2952000	2953000	0
NC_003277.2	2953000	2954000	0
NC_003277.2	2954000	2955000	0
NC_003277.2	2955000	2956000	0
NC_003277.2	2956000	2957000	0
NC_003277.2	2957000	2958000	0
NC_003277.2	2958000	2959000	0
NC_003277.2	2959000	2960000	0
NC_003277.2	2960000	2961000	0
NC_003277.2	2961000	2962000	0
NC_003277.2	2962000	2963000	0
NC_003277.2	2963000	2964000	0
NC_003277.2	2964000	2965000	0
NC_003277.2	2965000	2966000	0
NC_003277.2	2966000	2967000	0
NC_003277.2	2967000	2968000	0
NC_003277.2	2968000	2969000	0
NC_003277.2	2969000	2970000	0
NC_003277.2	2970000	2971000	0
NC_003277.2	2971000	2972000	0
NC_003277.2	2972000	2973000	0
NC_003277.2	2973000	2974000	0
NC_003277.2	2974000	2975000	0
NC_003277.2	2975000	2976000	0
NC_003277.2	2976000	2977000	0
NC_003277.2	2977000	2978000	0
NC_003277.2	2978000	2979000	0
NC_003277.2	2979000	2980000	0
NC_003277.2	2980000	2981000	0
NC_003277.2	2981000	2982000	0
NC_003277.2	2982000	2983000	0
NC_003277.2	2983000	2984000	0
NC_003277.2	2984000	2985000	0
NC_003277.2	2985000	2986000	0
NC_003277.2	2986000	2987000	0
NC_003277.2	2987000	2988000	0
NC_003277.2	2988000	2989000	0
NC_003277.2	2989000	2990000	0
NC_003277.2	2990000	2991000	0
NC_003277.2	2991000	2992000	0
NC_003277.2	2992000	2993000	0
NC_003277.2	2993000	2994000	0
NC_003277.2	2994000	2995000	0
NC_003277.2	2995000	2996000	0
NC_003277.2	2996000	2997000	0
NC_003277.2	2997000	2998000	0
NC_003277.2	2998000	2999000	0
NC_003277.2	2999000	3000000	0
NC_003277.2	3000000	3001000	0
NC_003277.2	3001000	3002000	0
NC_003277.2	3002000	3003000	0
NC_003277.2	3003000	3004000	0
NC_003277.2	3004000	3005000	0
NC_003277.2	3005000	3006000	0
NC_003277.2	3006000	3007000	0
NC_003277.2	3007000	3008000	0
NC_003277.2	3008000	3009000	0
NC_003277.2	3009000	3010000	0
NC_003277.2	3010000	3011000	0
NC_003277.2	3011000	3012000	0
NC_003277.2	3012000	3013000	0
NC_003277.2	3013000	3014000	0
NC_003277.2	3014000	3015000	0
NC_003277.2	3015000	3016000	0
NC_003277.2	3016000	3017000	0
NC_003277.2	3017000	3018000	0
NC_003277.2	3018000	3019000	0
NC_003277.2	3019000	3020000	0
NC_003277.2	3020000	3021000	0
NC_003277.2	3021000	3022000	0
NC_003277.2	3022000	3023000	0
NC_003277.2	3023000	3024000	0
NC_003277.2	3024000	3025000	0
NC_003277.2	3025000	3026000	0
NC_003277.2	3026000	3027000	0
NC_003277.2	3027000	3028000	0
NC_003277.2	3028000	3029000	0
NC_003277.2	3029000	3030000	0
NC_003277.2	3030000	3031000	0
NC_003277.2	3031000	3032000	0
NC_003277.2	3032000	3033000	0
NC_003277.2	3033000	3034000	0
NC_003277.2	3034000	3035000	0
NC_003277.2	3035000	3036000	0
NC_003277.2	3036000	3037000	0
NC_003277.2	3037000	3038000	0
NC_003277.2	3038000	3039000	0
NC_003277.2	3039000	3040000	0
NC_003277.2	3040000	3041000	0
NC_003277.2	3041000	3042000	0
NC_003277.2	3042000	3043000	0
NC_003277.2	3043000	3044000	0
NC_003277.2	3044000	3045000	0
NC_003277.2	3045000	3046000	0
NC_003277.2	3046000	3047000	0
NC_003277.2	3047000	3048000	0
NC_003277.2	3048000	3049000	0
NC_003277.2	3049000	3050000	0
NC_003277.2	3050000	3051000	0
NC_003277.2	3051000	3052000	0
NC_003277.2	3052000	3053000	0
NC_003277.2	3053000	3054000	0
NC_003277.2	3054000	3055000	0
NC_003277.2	3055000	3056000	0
NC_003277.2	3056000	3057000	0
NC_003277.2	3057000	3058000	0
NC_003277.2	3058000	3059000	0
NC_003277.2	3059000	3060000	0
NC_003277.2	3060000	3061000	0
NC_003277.2	3061000	3062000	0
NC_003277.2	3062000	3063000	0
NC_003277.2	3063000	3064000	0
NC_003277.2	3064000	3065000	0
NC_003277.2	3065000	3066000	0
NC_003277.2	3066000	3067000	0
NC_003277.2	3067000	3068000	0
NC_003277.2	3068000	3069000	0
NC_003277.2	3069000	3070000	0
NC_003277.2	3070000	3071000	0
NC_003277.2	3071000	3072000	0
NC_003277.2	3072000	3073000	0
NC_003277.2	3073000	3074000	0
NC_003277.2	3074000	3075000	0
NC_003277.2	3075000	3076000	0
NC_003277.2	3076000	3077000	0
NC_003277.2	3077000	3078000	0
NC_003277.2	3078000	3079000	0
NC_003277.2	3079000	3080000	0
NC_003277.2	3080000	3081000	0
NC_003277.2	3081000	3082000	0
NC_003277.2	3082000	3083000	0
NC_003277.2	3083000	3084000	0
NC_003277.2	3084000	3085000	0
NC_003277.2	3085000	3086000	0
NC_003277.2	3086000	3087000	0
NC_003277.2	3087000	3088000	0
NC_003277.2	3088000	3089000	0
NC_003277.2	3089000	3090000	0
NC_003277.2	3090000	3091000	0
NC_003277.2	3091000	3092000	0
NC_003277.2	3092000	3093000	0
NC_003277.2	3093000	3094000	0
NC_003277.2	3094000	3095000	0
NC_003277.2	3095000	3096000	0
NC_003277.2	3096000	3097000	0
NC_003277.2	3097000	3098000	0
NC_003277.2	3098000	3099000	0
NC_003277.2	3099000	3100000	0
NC_003277.2	3100000	3101000	0
NC_003277.2	3101000	3102000	0
NC_003277.2	3102000	3103000	0
NC_003277.2	3103000	3104000	0
NC_003277.2	3104000	3105000	0
NC_003277.2	3105000	3106000	0
NC_003277.2	3106000	3107000	0
NC_003277.2	3107000	3108000	0
NC_003277.2	3108000	3109000	0
NC_003277.2	3109000	3110000	0
NC_003277.2	3110000	3111000	0
NC_003277.2	3111000	3112000	0
NC_003277.2	3112000	3113000	0
NC_003277.2	3113000	3114000	0
NC_003277.2	3114000	3115000	0
NC_003277.2	3115000	3116000	0
NC_003277.2	3116000	3117000	0
NC_003277.2	3117000	3118000	0
NC_003277.2	3118000	3119000	0
NC_003277.2	3119000	3120000	0
NC_003277.2	3120000	3121000	0
NC_003277.2	3121000	3122000	0
NC_003277.2	3122000	3123000	0
NC_003277.2	3123000	3124000	0
NC_003277.2	3124000	3125000	0
NC_003277.2	3125000	3126000	0
NC_003277.2	3126000	3127000	0
NC_003277.2	3127000	3128000	0
NC_003277.2	3128000	3129000	0
NC_003277.2	3129000	3130000	0
NC_003277.2	3130000	3131000	0
NC_003277.2	3131000	3132000	0
NC_003277.2	3132000	3133000	0
NC_003277.2	3133000	3134000	0
NC_003277.2	3134000	3135000	0
NC_003277.2	3135000	3136000	0
NC_003277.2	3136000	3137000	0
NC_003277.2	3137000	3138000	0
NC_003277.2	3138000	3139000	0
NC_003277.2	3139000	3140000	0
NC_003277.2	3140000	3141000	0
NC_003277.2	3141000	3142000	0
NC_003277.2	3142000	3143000	0
NC_003277.2	3143000	3144000	0
NC_003277.2	3144000	3145000	0
NC_003277.2	3145000	3146000	0
NC_003277.2	3146000	3147000	0
NC_003277.2	3147000	3148000	0
NC_003277.2	3148000	3149000	0
NC_003277.2	3149000	3150000	0
NC_003277.2	3150000	3151000	0
NC_003277.2	3151000	3152000	0
NC_003277.2	3152000	3153000	0
NC_003277.2	3153000	3154000	0
NC_003277.2	3154000	3155000	0
NC_003277.2	3155000	3156000	0
NC_003277.2	3156000	3157000	0
NC_003277.2	3157000	3158000	0
NC_003277.2	3158000	3159000	0
NC_003277.2	3159000	3160000	0
NC_003277.2	3160000	3161000	0
NC_003277.2	3161000	3162000	0
NC_003277.2	3162000	3163000	0
NC_003277.2	3163000	3164000	0
NC_003277.2	3164000	3165000	0
NC_003277.2	3165000	3166000	0
NC_003277.2	3166000	3167000	0
NC_003277.2	3167000	3168000	0
NC_003277.2	3168000	3169000	0
NC_003277.2	3169000	3170000	0
NC_003277.2	3170000	3171000	0
NC_003277.2	3171000	3172000	0
NC_003277.2	3172000	3173000	0
NC_003277.2	3173000	3174000	0
NC_003277.2	3174000	3175000	0
NC_003277.2	3175000	3176000	0
NC_003277.2	3176000	3177000	0
NC_003277.2	3177000	3178000	0
NC_003277.2	3178000	3179000	0
NC_003277.2	3179000	3180000	0
NC_003277.2	3180000	3181000	0
NC_003277.2	3181000	3182000	0
NC_003277.2	3182000	3183000	0
NC_003277.2	3183000	3184000	0
NC_003277.2	3184000	3185000	0
NC_003277.2	3185000	3186000	0
NC_003277.2	3186000	3187000	0
NC_003277.2	3187000	3188000	0
NC_003277.2	3188000	3189000	0
NC_003277.2	3189000	3190000	0
NC_003277.2	3190000	3191000	0
NC_003277.2	3191000	3192000	0
NC_003277.2	3192000	3193000	0
NC_003277.2	3193000	3194000	0
NC_003277.2	3194000	3195000	0
NC_003277.2	3195000	3196000	0
NC_003277.2	3196000	3197000	0
NC_003277.2	3197000	3198000	0
NC_003277.2	3198000	3199000	0
NC_003277.2	3199000	3200000	0
NC_003277.2	3200000	3201000	0
NC_003277.2	3201000	3202000	0
NC_003277.2	3202000	3203000	0
NC_003277.2	3203000	3204000	0
NC_003277.2	3204000	3205000	0
NC_003277.2	3205000	3206000	0
NC_003277.2	3206000	3207000	0
NC_003277.2	3207000	3208000	0
NC_003277.2	3208000	3209000	0
NC_003277.2	3209000	3210000	0
NC_003277.2	3210000	3211000	0
NC_003277.2	3211000	3212000	0
NC_003277.2	3212000	3213000	0
NC_003277.2	3213000	3214000	0
NC_003277.2	3214000	3215000	0
NC_003277.2	3215000	3216000	0
NC_003277.2	3216000	3217000	0
NC_003277.2	3217000	3218000	0
NC_003277.2	3218000	3219000	0
NC_003277.2	3219000	3220000	0
NC_003277.2	3220000	3221000	0
NC_003277.2	3221000	3222000	0
NC_003277.2	3222000	3223000	0
NC_003277.2	3223000	3224000	0
NC_003277.2	3224000	3225000	0
NC_003277.2	3225000	3226000	0
NC_003277.2	3226000	3227000	0
NC_003277.2	3227000	3228000	0
NC_003277.2	3228000	3229000	0
NC_003277.2	3229000	3230000	0
NC_003277.2	3230000	3231000	0
NC_003277.2	3231000	3232000	0
NC_003277.2	3232000	3233000	0
NC_003277.2	3233000	3234000	0
NC_003277.2	3234000	3235000	0
NC_003277.2	3235000	3236000	0
NC_003277.2	3236000	3237000	0
NC_003277.2	3237000	3238000	0
NC_003277.2	3238000	3239000	0
NC_003277.2	3239000	3240000	0
NC_003277.2	3240000	3241000	0
NC_003277.2	3241000	3242000	0
NC_003277.2	3242000	3243000	0
NC_003277.2	3243000	3244000	0
NC_003277.2	3244000	3245000	0
NC_003277.2	3245000	3246000	0
NC_003277.2	3246000	3247000	0
NC_003277.2	3247000	3248000	0
NC_003277.2	3248000	3249000	0
NC_003277.2	3249000	3250000	0
NC_003277.2	3250000	3251000	0
NC_003277.2	3251000	3252000	0
NC_003277.2	3252000	3253000	0
NC_003277.2	3253000	3254000	0
NC_003277.2	3254000	3255000	0
NC_003277.2	3255000	3256000	0
NC_003277.2	3256000	3257000	0
NC_003277.2	3257000	3258000	0
NC_003277.2	3258000	3259000	0
NC_003277.2	3259000	3260000	0
NC_003277.2	3260000	3261000	0
NC_003277.2	3261000	3262000	0
NC_003277.2	3262000	3263000	0
NC_003277.2	3263000	3264000	0
NC_003277.2	3264000	3265000	0
NC_003277.2	3265000	3266000	0
NC_003277.2	3266000	3267000	0
NC_003277.2	3267000	3268000	0
NC_003277.2	3268000	3269000	0
NC_003277.2	3269000	3270000	0
NC_003277.2	3270000	3271000	0
NC_003277.2	3271000	3272000	0
NC_003277.2	3272000	3273000	0
NC_003277.2	3273000	3274000	0
NC_003277.2	3274000	3275000	0
NC_003277.2	3275000	3276000	0
NC_003277.2	3276000	3277000	0
NC_003277.2	3277000	3278000	0
NC_003277.2	3278000	3279000	0
NC_003277.2	3279000	3280000	0
NC_003277.2	3280000	3281000	0
NC_003277.2	3281000	3282000	0
NC_003277.2	3282000	3283000	0
NC_003277.2	3283000	3284000	0
NC_003277.2	3284000	3285000	0
NC_003277.2	3285000	3286000	0
NC_003277.2	3286000	3287000	0
NC_003277.2	3287000	3288000	0
NC_003277.2	3288000	3289000	0
NC_003277.2	3289000	3290000	0
NC_003277.2	3290000	3291000	0
NC_003277.2	3291000	3292000	0
NC_003277.2	3292000	3293000	0
NC_003277.2	3293000	3294000	0
NC_003277.2	3294000	3295000	0
NC_003277.2	3295000	3296000	0
NC_003277.2	3296000	3297000	0
NC_003277.2	3297000	3298000	0
NC_003277.2	3298000	3299000	0
NC_003277.2	3299000	3300000	0
NC_003277.2	3300000	3301000	0
NC_003277.2	3301000	3302000	0
NC_003277.2	3302000	3303000	0
NC_003277.2	3303000	3304000	0
NC_003277.2	3304000	3305000	0
NC_003277.2	3305000	3306000	0
NC_003277.2	3306000	3307000	0
NC_003277.2	3307000	3308000	0
NC_003277.2	3308000	3309000	0
NC_003277.2	3309000	3310000	0
NC_003277.2	3310000	3311000	0
NC_003277.2	3311000	3312000	0
NC_003277.2	3312000	3313000	0
NC_003277.2	3313000	3314000	0
NC_003277.2	3314000	3315000	0
NC_003277.2	3315000	3316000	0
NC_003277.2	3316000	3317000	0
NC_003277.2	3317000	3318000	0
NC_003277.2	3318000	3319000	0
NC_003277.2	3319000	3320000	0
NC_003277.2	3320000	3321000	0
NC_003277.2	3321000	3322000	0
NC_003277.2	3322000	3323000	0
NC_003277.2	3323000	3324000	0
NC_003277.2	3324000	3325000	0
NC_003277.2	3325000	3326000	0
NC_003277.2	3326000	3327000	0
NC_003277.2	3327000	3328000	0
NC_003277.2	3328000	3329000	0
NC_003277.2	3329000	3330000	0
NC_003277.2	3330000	3331000	0
NC_003277.2	3331000	3332000	0
NC_003277.2	3332000	3333000	0
NC_003277.2	3333000	3334000	0
NC_003277.2	3334000	3335000	0
NC_003277.2	3335000	3336000	0
NC_003277.2	3336000	3337000	0
NC_003277.2	3337000	3338000	0
NC_003277.2	3338000	3339000	0
NC_003277.2	3339000	3340000	0
NC_003277.2	3340000	3341000	0
NC_003277.2	3341000	3342000	0
NC_003277.2	3342000	3343000	0
NC_003277.2	3343000	3344000	0
NC_003277.2	3344000	3345000	0
NC_003277.2	3345000	3346000	0
NC_003277.2	3346000	3347000	0
NC_003277.2	3347000	3348000	0
NC_003277.2	3348000	3349000	0
NC_003277.2	3349000	3350000	0
NC_003277.2	3350000	3351000	0
NC_003277.2	3351000	3352000	0
NC_003277.2	3352000	3353000	0
NC_003277.2	3353000	3354000	0
NC_003277.2	3354000	3355000	0
NC_003277.2	3355000	3356000	0
NC_003277.2	3356000	3357000	0
NC_003277.2	3357000	3358000	0
NC_003277.2	3358000	3359000	0
NC_003277.2	3359000	3360000	0
NC_003277.2	3360000	3361000	0
NC_003277.2	3361000	3362000	0
NC_003277.2	3362000	3363000	0
NC_003277.2	3363000	3364000	0
NC_003277.2	3364000	3365000	0
NC_003277.2	3365000	3366000	0
NC_003277.2	3366000	3367000	0
NC_003277.2	3367000	3368000	0
NC_003277.2	3368000	3369000	0
NC_003277.2	3369000	3370000	0
NC_003277.2	3370000	3371000	0
NC_003277.2	3371000	3372000	0
NC_003277.2	3372000	3373000	0
NC_003277.2	3373000	3374000	0
NC_003277.2	3374000	3375000	0
NC_003277.2	3375000	3376000	0
NC_003277.2	3376000	3377000	0
NC_003277.2	3377000	3378000	0
NC_003277.2	3378000	3379000	0
NC_003277.2	3379000	3380000	0
NC_003277.2	3380000	3381000	0
NC_003277.2	3381000	3382000	0
NC_003277.2	3382000	3383000	0
NC_003277.2	3383000	3384000	0
NC_003277.2	3384000	3385000	0
NC_003277.2	3385000	3386000	0
NC_003277.2	3386000	3387000	0
NC_003277.2	3387000	3388000	0
NC_003277.2	3388000	3389000	0
NC_003277.2	3389000	3390000	0
NC_003277.2	3390000	3391000	0
NC_003277.2	3391000	3392000	0
NC_003277.2	3392000	3393000	0
NC_003277.2	3393000	3394000	0
NC_003277.2	3394000	3395000	0
NC_003277.2	3395000	3396000	0
NC_003277.2	3396000	3397000	0
NC_003277.2	3397000	3398000	0
NC_003277.2	3398000	3399000	0
NC_003277.2	3399000	3400000	0
NC_003277.2	3400000	3401000	0
NC_003277.2	3401000	3402000	0
NC_003277.2	3402000	3403000	0
NC_003277.2	3403000	3404000	0
NC_003277.2	3404000	3405000	0
NC_003277.2	3405000	3406000	0
NC_003277.2	3406000	3407000	0
NC_003277.2	3407000	3408000	0
NC_003277.2	3408000	3409000	0
NC_003277.2	3409000	3410000	0
NC_003277.2	3410000	3411000	0
NC_003277.2	3411000	3412000	0
NC_003277.2	3412000	3413000	0
NC_003277.2	3413000	3414000	0
NC_003277.2	3414000	3415000	0
NC_003277.2	3415000	3416000	0
NC_003277.2	3416000	3417000	0
NC_003277.2	3417000	3418000	0
NC_003277.2	3418000	3419000	0
NC_003277.2	3419000	3420000	0
NC_003277.2	3420000	3421000	0
NC_003277.2	3421000	3422000	0
NC_003277.2	3422000	3423000	0
NC_003277.2	3423000	3424000	0
NC_003277.2	3424000	3425000	0
NC_003277.2	3425000	3426000	0
NC_003277.2	3426000	3427000	0
NC_003277.2	3427000	3428000	0
NC_003277.2	3428000	3429000	0
NC_003277.2	3429000	3430000	0
NC_003277.2	3430000	3431000	0
NC_003277.2	3431000	3432000	0
NC_003277.2	3432000	3433000	0
NC_003277.2	3433000	3434000	0
NC_003277.2	3434000	3435000	0
NC_003277.2	3435000	3436000	0
NC_003277.2	3436000	3437000	0
NC_003277.2	3437000	3438000	0
NC_003277.2	3438000	3439000	0
NC_003277.2	3439000	3440000	0
NC_003277.2	3440000	3441000	0
NC_003277.2	3441000	3442000	0
NC_003277.2	3442000	3443000	0
NC_003277.2	3443000	3444000	0
NC_003277.2	3444000	3445000	0
NC_003277.2	3445000	3446000	0
NC_003277.2	3446000	3447000	0
NC_003277.2	3447000	3448000	0
NC_003277.2	3448000	3449000	0
NC_003277.2	3449000	3450000	0
NC_003277.2	3450000	3451000	0
NC_003277.2	3451000	3452000	0
NC_003277.2	3452000	3453000	0
NC_003277.2	3453000	3454000	0
NC_003277.2	3454000	3455000	0
NC_003277.2	3455000	3456000	0
NC_003277.2	3456000	3457000	0
NC_003277.2	3457000	3458000	0
NC_003277.2	3458000	3459000	0
NC_003277.2	3459000	3460000	0
NC_003277.2	3460000	3461000	0
NC_003277.2	3461000	3462000	0
NC_003277.2	3462000	3463000	0
NC_003277.2	3463000	3464000	0
NC_003277.2	3464000	3465000	0
NC_003277.2	3465000	3466000	0
NC_003277.2	3466000	3467000	0
NC_003277.2	3467000	3468000	0
NC_003277.2	3468000	3469000	0
NC_003277.2	3469000	3470000	0
NC_003277.2	3470000	3471000	0
NC_003277.2	3471000	3472000	0
NC_003277.2	3472000	3473000	0
NC_003277.2	3473000	3474000	0
NC_003277.2	3474000	3475000	0
NC_003277.2	3475000	3476000	0
NC_003277.2	3476000	3477000	0
NC_003277.2	3477000	3478000	0
NC_003277.2	3478000	3479000	0
NC_003277.2	3479000	3480000	0
NC_003277.2	3480000	3481000	0
NC_003277.2	3481000	3482000	0
NC_003277.2	3482000	3483000	0
NC_003277.2	3483000	3484000	0
NC_003277.2	3484000	3485000	0
NC_003277.2	3485000	3486000	0
NC_003277.2	3486000	3487000	0
NC_003277.2	3487000	3488000	0
NC_003277.2	3488000	3489000	0
NC_003277.2	3489000	3490000	0
NC_003277.2	3490000	3491000	0
NC_003277.2	3491000	3492000	0
NC_003277.2	3492000	3493000	0
NC_003277.2	3493000	3494000	0
NC_003277.2	3494000	3495000	0
NC_003277.2	3495000	3496000	0
NC_003277.2	3496000	3497000	0
NC_003277.2	3497000	3498000	0
NC_003277.2	3498000	3499000	0
NC_003277.2	3499000	3500000	0
NC_003277.2	3500000	3501000	0
NC_003277.2	3501000	3502000	0
NC_003277.2	3502000	3503000	0
NC_003277.2	3503000	3504000	0
NC_003277.2	3504000	3505000	0
NC_003277.2	3505000	3506000	0
NC_003277.2	3506000	3507000	0
NC_003277.2	3507000	3508000	0
NC_003277.2	3508000	3509000	0
NC_003277.2	3509000	3510000	0
NC_003277.2	3510000	3511000	0
NC_003277.2	3511000	3512000	0
NC_003277.2	3512000	3513000	0
NC_003277.2	3513000	3514000	0
NC_003277.2	3514000	3515000	0
NC_003277.2	3515000	3516000	0
NC_003277.2	3516000	3517000	0
NC_003277.2	3517000	3518000	0
NC_003277.2	3518000	3519000	0
NC_003277.2	3519000	3520000	0
NC_003277.2	3520000	3521000	0
NC_003277.2	3521000	3522000	0
NC_003277.2	3522000	3523000	0
NC_003277.2	3523000	3524000	0
NC_003277.2	3524000	3525000	0
NC_003277.2	3525000	3526000	0
NC_003277.2	3526000	3527000	0
NC_003277.2	3527000	3528000	0
NC_003277.2	3528000	3529000	0
NC_003277.2	3529000	3530000	0
NC_003277.2	3530000	3531000	0
NC_003277.2	3531000	3532000	0
NC_003277.2	3532000	3533000	0
NC_003277.2	3533000	3534000	0
NC_003277.2	3534000	3535000	0
NC_003277.2	3535000	3536000	0
NC_003277.2	3536000	3537000	0
NC_003277.2	3537000	3538000	0
NC_003277.2	3538000	3539000	0
NC_003277.2	3539000	3540000	0
NC_003277.2	3540000	3541000	0
NC_003277.2	3541000	3542000	0
NC_003277.2	3542000	3543000	0
NC_003277.2	3543000	3544000	0
NC_003277.2	3544000	3545000	0
NC_003277.2	3545000	3546000	0
NC_003277.2	3546000	3547000	0
NC_003277.2	3547000	3548000	0
NC_003277.2	3548000	3549000	0
NC_003277.2	3549000	3550000	0
NC_003277.2	3550000	3551000	0
NC_003277.2	3551000	3552000	0
NC_003277.2	3552000	3553000	0
NC_003277.2	3553000	3554000	0
NC_003277.2	3554000	3555000	0
NC_003277.2	3555000	3556000	0
NC_003277.2	3556000	3557000	0
NC_003277.2	3557000	3558000	0
NC_003277.2	3558000	3559000	0
NC_003277.2	3559000	3560000	0
NC_003277.2	3560000	3561000	0
NC_003277.2	3561000	3562000	0
NC_003277.2	3562000	3563000	0
NC_003277.2	3563000	3564000	0
NC_003277.2	3564000	3565000	0
NC_003277.2	3565000	3566000	0
NC_003277.2	3566000	3567000	0
NC_003277.2	3567000	3568000	0
NC_003277.2	3568000	3569000	0
NC_003277.2	3569000	3570000	0
NC_003277.2	3570000	3571000	0
NC_003277.2	3571000	3572000	0
NC_003277.2	3572000	3573000	0
NC_003277.2	3573000	3574000	0
NC_003277.2	3574000	3575000	0
NC_003277.2	3575000	3576000	0
NC_003277.2	3576000	3577000	0
NC_003277.2	3577000	3578000	0
NC_003277.2	3578000	3579000	0
NC_003277.2	3579000	3580000	0
NC_003277.2	3580000	3581000	0
NC_003277.2	3581000	3582000	0
NC_003277.2	3582000	3583000	0
NC_003277.2	3583000	3584000	0
NC_003277.2	3584000	3585000	0
NC_003277.2	3585000	3586000	0
NC_003277.2	3586000	3587000	0
NC_003277.2	3587000	3588000	0
NC_003277.2	3588000	3589000	0
NC_003277.2	3589000	3590000	0
NC_003277.2	3590000	3591000	0
NC_003277.2	3591000	3592000	0
NC_003277.2	3592000	3593000	0
NC_003277.2	3593000	3594000	0
NC_003277.2	3594000	3595000	0
NC_003277.2	3595000	3596000	0
NC_003277.2	3596000	3597000	0
NC_003277.2	3597000	3598000	0
NC_003277.2	3598000	3599000	0
NC_003277.2	3599000	3600000	0
NC_003277.2	3600000	3601000	0
NC_003277.2	3601000	3602000	0
NC_003277.2	3602000	3603000	0
NC_003277.2	3603000	3604000	0
NC_003277.2	3604000	3605000	0
NC_003277.2	3605000	3606000	0
NC_003277.2	3606000	3607000	0
NC_003277.2	3607000	3608000	0
NC_003277.2	3608000	3609000	0
NC_003277.2	3609000	3610000	0
NC_003277.2	3610000	3611000	0
NC_003277.2	3611000	3612000	0
NC_003277.2	3612000	3613000	0
NC_003277.2	3613000	3614000	0
NC_003277.2	3614000	3615000	0
NC_003277.2	3615000	3616000	0
NC_003277.2	3616000	3617000	0
NC_003277.2	3617000	3618000	0
NC_003277.2	3618000	3619000	0
NC_003277.2	3619000	3620000	0
NC_003277.2	3620000	3621000	0
NC_003277.2	3621000	3622000	0
NC_003277.2	3622000	3623000	0
NC_003277.2	3623000	3624000	0
NC_003277.2	3624000	3625000	0
NC_003277.2	3625000	3626000	0
NC_003277.2	3626000	3627000	0
NC_003277.2	3627000	3628000	0
NC_003277.2	3628000	3629000	0
NC_003277.2	3629000	3630000	0
NC_003277.2	3630000	3631000	0
NC_003277.2	3631000	3632000	0
NC_003277.2	3632000	3633000	0
NC_003277.2	3633000	3634000	0
NC_003277.2	3634000	3635000	0
NC_003277.2	3635000	3636000	0
NC_003277.2	3636000	3637000	0
NC_003277.2	3637000	3638000	0
NC_003277.2	3638000	3639000	0
NC_003277.2	3639000	3640000	0
NC_003277.2	3640000	3641000	0
NC_003277.2	3641000	3642000	0
NC_003277.2	3642000	3643000	0
NC_003277.2	3643000	3644000	0
NC_003277.2	3644000	3645000	0
NC_003277.2	3645000	3646000	0
NC_003277.2	3646000	3647000	0
NC_003277.2	3647000	3648000	0
NC_003277.2	3648000	3649000	0
NC_003277.2	3649000	3650000	0
NC_003277.2	3650000	3651000	0
NC_003277.2	3651000	3652000	0
NC_003277.2	3652000	3653000	0
NC_003277.2	3653000	3654000	0
NC_003277.2	3654000	3655000	0
NC_003277.2	3655000	3656000	0
NC_003277.2	3656000	3657000	0
NC_003277.2	3657000	3658000	0
NC_003277.2	3658000	3659000	0
NC_003277.2	3659000	3660000	0
NC_003277.2	3660000	3661000	0
NC_003277.2	3661000	3662000	0
NC_003277.2	3662000	3663000	0
NC_003277.2	3663000	3664000	0
NC_003277.2	3664000	3665000	0
NC_003277.2	3665000	3666000	0
NC_003277.2	3666000	3667000	0
NC_003277.2	3667000	3668000	0
NC_003277.2	3668000	3669000	0
NC_003277.2	3669000	3670000	0
NC_003277.2	3670000	3671000	0
NC_003277.2	3671000	3672000	0
NC_003277.2	3672000	3673000	0
NC_003277.2	3673000	3674000	0
NC_003277.2	3674000	3675000	0
NC_003277.2	3675000	3676000	0
NC_003277.2	3676000	3677000	0
NC_003277.2	3677000	3678000	0
NC_003277.2	3678000	3679000	0
NC_003277.2	3679000	3680000	0
NC_003277.2	3680000	3681000	0
NC_003277.2	3681000	3682000	0
NC_003277.2	3682000	3683000	0
NC_003277.2	3683000	3684000	0
NC_003277.2	3684000	3685000	0
NC_003277.2	3685000	3686000	0
NC_003277.2	3686000	3687000	0
NC_003277.2	3687000	3688000	0
NC_003277.2	3688000	3689000	0
NC_003277.2	3689000	3690000	0
NC_003277.2	3690000	3691000	0
NC_003277.2	3691000	3692000	0
NC_003277.2	3692000	3693000	0
NC_003277.2	3693000	3694000	0
NC_003277.2	3694000	3695000	0
NC_003277.2	3695000	3696000	0
NC_003277.2	3696000	3697000	0
NC_003277.2	3697000	3698000	0
NC_003277.2	3698000	3699000	0
NC_003277.2	3699000	3700000	0
NC_003277.2	3700000	3701000	0
NC_003277.2	3701000	3702000	0
NC_003277.2	3702000	3703000	0
NC_003277.2	3703000	3704000	0
NC_003277.2	3704000	3705000	0
NC_003277.2	3705000	3706000	0
NC_003277.2	3706000	3707000	0
NC_003277.2	3707000	3708000	0
NC_003277.2	3708000	3709000	0
NC_003277.2	3709000	3710000	0
NC_003277.2	3710000	3711000	0
NC_003277.2	3711000	3712000	0
NC_003277.2	3712000	3713000	0
NC_003277.2	3713000	3714000	0
NC_003277.2	3714000	3715000	0
NC_003277.2	3715000	3716000	0
NC_003277.2	3716000	3717000	0
NC_003277.2	3717000	3718000	0
NC_003277.2	3718000	3719000	0
NC_003277.2	3719000	3720000	0
NC_003277.2	3720000	3721000	0
NC_003277.2	3721000	3722000	0
NC_003277.2	3722000	3723000	0
NC_003277.2	3723000	3724000	0
NC_003277.2	3724000	3725000	0
NC_003277.2	3725000	3726000	0
NC_003277.2	3726000	3727000	0
NC_003277.2	3727000	3728000	0
NC_003277.2	3728000	3729000	0
NC_003277.2	3729000	3730000	0
NC_003277.2	3730000	3731000	0
NC_003277.2	3731000	3732000	0
NC_003277.2	3732000	3733000	0
NC_003277.2	3733000	3734000	0
NC_003277.2	3734000	3735000	0
NC_003277.2	3735000	3736000	0
NC_003277.2	3736000	3737000	0
NC_003277.2	3737000	3738000	0
NC_003277.2	3738000	3739000	0
NC_003277.2	3739000	3740000	0
NC_003277.2	3740000	3741000	0
NC_003277.2	3741000	3742000	0
NC_003277.2	3742000	3743000	0
NC_003277.2	3743000	3744000	0
NC_003277.2	3744000	3745000	0
NC_003277.2	3745000	3746000	0
NC_003277.2	3746000	3747000	0
NC_003277.2	3747000	3748000	0
NC_003277.2	3748000	3749000	0
NC_003277.2	3749000	3750000	0
NC_003277.2	3750000	3751000	0
NC_003277.2	3751000	3752000	0
NC_003277.2	3752000	3753000	0
NC_003277.2	3753000	3754000	0
NC_003277.2	3754000	3755000	0
NC_003277.2	3755000	3756000	0
NC_003277.2	3756000	3757000	0
NC_003277.2	3757000	3758000	0
NC_003277.2	3758000	3759000	0
NC_003277.2	3759000	3760000	0
NC_003277.2	3760000	3761000	0
NC_003277.2	3761000	3762000	0
NC_003277.2	3762000	3763000	0
NC_003277.2	3763000	3764000	0
NC_003277.2	3764000	3765000	0
NC_003277.2	3765000	3766000	0
NC_003277.2	3766000	3767000	0
NC_003277.2	3767000	3768000	0
NC_003277.2	3768000	3769000	0
NC_003277.2	3769000	3770000	0
NC_003277.2	3770000	3771000	0
NC_003277.2	3771000	3772000	0
NC_003277.2	3772000	3773000	0
NC_003277.2	3773000	3774000	0
NC_003277.2	3774000	3775000	0
NC_003277.2	3775000	3776000	0
NC_003277.2	3776000	3777000	0
NC_003277.2	3777000	3778000	0
NC_003277.2	3778000	3779000	0
NC_003277.2	3779000	3780000	0
NC_003277.2	3780000	3781000	0
NC_003277.2	3781000	3782000	0
NC_003277.2	3782000	3783000	0
NC_003277.2	3783000	3784000	0
NC_003277.2	3784000	3785000	0
NC_003277.2	3785000	3786000	0
NC_003277.2	3786000	3787000	0
NC_003277.2	3787000	3788000	0
NC_003277.2	3788000	3789000	0
NC_003277.2	3789000	3790000	0
NC_003277.2	3790000	3791000	0
NC_003277.2	3791000	3792000	0
NC_003277.2	3792000	3793000	0
NC_003277.2	3793000	3794000	0
NC_003277.2	3794000	3795000	0
NC_003277.2	3795000	3796000	0
NC_003277.2	3796000	3797000	0
NC_003277.2	3797000	3798000	0
NC_003277.2	3798000	3799000	0
NC_003277.2	3799000	3800000	0
NC_003277.2	3800000	3801000	0
NC_003277.2	3801000	3802000	0
NC_003277.2	3802000	3803000	0
NC_003277.2	3803000	3804000	0
NC_003277.2	3804000	3805000	0
NC_003277.2	3805000	3806000	0
NC_003277.2	3806000	3807000	0
NC_003277.2	3807000	3808000	0
NC_003277.2	3808000	3809000	0
NC_003277.2	3809000	3810000	0
NC_003277.2	3810000	3811000	0
NC_003277.2	3811000	3812000	0
NC_003277.2	3812000	3813000	0
NC_003277.2	3813000	3814000	0
NC_003277.2	3814000	3815000	0
NC_003277.2	3815000	3816000	0
NC_003277.2	3816000	3817000	0
NC_003277.2	3817000	3818000	0
NC_003277.2	3818000	3819000	0
NC_003277.2	3819000	3820000	0
NC_003277.2	3820000	3821000	0
NC_003277.2	3821000	3822000	0
NC_003277.2	3822000	3823000	0
NC_003277.2	3823000	3824000	0
NC_003277.2	3824000	3825000	0
NC_003277.2	3825000	3826000	0
NC_003277.2	3826000	3827000	0
NC_003277.2	3827000	3828000	0
NC_003277.2	3828000	3829000	0
NC_003277.2	3829000	3830000	0
NC_003277.2	3830000	3831000	0
NC_003277.2	3831000	3832000	0
NC_003277.2	3832000	3833000	0
NC_003277.2	3833000	3834000	0
NC_003277.2	3834000	3835000	0
NC_003277.2	3835000	3836000	0
NC_003277.2	3836000	3837000	0
NC_003277.2	3837000	3838000	0
NC_003277.2	3838000	3839000	0
NC_003277.2	3839000	3840000	0
NC_003277.2	3840000	3841000	0
NC_003277.2	3841000	3842000	0
NC_003277.2	3842000	3843000	0
NC_003277.2	3843000	3844000	0
NC_003277.2	3844000	3845000	0
NC_003277.2	3845000	3846000	0
NC_003277.2	3846000	3847000	0
NC_003277.2	3847000	3848000	0
NC_003277.2	3848000	3849000	0
NC_003277.2	3849000	3850000	0
NC_003277.2	3850000	3851000	0
NC_003277.2	3851000	3852000	0
NC_003277.2	3852000	3853000	0
NC_003277.2	3853000	3854000	0
NC_003277.2	3854000	3855000	0
NC_003277.2	3855000	3856000	0
NC_003277.2	3856000	3857000	0
NC_003277.2	3857000	3858000	0
NC_003277.2	3858000	3859000	0
NC_003277.2	3859000	3860000	0
NC_003277.2	3860000	3861000	0
NC_003277.2	3861000	3862000	0
NC_003277.2	3862000	3863000	0
NC_003277.2	3863000	3864000	0
NC_003277.2	3864000	3865000	0
NC_003277.2	3865000	3866000	0
NC_003277.2	3866000	3867000	0
NC_003277.2	3867000	3868000	0
NC_003277.2	3868000	3869000	0
NC_003277.2	3869000	3870000	0
NC_003277.2	3870000	3871000	0
NC_003277.2	3871000	3872000	0
NC_003277.2	3872000	3873000	0
NC_003277.2	3873000	3874000	0
NC_003277.2	3874000	3875000	0
NC_003277.2	3875000	3876000	0
NC_003277.2	3876000	3877000	0
NC_003277.2	3877000	3878000	0
NC_003277.2	3878000	3879000	0
NC_003277.2	3879000	3880000	0
NC_003277.2	3880000	3881000	0
NC_003277.2	3881000	3882000	0
NC_003277.2	3882000	3883000	0
NC_003277.2	3883000	3884000	0
NC_003277.2	3884000	3885000	0
NC_003277.2	3885000	3886000	0
NC_003277.2	3886000	3887000	0
NC_003277.2	3887000	3888000	0
NC_003277.2	3888000	3889000	0
NC_003277.2	3889000	3890000	0
NC_003277.2	3890000	3891000	0
NC_003277.2	3891000	3892000	0
NC_003277.2	3892000	3893000	0
NC_003277.2	3893000	3894000	0
NC_003277.2	3894000	3895000	0
NC_003277.2	3895000	3896000	0
NC_003277.2	3896000	3897000	0
NC_003277.2	3897000	3898000	0
NC_003277.2	3898000	3899000	0
NC_003277.2	3899000	3900000	0
NC_003277.2	3900000	3901000	0
NC_003277.2	3901000	3902000	0
NC_003277.2	3902000	3903000	0
NC_003277.2	3903000	3904000	0
NC_003277.2	3904000	3905000	0
NC_003277.2	3905000	3906000	0
NC_003277.2	3906000	3907000	0
NC_003277.2	3907000	3908000	0
NC_003277.2	3908000	3909000	0
NC_003277.2	3909000	3910000	0
NC_003277.2	3910000	3911000	0
NC_003277.2	3911000	3912000	0
NC_003277.2	3912000	3913000	0
NC_003277.2	3913000	3914000	0
NC_003277.2	3914000	3915000	0
NC_003277.2	3915000	3916000	0
NC_003277.2	3916000	3917000	0
NC_003277.2	3917000	3918000	0
NC_003277.2	3918000	3919000	0
NC_003277.2	3919000	3920000	0
NC_003277.2	3920000	3921000	0
NC_003277.2	3921000	3922000	0
NC_003277.2	3922000	3923000	0
NC_003277.2	3923000	3924000	0
NC_003277.2	3924000	3925000	0
NC_003277.2	3925000	3926000	0
NC_003277.2	3926000	3927000	0
NC_003277.2	3927000	3928000	0
NC_003277.2	3928000	3929000	0
NC_003277.2	3929000	3930000	0
NC_003277.2	3930000	3931000	0
NC_003277.2	3931000	3932000	0
NC_003277.2	3932000	3933000	0
NC_003277.2	3933000	3934000	0
NC_003277.2	3934000	3935000	0
NC_003277.2	3935000	3936000	0
NC_003277.2	3936000	3937000	0
NC_003277.2	3937000	3938000	0
NC_003277.2	3938000	3939000	0
NC_003277.2	3939000	3940000	0
NC_003277.2	3940000	3941000	0
NC_003277.2	3941000	3942000	0
NC_003277.2	3942000	3943000	0
NC_003277.2	3943000	3944000	0
NC_003277.2	3944000	3945000	0
NC_003277.2	3945000	3946000	0
NC_003277.2	3946000	3947000	0
NC_003277.2	3947000	3948000	0
NC_003277.2	3948000	3949000	0
NC_003277.2	3949000	3950000	0
NC_003277.2	3950000	3951000	0
NC_003277.2	3951000	3952000	0
NC_003277.2	3952000	3953000	0
NC_003277.2	3953000	3954000	0
NC_003277.2	3954000	3955000	0
NC_003277.2	3955000	3956000	0
NC_003277.2	3956000	3957000	0
NC_003277.2	3957000	3958000	0
NC_003277.2	3958000	3959000	0
NC_003277.2	3959000	3960000	0
NC_003277.2	3960000	3961000	0
NC_003277.2	3961000	3962000	0
NC_003277.2	3962000	3963000	0
NC_003277.2	3963000	3964000	0
NC_003277.2	3964000	3965000	0
NC_003277.2	3965000	3966000	0
NC_003277.2	3966000	3967000	0
NC_003277.2	3967000	3968000	0
NC_003277.2	3968000	3969000	0
NC_003277.2	3969000	3970000	0
NC_003277.2	3970000	3971000	0
NC_003277.2	3971000	3972000	0
NC_003277.2	3972000	3973000	0
NC_003277.2	3973000	3974000	0
NC_003277.2	3974000	3975000	0
NC_003277.2	3975000	3976000	0
NC_003277.2	3976000	3977000	0
NC_003277.2	3977000	3978000	0
NC_003277.2	3978000	3979000	0
NC_003277.2	3979000	3980000	0
NC_003277.2	3980000	3981000	0
NC_003277.2	3981000	3982000	0
NC_003277.2	3982000	3983000	0
NC_003277.2	3983000	3984000	0
NC_003277.2	3984000	3985000	0
NC_003277.2	3985000	3986000	0
NC_003277.2	3986000	3987000	0
NC_003277.2	3987000	3988000	0
NC_003277.2	3988000	3989000	0
NC_003277.2	3989000	3990000	0
NC_003277.2	3990000	3991000	0
NC_003277.2	3991000	3992000	0
NC_003277.2	3992000	3993000	0
NC_003277.2	3993000	3994000	0
NC_003277.2	3994000	3995000	0
NC_003277.2	3995000	3996000	0
NC_003277.2	3996000	3997000	0
NC_003277.2	3997000	3998000	0
NC_003277.2	3998000	3999000	0
NC_003277.2	3999000	4000000	0
NC_003277.2	4000000	4001000	0
NC_003277.2	4001000	4002000	0
NC_003277.2	4002000	4003000	0
NC_003277.2	4003000	4004000	0
NC_003277.2	4004000	4005000	0
NC_003277.2	4005000	4006000	0
NC_003277.2	4006000	4007000	0
NC_003277.2	4007000	4008000	0
NC_003277.2	4008000	4009000	0
NC_003277.2	4009000	4010000	0
NC_003277.2	4010000	4011000	0
NC_003277.2	4011000	4012000	0
NC_003277.2	4012000	4013000	0
NC_003277.2	4013000	4014000	0
NC_003277.2	4014000	4015000	0
NC_003277.2	4015000	4016000	0
NC_003277.2	4016000	4017000	0
NC_003277.2	4017000	4018000	0
NC_003277.2	4018000	4019000	0
NC_003277.2	4019000	4020000	0
NC_003277.2	4020000	4021000	0
NC_003277.2	4021000	4022000	0
NC_003277.2	4022000	4023000	0
NC_003277.2	4023000	4024000	0
NC_003277.2	4024000	4025000	0
NC_003277.2	4025000	4026000	0
NC_003277.2	4026000	4027000	0
NC_003277.2	4027000	4028000	0
NC_003277.2	4028000	4029000	0
NC_003277.2	4029000	4030000	0
NC_003277.2	4030000	4031000	0
NC_003277.2	4031000	4032000	0
NC_003277.2	4032000	4033000	0
NC_003277.2	4033000	4034000	0
NC_003277.2	4034000	4035000	0
NC_003277.2	4035000	4036000	0
NC_003277.2	4036000	4037000	0
NC_003277.2	4037000	4038000	0
NC_003277.2	4038000	4039000	0
NC_003277.2	4039000	4040000	0
NC_003277.2	4040000	4041000	0
NC_003277.2	4041000	4042000	0
NC_003277.2	4042000	4043000	0
NC_003277.2	4043000	4044000	0
NC_003277.2	4044000	4045000	0
NC_003277.2	4045000	4046000	0
NC_003277.2	4046000	4047000	0
NC_003277.2	4047000	4048000	0
NC_003277.2	4048000	4049000	0
NC_003277.2	4049000	4050000	0
NC_003277.2	4050000	4051000	0
NC_003277.2	4051000	4052000	0
NC_003277.2	4052000	4053000	0
NC_003277.2	4053000	4054000	0
NC_003277.2	4054000	4055000	0
NC_003277.2	4055000	4056000	0
NC_003277.2	4056000	4057000	0
NC_003277.2	4057000	4058000	0
NC_003277.2	4058000	4059000	0
NC_003277.2	4059000	4060000	0
NC_003277.2	4060000	4061000	0
NC_003277.2	4061000	4062000	0
NC_003277.2	4062000	4063000	0
NC_003277.2	4063000	4064000	0
NC_003277.2	4064000	4065000	0
NC_003277.2	4065000	4066000	0
NC_003277.2	4066000	4067000	0
NC_003277.2	4067000	4068000	0
NC_003277.2	4068000	4069000	0
NC_003277.2	4069000	4070000	0
NC_003277.2	4070000	4071000	0
NC_003277.2	4071000	4072000	0
NC_003277.2	4072000	4073000	0
NC_003277.2	4073000	4074000	0
NC_003277.2	4074000	4075000	0
NC_003277.2	4075000	4076000	0
NC_003277.2	4076000	4077000	0
NC_003277.2	4077000	4078000	0
NC_003277.2	4078000	4079000	0
NC_003277.2	4079000	4080000	0
NC_003277.2	4080000	4081000	0
NC_003277.2	4081000	4082000	0
NC_003277.2	4082000	4083000	0
NC_003277.2	4083000	4084000	0
NC_003277.2	4084000	4085000	0
NC_003277.2	4085000	4086000	0
NC_003277.2	4086000	4087000	0
NC_003277.2	4087000	4088000	0
NC_003277.2	4088000	4089000	0
NC_003277.2	4089000	4090000	0
NC_003277.2	4090000	4091000	0
NC_003277.2	4091000	4092000	0
NC_003277.2	4092000	4093000	0
NC_003277.2	4093000	4094000	0
NC_003277.2	4094000	4095000	0
NC_003277.2	4095000	4096000	0
NC_003277.2	4096000	4097000	0
NC_003277.2	4097000	4098000	0
NC_003277.2	4098000	4099000	0
NC_003277.2	4099000	4100000	0
NC_003277.2	4100000	4101000	0
NC_003277.2	4101000	4102000	0
NC_003277.2	4102000	4103000	0
NC_003277.2	4103000	4104000	0
NC_003277.2	4104000	4105000	0
NC_003277.2	4105000	4106000	0
NC_003277.2	4106000	4107000	0
NC_003277.2	4107000	4108000	0
NC_003277.2	4108000	4109000	0
NC_003277.2	4109000	4110000	0
NC_003277.2	4110000	4111000	0
NC_003277.2	4111000	4112000	0
NC_003277.2	4112000	4113000	0
NC_003277.2	4113000	4114000	0
NC_003277.2	4114000	4115000	0
NC_003277.2	4115000	4116000	0
NC_003277.2	4116000	4117000	0
NC_003277.2	4117000	4118000	0
NC_003277.2	4118000	4119000	0
NC_003277.2	4119000	4120000	0
NC_003277.2	4120000	4121000	0
NC_003277.2	4121000	4122000	0
NC_003277.2	4122000	4123000	0
NC_003277.2	4123000	4124000	0
NC_003277.2	4124000	4125000	0
NC_003277.2	4125000	4126000	0
NC_003277.2	4126000	4127000	0
NC_003277.2	4127000	4128000	0
NC_003277.2	4128000	4129000	0
NC_003277.2	4129000	4130000	0
NC_003277.2	4130000	4131000	0
NC_003277.2	4131000	4132000	0
NC_003277.2	4132000	4133000	0
NC_003277.2	4133000	4134000	0
NC_003277.2	4134000	4135000	0
NC_003277.2	4135000	4136000	0
NC_003277.2	4136000	4137000	0
NC_003277.2	4137000	4138000	0
NC_003277.2	4138000	4139000	0
NC_003277.2	4139000	4140000	0
NC_003277.2	4140000	4141000	0
NC_003277.2	4141000	4142000	0
NC_003277.2	4142000	4143000	0
NC_003277.2	4143000	4144000	0
NC_003277.2	4144000	4145000	0
NC_003277.2	4145000	4146000	0
NC_003277.2	4146000	4147000	0
NC_003277.2	4147000	4148000	0
NC_003277.2	4148000	4149000	0
NC_003277.2	4149000	4150000	0
NC_003277.2	4150000	4151000	0
NC_003277.2	4151000	4152000	0
NC_003277.2	4152000	4153000	0
NC_003277.2	4153000	4154000	0
NC_003277.2	4154000	4155000	0
NC_003277.2	4155000	4156000	0
NC_003277.2	4156000	4157000	0
NC_003277.2	4157000	4158000	0
NC_003277.2	4158000	4159000	0
NC_003277.2	4159000	4160000	0
NC_003277.2	4160000	4161000	0
NC_003277.2	4161000	4162000	0
NC_003277.2	4162000	4163000	0
NC_003277.2	4163000	4164000	0
NC_003277.2	4164000	4165000	0
NC_003277.2	4165000	4166000	0
NC_003277.2	4166000	4167000	0
NC_003277.2	4167000	4168000	0
NC_003277.2	4168000	4169000	0
NC_003277.2	4169000	4170000	0
NC_003277.2	4170000	4171000	0
NC_003277.2	4171000	4172000	0
NC_003277.2	4172000	4173000	0
NC_003277.2	4173000	4174000	0
NC_003277.2	4174000	4175000	0
NC_003277.2	4175000	4176000	0
NC_003277.2	4176000	4177000	0
NC_003277.2	4177000	4178000	0
NC_003277.2	4178000	4179000	0
NC_003277.2	4179000	4180000	0
NC_003277.2	4180000	4181000	0
NC_003277.2	4181000	4182000	0
NC_003277.2	4182000	4183000	0
NC_003277.2	4183000	4184000	0
NC_003277.2	4184000	4185000	0
NC_003277.2	4185000	4186000	0
NC_003277.2	4186000	4187000	0
NC_003277.2	4187000	4188000	0
NC_003277.2	4188000	4189000	0
NC_003277.2	4189000	4190000	0
NC_003277.2	4190000	4191000	0
NC_003277.2	4191000	4192000	0
NC_003277.2	4192000	4193000	0
NC_003277.2	4193000	4194000	0
NC_003277.2	4194000	4195000	0
NC_003277.2	4195000	4196000	0
NC_003277.2	4196000	4197000	0
NC_003277.2	4197000	4198000	0
NC_003277.2	4198000	4199000	0
NC_003277.2	4199000	4200000	0
NC_003277.2	4200000	4201000	0
NC_003277.2	4201000	4202000	0
NC_003277.2	4202000	4203000	0
NC_003277.2	4203000	4204000	0
NC_003277.2	4204000	4205000	0
NC_003277.2	4205000	4206000	0
NC_003277.2	4206000	4207000	0
NC_003277.2	4207000	4208000	0
NC_003277.2	4208000	4209000	0
NC_003277.2	4209000	4210000	0
NC_003277.2	4210000	4211000	0
NC_003277.2	4211000	4212000	0
NC_003277.2	4212000	4213000	0
NC_003277.2	4213000	4214000	0
NC_003277.2	4214000	4215000	0
NC_003277.2	4215000	4216000	0
NC_003277.2	4216000	4217000	0
NC_003277.2	4217000	4218000	0
NC_003277.2	4218000	4219000	0
NC_003277.2	4219000	4220000	0
NC_003277.2	4220000	4221000	0
NC_003277.2	4221000	4222000	0
NC_003277.2	4222000	4223000	0
NC_003277.2	4223000	4224000	0
NC_003277.2	4224000	4225000	0
NC_003277.2	4225000	4226000	0
NC_003277.2	4226000	4227000	0
NC_003277.2	4227000	4228000	0
NC_003277.2	4228000	4229000	0
NC_003277.2	4229000	4230000	0
NC_003277.2	4230000	4231000	0
NC_003277.2	4231000	4232000	0
NC_003277.2	4232000	4233000	0
NC_003277.2	4233000	4234000	0
NC_003277.2	4234000	4235000	0
NC_003277.2	4235000	4236000	0
NC_003277.2	4236000	4237000	0
NC_003277.2	4237000	4238000	0
NC_003277.2	4238000	4239000	0
NC_003277.2	4239000	4240000	0
NC_003277.2	4240000	4241000	0
NC_003277.2	4241000	4242000	0
NC_003277.2	4242000	4243000	0
NC_003277.2	4243000	4244000	0
NC_003277.2	4244000	4245000	0
NC_003277.2	4245000	4246000	0
NC_003277.2	4246000	4247000	0
NC_003277.2	4247000	4248000	0
NC_003277.2	4248000	4249000	0
NC_003277.2	4249000	4250000	0
NC_003277.2	4250000	4251000	0
NC_003277.2	4251000	4252000	0
NC_003277.2	4252000	4253000	0
NC_003277.2	4253000	4254000	0
NC_003277.2	4254000	4255000	0
NC_003277.2	4255000	4256000	0
NC_003277.2	4256000	4257000	0
NC_003277.2	4257000	4258000	0
NC_003277.2	4258000	4259000	0
NC_003277.2	4259000	4260000	0
NC_003277.2	4260000	4261000	0
NC_003277.2	4261000	4262000	0
NC_003277.2	4262000	4263000	0
NC_003277.2	4263000	4264000	0
NC_003277.2	4264000	4265000	0
NC_003277.2	4265000	4266000	0
NC_003277.2	4266000	4267000	0
NC_003277.2	4267000	4268000	0
NC_003277.2	4268000	4269000	0
NC_003277.2	4269000	4270000	0
NC_003277.2	4270000	4271000	0
NC_003277.2	4271000	4272000	0
NC_003277.2	4272000	4273000	0
NC_003277.2	4273000	4274000	0
NC_003277.2	4274000	4275000	0
NC_003277.2	4275000	4276000	0
NC_003277.2	4276000	4277000	0
NC_003277.2	4277000	4278000	0
NC_003277.2	4278000	4279000	0
NC_003277.2	4279000	4280000	0
NC_003277.2	4280000	4281000	0
NC_003277.2	4281000	4282000	0
NC_003277.2	4282000	4283000	0
NC_003277.2	4283000	4284000	0
NC_003277.2	4284000	4285000	0
NC_003277.2	4285000	4286000	0
NC_003277.2	4286000	4287000	0
NC_003277.2	4287000	4288000	0
NC_003277.2	4288000	4289000	0
NC_003277.2	4289000	4290000	0
NC_003277.2	4290000	4291000	0
NC_003277.2	4291000	4292000	0
NC_003277.2	4292000	4293000	0
NC_003277.2	4293000	4294000	0
NC_003277.2	4294000	4295000	0
NC_003277.2	4295000	4296000	0
NC_003277.2	4296000	4297000	0
NC_003277.2	4297000	4298000	0
NC_003277.2	4298000	4299000	0
NC_003277.2	4299000	4300000	0
NC_003277.2	4300000	4301000	0
NC_003277.2	4301000	4302000	0
NC_003277.2	4302000	4303000	0
NC_003277.2	4303000	4304000	0
NC_003277.2	4304000	4305000	0
NC_003277.2	4305000	4306000	0
NC_003277.2	4306000	4307000	0
NC_003277.2	4307000	4308000	0
NC_003277.2	4308000	4309000	0
NC_003277.2	4309000	4310000	0
NC_003277.2	4310000	4311000	0
NC_003277.2	4311000	4312000	0
NC_003277.2	4312000	4313000	0
NC_003277.2	4313000	4314000	0
NC_003277.2	4314000	4315000	0
NC_003277.2	4315000	4316000	0
NC_003277.2	4316000	4317000	0
NC_003277.2	4317000	4318000	0
NC_003277.2	4318000	4319000	0
NC_003277.2	4319000	4320000	0
NC_003277.2	4320000	4321000	0
NC_003277.2	4321000	4322000	0
NC_003277.2	4322000	4323000	0
NC_003277.2	4323000	4324000	0
NC_003277.2	4324000	4325000	0
NC_003277.2	4325000	4326000	0
NC_003277.2	4326000	4327000	0
NC_003277.2	4327000	4328000	0
NC_003277.2	4328000	4329000	0
NC_003277.2	4329000	4330000	0
NC_003277.2	4330000	4331000	0
NC_003277.2	4331000	4332000	0
NC_003277.2	4332000	4333000	0
NC_003277.2	4333000	4334000	0
NC_003277.2	4334000	4335000	0
NC_003277.2	4335000	4336000	0
NC_003277.2	4336000	4337000	0
NC_003277.2	4337000	4338000	0
NC_003277.2	4338000	4339000	0
NC_003277.2	4339000	4340000	0
NC_003277.2	4340000	4341000	0
NC_003277.2	4341000	4342000	0
NC_003277.2	4342000	4343000	0
NC_003277.2	4343000	4344000	0
NC_003277.2	4344000	4345000	0
NC_003277.2	4345000	4346000	0
NC_003277.2	4346000	4347000	0
NC_003277.2	4347000	4348000	0
NC_003277.2	4348000	4349000	0
NC_003277.2	4349000	4350000	0
NC_003277.2	4350000	4351000	0
NC_003277.2	4351000	4352000	0
NC_003277.2	4352000	4353000	0
NC_003277.2	4353000	4354000	0
NC_003277.2	4354000	4355000	0
NC_003277.2	4355000	4356000	0
NC_003277.2	4356000	4357000	0
NC_003277.2	4357000	4358000	0
NC_003277.2	4358000	4359000	0
NC_003277.2	4359000	4360000	0
NC_003277.2	4360000	4361000	0
NC_003277.2	4361000	4362000	0
NC_003277.2	4362000	4363000	0
NC_003277.2	4363000	4364000	0
NC_003277.2	4364000	4365000	0
NC_003277.2	4365000	4366000	0
NC_003277.2	4366000	4367000	0
NC_003277.2	4367000	4368000	0
NC_003277.2	4368000	4369000	0
NC_003277.2	4369000	4370000	0
NC_003277.2	4370000	4371000	0
NC_003277.2	4371000	4372000	0
NC_003277.2	4372000	4373000	0
NC_003277.2	4373000	4374000	0
NC_003277.2	4374000	4375000	0
NC_003277.2	4375000	4376000	0
NC_003277.2	4376000	4377000	0
NC_003277.2	4377000	4378000	0
NC_003277.2	4378000	4379000	0
NC_003277.2	4379000	4380000	0
NC_003277.2	4380000	4381000	0
NC_003277.2	4381000	4382000	0
NC_003277.2	4382000	4383000	0
NC_003277.2	4383000	4384000	0
NC_003277.2	4384000	4385000	0
NC_003277.2	4385000	4386000	0
NC_003277.2	4386000	4387000	0
NC_003277.2	4387000	4388000	0
NC_003277.2	4388000	4389000	0
NC_003277.2	4389000	4390000	0
NC_003277.2	4390000	4391000	0
NC_003277.2	4391000	4392000	0
NC_003277.2	4392000	4393000	0
NC_003277.2	4393000	4394000	0
NC_003277.2	4394000	4395000	0
NC_003277.2	4395000	4396000	0
NC_003277.2	4396000	4397000	0
NC_003277.2	4397000	4398000	0
NC_003277.2	4398000	4399000	0
NC_003277.2	4399000	4400000	0
NC_003277.2	4400000	4401000	0
NC_003277.2	4401000	4402000	0
NC_003277.2	4402000	4403000	0
NC_003277.2	4403000	4404000	0
NC_003277.2	4404000	4405000	0
NC_003277.2	4405000	4406000	0
NC_003277.2	4406000	4407000	0
NC_003277.2	4407000	4408000	0
NC_003277.2	4408000	4409000	0
NC_003277.2	4409000	4410000	0
NC_003277.2	4410000	4411000	0
NC_003277.2	4411000	4412000	0
NC_003277.2	4412000	4413000	0
NC_003277.2	4413000	4414000	0
NC_003277.2	4414000	4415000	0
NC_003277.2	4415000	4416000	0
NC_003277.2	4416000	4417000	0
NC_003277.2	4417000	4418000	0
NC_003277.2	4418000	4419000	0
NC_003277.2	4419000	4420000	0
NC_003277.2	4420000	4421000	0
NC_003277.2	4421000	4422000	0
NC_003277.2	4422000	4423000	0
NC_003277.2	4423000	4424000	0
NC_003277.2	4424000	4425000	0
NC_003277.2	4425000	4426000	0
NC_003277.2	4426000	4427000	0
NC_003277.2	4427000	4428000	0
NC_003277.2	4428000	4429000	0
NC_003277.2	4429000	4430000	0
NC_003277.2	4430000	4431000	0
NC_003277.2	4431000	4432000	0
NC_003277.2	4432000	4433000	0
NC_003277.2	4433000	4434000	0
NC_003277.2	4434000	4435000	0
NC_003277.2	4435000	4436000	0
NC_003277.2	4436000	4437000	0
NC_003277.2	4437000	4438000	0
NC_003277.2	4438000	4439000	0
NC_003277.2	4439000	4440000	0
NC_003277.2	4440000	4441000	0
NC_003277.2	4441000	4442000	0
NC_003277.2	4442000	4443000	0
NC_003277.2	4443000	4444000	0
NC_003277.2	4444000	4445000	0
NC_003277.2	4445000	4446000	0
NC_003277.2	4446000	4447000	0
NC_003277.2	4447000	4448000	0
NC_003277.2	4448000	4449000	0
NC_003277.2	4449000	4450000	0
NC_003277.2	4450000	4451000	0
NC_003277.2	4451000	4452000	0
NC_003277.2	4452000	4453000	0
NC_003277.2	4453000	4454000	0
NC_003277.2	4454000	4455000	0
NC_003277.2	4455000	4456000	0
NC_003277.2	4456000	4457000	0
NC_003277.2	4457000	4458000	0
NC_003277.2	4458000	4459000	0
NC_003277.2	4459000	4460000	0
NC_003277.2	4460000	4461000	0
NC_003277.2	4461000	4462000	0
NC_003277.2	4462000	4463000	0
NC_003277.2	4463000	4464000	0
NC_003277.2	4464000	4465000	0
NC_003277.2	4465000	4466000	0
NC_003277.2	4466000	4467000	0
NC_003277.2	4467000	4468000	0
NC_003277.2	4468000	4469000	0
NC_003277.2	4469000	4470000	0
NC_003277.2	4470000	4471000	0
NC_003277.2	4471000	4472000	0
NC_003277.2	4472000	4473000	0
NC_003277.2	4473000	4474000	0
NC_003277.2	4474000	4475000	0
NC_003277.2	4475000	4476000	0
NC_003277.2	4476000	4477000	0
NC_003277.2	4477000	4478000	0
NC_003277.2	4478000	4479000	0
NC_003277.2	4479000	4480000	0
NC_003277.2	4480000	4481000	0
NC_003277.2	4481000	4482000	0
NC_003277.2	4482000	4483000	0
NC_003277.2	4483000	4484000	0
NC_003277.2	4484000	4485000	0
NC_003277.2	4485000	4486000	0
NC_003277.2	4486000	4487000	0
NC_003277.2	4487000	4488000	0
NC_003277.2	4488000	4489000	0
NC_003277.2	4489000	4490000	0
NC_003277.2	4490000	4491000	0
NC_003277.2	4491000	4492000	0
NC_003277.2	4492000	4493000	0
NC_003277.2	4493000	4494000	0
NC_003277.2	4494000	4495000	0
NC_003277.2	4495000	4496000	0
NC_003277.2	4496000	4497000	0
NC_003277.2	4497000	4498000	0
NC_003277.2	4498000	4499000	0
NC_003277.2	4499000	4500000	0
NC_003277.2	4500000	4501000	0
NC_003277.2	4501000	4502000	0
NC_003277.2	4502000	4503000	0
NC_003277.2	4503000	4504000	0
NC_003277.2	4504000	4505000	0
NC_003277.2	4505000	4506000	0
NC_003277.2	4506000	4507000	0
NC_003277.2	4507000	4508000	0
NC_003277.2	4508000	4509000	0
NC_003277.2	4509000	4510000	0
NC_003277.2	4510000	4511000	0
NC_003277.2	4511000	4512000	0
NC_003277.2	4512000	4513000	0
NC_003277.2	4513000	4514000	0
NC_003277.2	4514000	4515000	0
NC_003277.2	4515000	4516000	0
NC_003277.2	4516000	4517000	0
NC_003277.2	4517000	4518000	0
NC_003277.2	4518000	4519000	0
NC_003277.2	4519000	4520000	0
NC_003277.2	4520000	4521000	0
NC_003277.2	4521000	4522000	0
NC_003277.2	4522000	4523000	0
NC_003277.2	4523000	4524000	0
NC_003277.2	4524000	4525000	0
NC_003277.2	4525000	4526000	0
NC_003277.2	4526000	4527000	0
NC_003277.2	4527000	4528000	0
NC_003277.2	4528000	4529000	0
NC_003277.2	4529000	4530000	0
NC_003277.2	4530000	4531000	0
NC_003277.2	4531000	4532000	0
NC_003277.2	4532000	4533000	0
NC_003277.2	4533000	4534000	0
NC_003277.2	4534000	4535000	0
NC_003277.2	4535000	4536000	0
NC_003277.2	4536000	4537000	0
NC_003277.2	4537000	4538000	0
NC_003277.2	4538000	4539000	0
NC_003277.2	4539000	4540000	0
NC_003277.2	4540000	4541000	0
NC_003277.2	4541000	4542000	0
NC_003277.2	4542000	4543000	0
NC_003277.2	4543000	4544000	0
NC_003277.2	4544000	4545000	0
NC_003277.2	4545000	4546000	0
NC_003277.2	4546000	4547000	0
NC_003277.2	4547000	4548000	0
NC_003277.2	4548000	4549000	0
NC_003277.2	4549000	4550000	0
NC_003277.2	4550000	4551000	0
NC_003277.2	4551000	4552000	0
NC_003277.2	4552000	4553000	0
NC_003277.2	4553000	4554000	0
NC_003277.2	4554000	4555000	0
NC_003277.2	4555000	4556000	0
NC_003277.2	4556000	4557000	0
NC_003277.2	4557000	4558000	0
NC_003277.2	4558000	4559000	0
NC_003277.2	4559000	4560000	0
NC_003277.2	4560000	4561000	0
NC_003277.2	4561000	4562000	0
NC_003277.2	4562000	4563000	0
NC_003277.2	4563000	4564000	0
NC_003277.2	4564000	4565000	0
NC_003277.2	4565000	4566000	0
NC_003277.2	4566000	4567000	0
NC_003277.2	4567000	4568000	0
NC_003277.2	4568000	4569000	0
NC_003277.2	4569000	4570000	0
NC_003277.2	4570000	4571000	0
NC_003277.2	4571000	4572000	0
NC_003277.2	4572000	4573000	0
NC_003277.2	4573000	4574000	0
NC_003277.2	4574000	4575000	0
NC_003277.2	4575000	4576000	0
NC_003277.2	4576000	4577000	0
NC_003277.2	4577000	4578000	0
NC_003277.2	4578000	4579000	0
NC_003277.2	4579000	4580000	0
NC_003277.2	4580000	4581000	0
NC_003277.2	4581000	4582000	0
NC_003277.2	4582000	4583000	0
NC_003277.2	4583000	4584000	0
NC_003277.2	4584000	4585000	0
NC_003277.2	4585000	4586000	0
NC_003277.2	4586000	4587000	0
NC_003277.2	4587000	4588000	0
NC_003277.2	4588000	4589000	0
NC_003277.2	4589000	4590000	0
NC_003277.2	4590000	4591000	0
NC_003277.2	4591000	4592000	0
NC_003277.2	4592000	4593000	0
NC_003277.2	4593000	4594000	0
NC_003277.2	4594000	4595000	0
NC_003277.2	4595000	4596000	0
NC_003277.2	4596000	4597000	0
NC_003277.2	4597000	4598000	0
NC_003277.2	4598000	4599000	0
NC_003277.2	4599000	4600000	0
NC_003277.2	4600000	4601000	0
NC_003277.2	4601000	4602000	0
NC_003277.2	4602000	4603000	0
NC_003277.2	4603000	4604000	0
NC_003277.2	4604000	4605000	0
NC_003277.2	4605000	4606000	0
NC_003277.2	4606000	4607000	0
NC_003277.2	4607000	4608000	0
NC_003277.2	4608000	4609000	0
NC_003277.2	4609000	4610000	0
NC_003277.2	4610000	4611000	0
NC_003277.2	4611000	4612000	0
NC_003277.2	4612000	4613000	0
NC_003277.2	4613000	4614000	0
NC_003277.2	4614000	4615000	0
NC_003277.2	4615000	4616000	0
NC_003277.2	4616000	4617000	0
NC_003277.2	4617000	4618000	0
NC_003277.2	4618000	4619000	0
NC_003277.2	4619000	4620000	0
NC_003277.2	4620000	4621000	0
NC_003277.2	4621000	4622000	0
NC_003277.2	4622000	4623000	0
NC_003277.2	4623000	4624000	0
NC_003277.2	4624000	4625000	0
NC_003277.2	4625000	4626000	0
NC_003277.2	4626000	4627000	0
NC_003277.2	4627000	4628000	0
NC_003277.2	4628000	4629000	0
NC_003277.2	4629000	4630000	0
NC_003277.2	4630000	4631000	0
NC_003277.2	4631000	4632000	0
NC_003277.2	4632000	4633000	0
NC_003277.2	4633000	4634000	0
NC_003277.2	4634000	4635000	0
NC_003277.2	4635000	4636000	0
NC_003277.2	4636000	4637000	0
NC_003277.2	4637000	4638000	0
NC_003277.2	4638000	4639000	0
NC_003277.2	4639000	4640000	0
NC_003277.2	4640000	4641000	0
NC_003277.2	4641000	4642000	0
NC_003277.2	4642000	4643000	0
NC_003277.2	4643000	4644000	0
NC_003277.2	4644000	4645000	0
NC_003277.2	4645000	4646000	0
NC_003277.2	4646000	4647000	0
NC_003277.2	4647000	4648000	0
NC_003277.2	4648000	4649000	0
NC_003277.2	4649000	4650000	0
NC_003277.2	4650000	4651000	0
NC_003277.2	4651000	4652000	0
NC_003277.2	4652000	4653000	0
NC_003277.2	4653000	4654000	0
NC_003277.2	4654000	4655000	0
NC_003277.2	4655000	4656000	0
NC_003277.2	4656000	4657000	0
NC_003277.2	4657000	4658000	0
NC_003277.2	4658000	4659000	0
NC_003277.2	4659000	4660000	0
NC_003277.2	4660000	4661000	0
NC_003277.2	4661000	4662000	0
NC_003277.2	4662000	4663000	0
NC_003277.2	4663000	4664000	0
NC_003277.2	4664000	4665000	0
NC_003277.2	4665000	4666000	0
NC_003277.2	4666000	4667000	0
NC_003277.2	4667000	4668000	0
NC_003277.2	4668000	4669000	0
NC_003277.2	4669000	4670000	0
NC_003277.2	4670000	4671000	0
NC_003277.2	4671000	4672000	0
NC_003277.2	4672000	4673000	0
NC_003277.2	4673000	4674000	0
NC_003277.2	4674000	4675000	0
NC_003277.2	4675000	4676000	0
NC_003277.2	4676000	4677000	0
NC_003277.2	4677000	4678000	0
NC_003277.2	4678000	4679000	0
NC_003277.2	4679000	4680000	0
NC_003277.2	4680000	4681000	0
NC_003277.2	4681000	4682000	0
NC_003277.2	4682000	4683000	0
NC_003277.2	4683000	4684000	0
NC_003277.2	4684000	4685000	0
NC_003277.2	4685000	4686000	0
NC_003277.2	4686000	4687000	0
NC_003277.2	4687000	4688000	0
NC_003277.2	4688000	4689000	0
NC_003277.2	4689000	4690000	0
NC_003277.2	4690000	4691000	0
NC_003277.2	4691000	4692000	0
NC_003277.2	4692000	4693000	0
NC_003277.2	4693000	4694000	0
NC_003277.2	4694000	4695000	0
NC_003277.2	4695000	4696000	0
NC_003277.2	4696000	4697000	0
NC_003277.2	4697000	4698000	0
NC_003277.2	4698000	4699000	0
NC_003277.2	4699000	4700000	0
NC_003277.2	4700000	4701000	0
NC_003277.2	4701000	4702000	0
NC_003277.2	4702000	4703000	0
NC_003277.2	4703000	4704000	0
NC_003277.2	4704000	4705000	0
NC_003277.2	4705000	4706000	0
NC_003277.2	4706000	4707000	0
NC_003277.2	4707000	4708000	0
NC_003277.2	4708000	4709000	0
NC_003277.2	4709000	4710000	0
NC_003277.2	4710000	4711000	0
NC_003277.2	4711000	4712000	0
NC_003277.2	4712000	4713000	0
NC_003277.2	4713000	4714000	0
NC_003277.2	4714000	4715000	0
NC_003277.2	4715000	4716000	0
NC_003277.2	4716000	4717000	0
NC_003277.2	4717000	4718000	0
NC_003277.2	4718000	4719000	0
NC_003277.2	4719000	4720000	0
NC_003277.2	4720000	4721000	0
NC_003277.2	4721000	4722000	0
NC_003277.2	4722000	4723000	0
NC_003277.2	4723000	4724000	0
NC_003277.2	4724000	4725000	0
NC_003277.2	4725000	4726000	0
NC_003277.2	4726000	4727000	0
NC_003277.2	4727000	4728000	0
NC_003277.2	4728000	4729000	0
NC_003277.2	4729000	4730000	0
NC_003277.2	4730000	4731000	0
NC_003277.2	4731000	4732000	0
NC_003277.2	4732000	4733000	0
NC_003277.2	4733000	4734000	0
NC_003277.2	4734000	4735000	0
NC_003277.2	4735000	4736000	0
NC_003277.2	4736000	4737000	0
NC_003277.2	4737000	4738000	0
NC_003277.2	4738000	4739000	0
NC_003277.2	4739000	4740000	0
NC_003277.2	4740000	4741000	0
NC_003277.2	4741000	4742000	0
NC_003277.2	4742000	4743000	0
NC_003277.2	4743000	4744000	0
NC_003277.2	4744000	4745000	0
NC_003277.2	4745000	4746000	0
NC_003277.2	4746000	4747000	0
NC_003277.2	4747000	4748000	0
NC_003277.2	4748000	4749000	0
NC_003277.2	4749000	4750000	0
NC_003277.2	4750000	4751000	0
NC_003277.2	4751000	4752000	0
NC_003277.2	4752000	4753000	0
NC_003277.2	4753000	4754000	0
NC_003277.2	4754000	4755000	0
NC_003277.2	4755000	4756000	0
NC_003277.2	4756000	4757000	0
NC_003277.2	4757000	4758000	0
NC_003277.2	4758000	4759000	0
NC_003277.2	4759000	4760000	0
NC_003277.2	4760000	4761000	0
NC_003277.2	4761000	4762000	0
NC_003277.2	4762000	4763000	0
NC_003277.2	4763000	4764000	0
NC_003277.2	4764000	4765000	0
NC_003277.2	4765000	4766000	0
NC_003277.2	4766000	4767000	0
NC_003277.2	4767000	4768000	0
NC_003277.2	4768000	4769000	0
NC_003277.2	4769000	4770000	0
NC_003277.2	4770000	4771000	0
NC_003277.2	4771000	4772000	0
NC_003277.2	4772000	4773000	0
NC_003277.2	4773000	4774000	0
NC_003277.2	4774000	4775000	0
NC_003277.2	4775000	4776000	0
NC_003277.2	4776000	4777000	0
NC_003277.2	4777000	4778000	0
NC_003277.2	4778000	4779000	0
NC_003277.2	4779000	4780000	0
NC_003277.2	4780000	4781000	0
NC_003277.2	4781000	4782000	0
NC_003277.2	4782000	4783000	0
NC_003277.2	4783000	4784000	0
NC_003277.2	4784000	4785000	0
NC_003277.2	4785000	4786000	0
NC_003277.2	4786000	4787000	0
NC_003277.2	4787000	4788000	0
NC_003277.2	4788000	4789000	0
NC_003277.2	4789000	4790000	0
NC_003277.2	4790000	4791000	0
NC_003277.2	4791000	4792000	0
NC_003277.2	4792000	4793000	0
NC_003277.2	4793000	4794000	0
NC_003277.2	4794000	4795000	0
NC_003277.2	4795000	4796000	0
NC_003277.2	4796000	4797000	0
NC_003277.2	4797000	4798000	0
NC_003277.2	4798000	4799000	0
NC_003277.2	4799000	4800000	0
NC_003277.2	4800000	4801000	0
NC_003277.2	4801000	4802000	0
NC_003277.2	4802000	4803000	0
NC_003277.2	4803000	4804000	0
NC_003277.2	4804000	4805000	0
NC_003277.2	4805000	4806000	0
NC_003277.2	4806000	4807000	0
NC_003277.2	4807000	4808000	0
NC_003277.2	4808000	4809000	0
NC_003277.2	4809000	4810000	0
NC_003277.2	4810000	4811000	0
NC_003277.2	4811000	4812000	0
NC_003277.2	4812000	4813000	0
NC_003277.2	4813000	4814000	0
NC_003277.2	4814000	4815000	0
NC_003277.2	4815000	4816000	0
NC_003277.2	4816000	4817000	0
NC_003277.2	4817000	4818000	0
NC_003277.2	4818000	4819000	0
NC_003277.2	4819000	4820000	0
NC_003277.2	4820000	4821000	0
NC_003277.2	4821000	4822000	0
NC_003277.2	4822000	4823000	0
NC_003277.2	4823000	4824000	0
NC_003277.2	4824000	4825000	0
NC_003277.2	4825000	4826000	0
NC_003277.2	4826000	4827000	0
NC_003277.2	4827000	4828000	0
NC_003277.2	4828000	4829000	0
NC_003277.2	4829000	4830000	0
NC_003277.2	4830000	4831000	0
NC_003277.2	4831000	4832000	0
NC_003277.2	4832000	4833000	0
NC_003277.2	4833000	4834000	0
NC_003277.2	4834000	4835000	0
NC_003277.2	4835000	4836000	0
NC_003277.2	4836000	4837000	0
NC_003277.2	4837000	4838000	0
NC_003277.2	4838000	4839000	0
NC_003277.2	4839000	4840000	0
NC_003277.2	4840000	4841000	0
NC_003277.2	4841000	4842000	0
NC_003277.2	4842000	4843000	0
NC_003277.2	4843000	4844000	0
NC_003277.2	4844000	4845000	0
NC_003277.2	4845000	4846000	0
NC_003277.2	4846000	4847000	0
NC_003277.2	4847000	4848000	0
NC_003277.2	4848000	4849000	0
NC_003277.2	4849000	4850000	0
NC_003277.2	4850000	4851000	0
NC_003277.2	4851000	4852000	0
NC_003277.2	4852000	4853000	0
NC_003277.2	4853000	4854000	0
NC_003277.2	4854000	4855000	0
NC_003277.2	4855000	4856000	0
NC_003277.2	4856000	4857000	0
NC_003277.2	4857000	4858000	0
NC_003277.2	4858000	4859000	0
NC_003277.2	4859000	4860000	0
NC_003277.2	4860000	4861000	0
NC_003277.2	4861000	4862000	0
NC_003277.2	4862000	4863000	0
NC_003277.2	4863000	4864000	0
NC_003277.2	4864000	4865000	0
NC_003277.2	4865000	4866000	0
NC_003277.2	4866000	4867000	0
NC_003277.2	4867000	4868000	0
NC_003277.2	4868000	4869000	0
NC_003277.2	4869000	4870000	0
NC_003277.2	4870000	4871000	0
NC_003277.2	4871000	4872000	0
NC_003277.2	4872000	4873000	0
NC_003277.2	4873000	4874000	0
NC_003277.2	4874000	4875000	0
NC_003277.2	4875000	4876000	0
NC_003277.2	4876000	4877000	0
NC_003277.2	4877000	4878000	0
NC_003277.2	4878000	4879000	0
NC_003277.2	4879000	4880000	0
NC_003277.2	4880000	4881000	0
NC_003277.2	4881000	4882000	0
NC_003277.2	4882000	4883000	0
NC_003277.2	4883000	4884000	0
NC_003277.2	4884000	4885000	0
NC_003277.2	4885000	4886000	0
NC_003277.2	4886000	4887000	0
NC_003277.2	4887000	4888000	0
NC_003277.2	4888000	4889000	0
NC_003277.2	4889000	4890000	0
NC_003277.2	4890000	4891000	0
NC_003277.2	4891000	4892000	0
NC_003277.2	4892000	4893000	0
NC_003277.2	4893000	4894000	0
NC_003277.2	4894000	4895000	0
NC_003277.2	4895000	4896000	0
NC_003277.2	4896000	4897000	0
NC_003277.2	4897000	4898000	0
NC_003277.2	4898000	4899000	0
NC_003277.2	4899000	4900000	0
NC_003277.2	4900000	4901000	0
NC_003277.2	4901000	4902000	0
NC_003277.2	4902000	4903000	0
NC_003277.2	4903000	4904000	0
NC_003277.2	4904000	4905000	0
NC_003277.2	4905000	4906000	0
NC_003277.2	4906000	4907000	0
NC_003277.2	4907000	4908000	0
NC_003277.2	4908000	4909000	0
NC_003277.2	4909000	4910000	0
NC_003277.2	4910000	4911000	0
NC_003277.2	4911000	4912000	0
NC_003277.2	4912000	4913000	0
NC_003277.2	4913000	4914000	0
NC_003277.2	4914000	4915000	0
NC_003277.2	4915000	4916000	0
NC_003277.2	4916000	4917000	0
NC_003277.2	4917000	4918000	0
NC_003277.2	4918000	4919000	0
NC_003277.2	4919000	4920000	0
NC_003277.2	4920000	4921000	0
NC_003277.2	4921000	4922000	0
NC_003277.2	4922000	4923000	0
NC_003277.2	4923000	4924000	0
NC_003277.2	4924000	4925000	0
NC_003277.2	4925000	4926000	0
NC_003277.2	4926000	4927000	0
NC_003277.2	4927000	4928000	0
NC_003277.2	4928000	4929000	0
NC_003277.2	4929000	4930000	0
NC_003277.2	4930000	4931000	0
NC_003277.2	4931000	4932000	0
NC_003277.2	4932000	4933000	0
NC_003277.2	4933000	4934000	0
NC_003277.2	4934000	4935000	0
NC_003277.2	4935000	4936000	0
NC_003277.2	4936000	4937000	0
NC_003277.2	4937000	4938000	0
NC_003277.2	4938000	4939000	0
NC_003277.2	4939000	4940000	0
NC_003277.2	4940000	4941000	0
NC_003277.2	4941000	4942000	0
NC_003277.2	4942000	4943000	0
NC_003277.2	4943000	4944000	0
NC_003277.2	4944000	4945000	0
NC_003277.2	4945000	4946000	0
NC_003277.2	4946000	4947000	0
NC_003277.2	4947000	4948000	0
NC_003277.2	4948000	4949000	0
NC_003277.2	4949000	4950000	0
NC_003277.2	4950000	4951000	0
NC_003277.2	4951000	4952000	0
