NC_003197.2	0	1000	51
NC_003197.2	1000	2000	56
NC_003197.2	2000	3000	56
NC_003197.2	3000	4000	56
NC_003197.2	4000	5000	58
NC_003197.2	5000	6000	52
NC_003197.2	6000	7000	54
NC_003197.2	7000	8000	53
NC_003197.2	8000	9000	53
NC_003197.2	9000	10000	53
NC_003197.2	10000	11000	51
NC_003197.2	11000	12000	47
NC_003197.2	12000	13000	53
NC_003197.2	13000	14000	51
NC_003197.2	14000	15000	49
NC_003197.2	15000	16000	40
NC_003197.2	16000	17000	46
NC_003197.2	17000	18000	36
NC_003197.2	18000	19000	52
NC_003197.2	19000	20000	51
NC_003197.2	20000	21000	55
NC_003197.2	21000	22000	56
NC_003197.2	22000	23000	53
NC_003197.2	23000	24000	42
NC_003197.2	24000	25000	44
NC_003197.2	25000	26000	52
NC_003197.2	26000	27000	54
NC_003197.2	27000	28000	52
NC_003197.2	28000	29000	51
NC_003197.2	29000	30000	51
NC_003197.2	30000	31000	55
NC_003197.2	31000	32000	54
NC_003197.2	32000	33000	41
NC_003197.2	33000	34000	36
NC_003197.2	34000	35000	35
NC_003197.2	35000	36000	42
NC_003197.2	36000	37000	46
NC_003197.2	37000	38000	47
NC_003197.2	38000	39000	44
NC_003197.2	39000	40000	38
NC_003197.2	40000	41000	50
NC_003197.2	41000	42000	49
NC_003197.2	42000	43000	50
NC_003197.2	43000	44000	51
NC_003197.2	44000	45000	45
NC_003197.2	45000	46000	51
NC_003197.2	46000	47000	53
NC_003197.2	47000	48000	51
NC_003197.2	48000	49000	53
NC_003197.2	49000	50000	55
NC_003197.2	50000	51000	53
NC_003197.2	51000	52000	43
NC_003197.2	52000	53000	46
NC_003197.2	53000	54000	56
NC_003197.2	54000	55000	57
NC_003197.2	55000	56000	55
NC_003197.2	56000	57000	51
NC_003197.2	57000	58000	55
NC_003197.2	58000	59000	53
NC_003197.2	59000	60000	48
NC_003197.2	60000	61000	54
NC_003197.2	61000	62000	49
NC_003197.2	62000	63000	48
NC_003197.2	63000	64000	52
NC_003197.2	64000	65000	65
NC_003197.2	65000	66000	64
NC_003197.2	66000	67000	59
NC_003197.2	67000	68000	52
NC_003197.2	68000	69000	44
NC_003197.2	69000	70000	54
NC_003197.2	70000	71000	55
NC_003197.2	71000	72000	54
NC_003197.2	72000	73000	57
NC_003197.2	73000	74000	52
NC_003197.2	74000	75000	53
NC_003197.2	75000	76000	39
NC_003197.2	76000	77000	56
NC_003197.2	77000	78000	57
NC_003197.2	78000	79000	58
NC_003197.2	79000	80000	62
NC_003197.2	80000	81000	46
NC_003197.2	81000	82000	56
NC_003197.2	82000	83000	51
NC_003197.2	83000	84000	53
NC_003197.2	84000	85000	52
NC_003197.2	85000	86000	53
NC_003197.2	86000	87000	52
NC_003197.2	87000	88000	56
NC_003197.2	88000	89000	39
NC_003197.2	89000	90000	56
NC_003197.2	90000	91000	57
NC_003197.2	91000	92000	55
NC_003197.2	92000	93000	54
NC_003197.2	93000	94000	51
NC_003197.2	94000	95000	47
NC_003197.2	95000	96000	37
NC_003197.2	96000	97000	48
NC_003197.2	97000	98000	44
NC_003197.2	98000	99000	52
NC_003197.2	99000	100000	60
NC_003197.2	100000	101000	53
NC_003197.2	101000	102000	56
NC_003197.2	102000	103000	54
NC_003197.2	103000	104000	53
NC_003197.2	104000	105000	58
NC_003197.2	105000	106000	52
NC_003197.2	106000	107000	53
NC_003197.2	107000	108000	52
NC_003197.2	108000	109000	52
NC_003197.2	109000	110000	56
NC_003197.2	110000	111000	57
NC_003197.2	111000	112000	58
NC_003197.2	112000	113000	54
NC_003197.2	113000	114000	55
NC_003197.2	114000	115000	55
NC_003197.2	115000	116000	54
NC_003197.2	116000	117000	38
NC_003197.2	117000	118000	52
NC_003197.2	118000	119000	56
NC_003197.2	119000	120000	56
NC_003197.2	120000	121000	61
NC_003197.2	121000	122000	51
NC_003197.2	122000	123000	55
NC_003197.2	123000	124000	58
NC_003197.2	124000	125000	58
NC_003197.2	125000	126000	59
NC_003197.2	126000	127000	54
NC_003197.2	127000	128000	57
NC_003197.2	128000	129000	51
NC_003197.2	129000	130000	56
NC_003197.2	130000	131000	58
NC_003197.2	131000	132000	55
NC_003197.2	132000	133000	54
NC_003197.2	133000	134000	53
NC_003197.2	134000	135000	39
NC_003197.2	135000	136000	46
NC_003197.2	136000	137000	55
NC_003197.2	137000	138000	53
NC_003197.2	138000	139000	54
NC_003197.2	139000	140000	47
NC_003197.2	140000	141000	54
NC_003197.2	141000	142000	54
NC_003197.2	142000	143000	53
NC_003197.2	143000	144000	58
NC_003197.2	144000	145000	57
NC_003197.2	145000	146000	57
NC_003197.2	146000	147000	54
NC_003197.2	147000	148000	56
NC_003197.2	148000	149000	58
NC_003197.2	149000	150000	53
NC_003197.2	150000	151000	61
NC_003197.2	151000	152000	55
NC_003197.2	152000	153000	57
NC_003197.2	153000	154000	51
NC_003197.2	154000	155000	52
NC_003197.2	155000	156000	56
NC_003197.2	156000	157000	54
NC_003197.2	157000	158000	50
NC_003197.2	158000	159000	52
NC_003197.2	159000	160000	53
NC_003197.2	160000	161000	55
NC_003197.2	161000	162000	52
NC_003197.2	162000	163000	54
NC_003197.2	163000	164000	50
NC_003197.2	164000	165000	53
NC_003197.2	165000	166000	53
NC_003197.2	166000	167000	55
NC_003197.2	167000	168000	55
NC_003197.2	168000	169000	55
NC_003197.2	169000	170000	54
NC_003197.2	170000	171000	55
NC_003197.2	171000	172000	52
NC_003197.2	172000	173000	52
NC_003197.2	173000	174000	54
NC_003197.2	174000	175000	50
NC_003197.2	175000	176000	49
NC_003197.2	176000	177000	52
NC_003197.2	177000	178000	54
NC_003197.2	178000	179000	53
NC_003197.2	179000	180000	57
NC_003197.2	180000	181000	52
NC_003197.2	181000	182000	53
NC_003197.2	182000	183000	51
NC_003197.2	183000	184000	56
NC_003197.2	184000	185000	55
NC_003197.2	185000	186000	53
NC_003197.2	186000	187000	56
NC_003197.2	187000	188000	59
NC_003197.2	188000	189000	42
NC_003197.2	189000	190000	41
NC_003197.2	190000	191000	53
NC_003197.2	191000	192000	59
NC_003197.2	192000	193000	56
NC_003197.2	193000	194000	54
NC_003197.2	194000	195000	51
NC_003197.2	195000	196000	52
NC_003197.2	196000	197000	52
NC_003197.2	197000	198000	56
NC_003197.2	198000	199000	57
NC_003197.2	199000	200000	56
NC_003197.2	200000	201000	52
NC_003197.2	201000	202000	51
NC_003197.2	202000	203000	47
NC_003197.2	203000	204000	53
NC_003197.2	204000	205000	52
NC_003197.2	205000	206000	56
NC_003197.2	206000	207000	55
NC_003197.2	207000	208000	52
NC_003197.2	208000	209000	50
NC_003197.2	209000	210000	44
NC_003197.2	210000	211000	50
NC_003197.2	211000	212000	53
NC_003197.2	212000	213000	57
NC_003197.2	213000	214000	56
NC_003197.2	214000	215000	55
NC_003197.2	215000	216000	54
NC_003197.2	216000	217000	54
NC_003197.2	217000	218000	52
NC_003197.2	218000	219000	59
NC_003197.2	219000	220000	61
NC_003197.2	220000	221000	56
NC_003197.2	221000	222000	54
NC_003197.2	222000	223000	58
NC_003197.2	223000	224000	53
NC_003197.2	224000	225000	49
NC_003197.2	225000	226000	51
NC_003197.2	226000	227000	59
NC_003197.2	227000	228000	58
NC_003197.2	228000	229000	62
NC_003197.2	229000	230000	56
NC_003197.2	230000	231000	35
NC_003197.2	231000	232000	49
NC_003197.2	232000	233000	56
NC_003197.2	233000	234000	56
NC_003197.2	234000	235000	56
NC_003197.2	235000	236000	52
NC_003197.2	236000	237000	51
NC_003197.2	237000	238000	58
NC_003197.2	238000	239000	53
NC_003197.2	239000	240000	57
NC_003197.2	240000	241000	52
NC_003197.2	241000	242000	55
NC_003197.2	242000	243000	55
NC_003197.2	243000	244000	49
NC_003197.2	244000	245000	48
NC_003197.2	245000	246000	55
NC_003197.2	246000	247000	56
NC_003197.2	247000	248000	48
NC_003197.2	248000	249000	50
NC_003197.2	249000	250000	54
NC_003197.2	250000	251000	52
NC_003197.2	251000	252000	58
NC_003197.2	252000	253000	53
NC_003197.2	253000	254000	51
NC_003197.2	254000	255000	50
NC_003197.2	255000	256000	51
NC_003197.2	256000	257000	53
NC_003197.2	257000	258000	50
NC_003197.2	258000	259000	55
NC_003197.2	259000	260000	51
NC_003197.2	260000	261000	52
NC_003197.2	261000	262000	54
NC_003197.2	262000	263000	51
NC_003197.2	263000	264000	53
NC_003197.2	264000	265000	50
NC_003197.2	265000	266000	50
NC_003197.2	266000	267000	50
NC_003197.2	267000	268000	55
NC_003197.2	268000	269000	54
NC_003197.2	269000	270000	56
NC_003197.2	270000	271000	54
NC_003197.2	271000	272000	55
NC_003197.2	272000	273000	57
NC_003197.2	273000	274000	54
NC_003197.2	274000	275000	53
NC_003197.2	275000	276000	55
NC_003197.2	276000	277000	48
NC_003197.2	277000	278000	54
NC_003197.2	278000	279000	54
NC_003197.2	279000	280000	59
NC_003197.2	280000	281000	49
NC_003197.2	281000	282000	54
NC_003197.2	282000	283000	54
NC_003197.2	283000	284000	55
NC_003197.2	284000	285000	54
NC_003197.2	285000	286000	50
NC_003197.2	286000	287000	50
NC_003197.2	287000	288000	52
NC_003197.2	288000	289000	48
NC_003197.2	289000	290000	53
NC_003197.2	290000	291000	53
NC_003197.2	291000	292000	51
NC_003197.2	292000	293000	54
NC_003197.2	293000	294000	53
NC_003197.2	294000	295000	51
NC_003197.2	295000	296000	49
NC_003197.2	296000	297000	49
NC_003197.2	297000	298000	56
NC_003197.2	298000	299000	51
NC_003197.2	299000	300000	52
NC_003197.2	300000	301000	52
NC_003197.2	301000	302000	45
NC_003197.2	302000	303000	51
NC_003197.2	303000	304000	48
NC_003197.2	304000	305000	53
NC_003197.2	305000	306000	60
NC_003197.2	306000	307000	60
NC_003197.2	307000	308000	58
NC_003197.2	308000	309000	59
NC_003197.2	309000	310000	58
NC_003197.2	310000	311000	48
NC_003197.2	311000	312000	52
NC_003197.2	312000	313000	61
NC_003197.2	313000	314000	57
NC_003197.2	314000	315000	53
NC_003197.2	315000	316000	55
NC_003197.2	316000	317000	37
NC_003197.2	317000	318000	48
NC_003197.2	318000	319000	40
NC_003197.2	319000	320000	51
NC_003197.2	320000	321000	59
NC_003197.2	321000	322000	59
NC_003197.2	322000	323000	50
NC_003197.2	323000	324000	40
NC_003197.2	324000	325000	62
NC_003197.2	325000	326000	62
NC_003197.2	326000	327000	62
NC_003197.2	327000	328000	63
NC_003197.2	328000	329000	56
NC_003197.2	329000	330000	43
NC_003197.2	330000	331000	58
NC_003197.2	331000	332000	54
NC_003197.2	332000	333000	54
NC_003197.2	333000	334000	60
NC_003197.2	334000	335000	64
NC_003197.2	335000	336000	64
NC_003197.2	336000	337000	44
NC_003197.2	337000	338000	50
NC_003197.2	338000	339000	35
NC_003197.2	339000	340000	44
NC_003197.2	340000	341000	43
NC_003197.2	341000	342000	44
NC_003197.2	342000	343000	39
NC_003197.2	343000	344000	49
NC_003197.2	344000	345000	54
NC_003197.2	345000	346000	56
NC_003197.2	346000	347000	45
NC_003197.2	347000	348000	52
NC_003197.2	348000	349000	42
NC_003197.2	349000	350000	41
NC_003197.2	350000	351000	42
NC_003197.2	351000	352000	52
NC_003197.2	352000	353000	53
NC_003197.2	353000	354000	56
NC_003197.2	354000	355000	56
NC_003197.2	355000	356000	45
NC_003197.2	356000	357000	50
NC_003197.2	357000	358000	50
NC_003197.2	358000	359000	48
NC_003197.2	359000	360000	54
NC_003197.2	360000	361000	54
NC_003197.2	361000	362000	54
NC_003197.2	362000	363000	51
NC_003197.2	363000	364000	54
NC_003197.2	364000	365000	51
NC_003197.2	365000	366000	47
NC_003197.2	366000	367000	50
NC_003197.2	367000	368000	56
NC_003197.2	368000	369000	52
NC_003197.2	369000	370000	53
NC_003197.2	370000	371000	53
NC_003197.2	371000	372000	40
NC_003197.2	372000	373000	41
NC_003197.2	373000	374000	52
NC_003197.2	374000	375000	52
NC_003197.2	375000	376000	50
NC_003197.2	376000	377000	50
NC_003197.2	377000	378000	47
NC_003197.2	378000	379000	35
NC_003197.2	379000	380000	49
NC_003197.2	380000	381000	52
NC_003197.2	381000	382000	53
NC_003197.2	382000	383000	55
NC_003197.2	383000	384000	49
NC_003197.2	384000	385000	45
NC_003197.2	385000	386000	35
NC_003197.2	386000	387000	37
NC_003197.2	387000	388000	48
NC_003197.2	388000	389000	44
NC_003197.2	389000	390000	40
NC_003197.2	390000	391000	40
NC_003197.2	391000	392000	37
NC_003197.2	392000	393000	54
NC_003197.2	393000	394000	59
NC_003197.2	394000	395000	56
NC_003197.2	395000	396000	57
NC_003197.2	396000	397000	58
NC_003197.2	397000	398000	59
NC_003197.2	398000	399000	57
NC_003197.2	399000	400000	61
NC_003197.2	400000	401000	58
NC_003197.2	401000	402000	51
NC_003197.2	402000	403000	54
NC_003197.2	403000	404000	46
NC_003197.2	404000	405000	49
NC_003197.2	405000	406000	47
NC_003197.2	406000	407000	48
NC_003197.2	407000	408000	51
NC_003197.2	408000	409000	46
NC_003197.2	409000	410000	57
NC_003197.2	410000	411000	56
NC_003197.2	411000	412000	53
NC_003197.2	412000	413000	56
NC_003197.2	413000	414000	53
NC_003197.2	414000	415000	52
NC_003197.2	415000	416000	48
NC_003197.2	416000	417000	56
NC_003197.2	417000	418000	49
NC_003197.2	418000	419000	58
NC_003197.2	419000	420000	56
NC_003197.2	420000	421000	56
NC_003197.2	421000	422000	55
NC_003197.2	422000	423000	60
NC_003197.2	423000	424000	56
NC_003197.2	424000	425000	48
NC_003197.2	425000	426000	40
NC_003197.2	426000	427000	45
NC_003197.2	427000	428000	51
NC_003197.2	428000	429000	44
NC_003197.2	429000	430000	53
NC_003197.2	430000	431000	49
NC_003197.2	431000	432000	54
NC_003197.2	432000	433000	54
NC_003197.2	433000	434000	47
NC_003197.2	434000	435000	52
NC_003197.2	435000	436000	52
NC_003197.2	436000	437000	49
NC_003197.2	437000	438000	43
NC_003197.2	438000	439000	53
NC_003197.2	439000	440000	57
NC_003197.2	440000	441000	50
NC_003197.2	441000	442000	52
NC_003197.2	442000	443000	52
NC_003197.2	443000	444000	51
NC_003197.2	444000	445000	59
NC_003197.2	445000	446000	55
NC_003197.2	446000	447000	54
NC_003197.2	447000	448000	58
NC_003197.2	448000	449000	59
NC_003197.2	449000	450000	56
NC_003197.2	450000	451000	51
NC_003197.2	451000	452000	55
NC_003197.2	452000	453000	50
NC_003197.2	453000	454000	52
NC_003197.2	454000	455000	55
NC_003197.2	455000	456000	53
NC_003197.2	456000	457000	56
NC_003197.2	457000	458000	58
NC_003197.2	458000	459000	52
NC_003197.2	459000	460000	54
NC_003197.2	460000	461000	55
NC_003197.2	461000	462000	51
NC_003197.2	462000	463000	53
NC_003197.2	463000	464000	55
NC_003197.2	464000	465000	53
NC_003197.2	465000	466000	50
NC_003197.2	466000	467000	49
NC_003197.2	467000	468000	55
NC_003197.2	468000	469000	47
NC_003197.2	469000	470000	51
NC_003197.2	470000	471000	60
NC_003197.2	471000	472000	53
NC_003197.2	472000	473000	56
NC_003197.2	473000	474000	56
NC_003197.2	474000	475000	56
NC_003197.2	475000	476000	54
NC_003197.2	476000	477000	56
NC_003197.2	477000	478000	52
NC_003197.2	478000	479000	53
NC_003197.2	479000	480000	56
NC_003197.2	480000	481000	57
NC_003197.2	481000	482000	58
NC_003197.2	482000	483000	56
NC_003197.2	483000	484000	57
NC_003197.2	484000	485000	55
NC_003197.2	485000	486000	57
NC_003197.2	486000	487000	56
NC_003197.2	487000	488000	51
NC_003197.2	488000	489000	54
NC_003197.2	489000	490000	53
NC_003197.2	490000	491000	45
NC_003197.2	491000	492000	43
NC_003197.2	492000	493000	39
NC_003197.2	493000	494000	50
NC_003197.2	494000	495000	51
NC_003197.2	495000	496000	54
NC_003197.2	496000	497000	54
NC_003197.2	497000	498000	50
NC_003197.2	498000	499000	45
NC_003197.2	499000	500000	56
NC_003197.2	500000	501000	49
NC_003197.2	501000	502000	48
NC_003197.2	502000	503000	52
NC_003197.2	503000	504000	50
NC_003197.2	504000	505000	52
NC_003197.2	505000	506000	51
NC_003197.2	506000	507000	54
NC_003197.2	507000	508000	53
NC_003197.2	508000	509000	49
NC_003197.2	509000	510000	52
NC_003197.2	510000	511000	52
NC_003197.2	511000	512000	49
NC_003197.2	512000	513000	54
NC_003197.2	513000	514000	57
NC_003197.2	514000	515000	53
NC_003197.2	515000	516000	54
NC_003197.2	516000	517000	49
NC_003197.2	517000	518000	56
NC_003197.2	518000	519000	57
NC_003197.2	519000	520000	56
NC_003197.2	520000	521000	55
NC_003197.2	521000	522000	56
NC_003197.2	522000	523000	54
NC_003197.2	523000	524000	51
NC_003197.2	524000	525000	53
NC_003197.2	525000	526000	54
NC_003197.2	526000	527000	45
NC_003197.2	527000	528000	47
NC_003197.2	528000	529000	39
NC_003197.2	529000	530000	50
NC_003197.2	530000	531000	53
NC_003197.2	531000	532000	54
NC_003197.2	532000	533000	54
NC_003197.2	533000	534000	51
NC_003197.2	534000	535000	47
NC_003197.2	535000	536000	49
NC_003197.2	536000	537000	54
NC_003197.2	537000	538000	56
NC_003197.2	538000	539000	52
NC_003197.2	539000	540000	56
NC_003197.2	540000	541000	52
NC_003197.2	541000	542000	57
NC_003197.2	542000	543000	60
NC_003197.2	543000	544000	57
NC_003197.2	544000	545000	52
NC_003197.2	545000	546000	53
NC_003197.2	546000	547000	52
NC_003197.2	547000	548000	56
NC_003197.2	548000	549000	55
NC_003197.2	549000	550000	52
NC_003197.2	550000	551000	56
NC_003197.2	551000	552000	57
NC_003197.2	552000	553000	50
NC_003197.2	553000	554000	52
NC_003197.2	554000	555000	50
NC_003197.2	555000	556000	53
NC_003197.2	556000	557000	56
NC_003197.2	557000	558000	40
NC_003197.2	558000	559000	59
NC_003197.2	559000	560000	59
NC_003197.2	560000	561000	52
NC_003197.2	561000	562000	58
NC_003197.2	562000	563000	48
NC_003197.2	563000	564000	51
NC_003197.2	564000	565000	55
NC_003197.2	565000	566000	52
NC_003197.2	566000	567000	56
NC_003197.2	567000	568000	58
NC_003197.2	568000	569000	58
NC_003197.2	569000	570000	51
NC_003197.2	570000	571000	49
NC_003197.2	571000	572000	51
NC_003197.2	572000	573000	56
NC_003197.2	573000	574000	54
NC_003197.2	574000	575000	54
NC_003197.2	575000	576000	50
NC_003197.2	576000	577000	50
NC_003197.2	577000	578000	54
NC_003197.2	578000	579000	55
NC_003197.2	579000	580000	45
NC_003197.2	580000	581000	50
NC_003197.2	581000	582000	45
NC_003197.2	582000	583000	43
NC_003197.2	583000	584000	44
NC_003197.2	584000	585000	54
NC_003197.2	585000	586000	51
NC_003197.2	586000	587000	49
NC_003197.2	587000	588000	57
NC_003197.2	588000	589000	50
NC_003197.2	589000	590000	53
NC_003197.2	590000	591000	50
NC_003197.2	591000	592000	46
NC_003197.2	592000	593000	60
NC_003197.2	593000	594000	56
NC_003197.2	594000	595000	57
NC_003197.2	595000	596000	58
NC_003197.2	596000	597000	58
NC_003197.2	597000	598000	59
NC_003197.2	598000	599000	51
NC_003197.2	599000	600000	51
NC_003197.2	600000	601000	55
NC_003197.2	601000	602000	49
NC_003197.2	602000	603000	55
NC_003197.2	603000	604000	49
NC_003197.2	604000	605000	54
NC_003197.2	605000	606000	49
NC_003197.2	606000	607000	55
NC_003197.2	607000	608000	55
NC_003197.2	608000	609000	54
NC_003197.2	609000	610000	53
NC_003197.2	610000	611000	43
NC_003197.2	611000	612000	39
NC_003197.2	612000	613000	42
NC_003197.2	613000	614000	44
NC_003197.2	614000	615000	46
NC_003197.2	615000	616000	36
NC_003197.2	616000	617000	39
NC_003197.2	617000	618000	44
NC_003197.2	618000	619000	48
NC_003197.2	619000	620000	59
NC_003197.2	620000	621000	49
NC_003197.2	621000	622000	50
NC_003197.2	622000	623000	51
NC_003197.2	623000	624000	51
NC_003197.2	624000	625000	53
NC_003197.2	625000	626000	50
NC_003197.2	626000	627000	48
NC_003197.2	627000	628000	55
NC_003197.2	628000	629000	53
NC_003197.2	629000	630000	54
NC_003197.2	630000	631000	53
NC_003197.2	631000	632000	47
NC_003197.2	632000	633000	53
NC_003197.2	633000	634000	52
NC_003197.2	634000	635000	58
NC_003197.2	635000	636000	56
NC_003197.2	636000	637000	52
NC_003197.2	637000	638000	53
NC_003197.2	638000	639000	50
NC_003197.2	639000	640000	51
NC_003197.2	640000	641000	53
NC_003197.2	641000	642000	54
NC_003197.2	642000	643000	51
NC_003197.2	643000	644000	54
NC_003197.2	644000	645000	60
NC_003197.2	645000	646000	58
NC_003197.2	646000	647000	60
NC_003197.2	647000	648000	59
NC_003197.2	648000	649000	60
NC_003197.2	649000	650000	46
NC_003197.2	650000	651000	50
NC_003197.2	651000	652000	59
NC_003197.2	652000	653000	59
NC_003197.2	653000	654000	56
NC_003197.2	654000	655000	59
NC_003197.2	655000	656000	57
NC_003197.2	656000	657000	54
NC_003197.2	657000	658000	57
NC_003197.2	658000	659000	57
NC_003197.2	659000	660000	56
NC_003197.2	660000	661000	59
NC_003197.2	661000	662000	52
NC_003197.2	662000	663000	57
NC_003197.2	663000	664000	53
NC_003197.2	664000	665000	55
NC_003197.2	665000	666000	55
NC_003197.2	666000	667000	50
NC_003197.2	667000	668000	47
NC_003197.2	668000	669000	38
NC_003197.2	669000	670000	48
NC_003197.2	670000	671000	47
NC_003197.2	671000	672000	54
NC_003197.2	672000	673000	52
NC_003197.2	673000	674000	43
NC_003197.2	674000	675000	57
NC_003197.2	675000	676000	52
NC_003197.2	676000	677000	54
NC_003197.2	677000	678000	50
NC_003197.2	678000	679000	54
NC_003197.2	679000	680000	53
NC_003197.2	680000	681000	52
NC_003197.2	681000	682000	54
NC_003197.2	682000	683000	56
NC_003197.2	683000	684000	61
NC_003197.2	684000	685000	59
NC_003197.2	685000	686000	58
NC_003197.2	686000	687000	57
NC_003197.2	687000	688000	42
NC_003197.2	688000	689000	50
NC_003197.2	689000	690000	53
NC_003197.2	690000	691000	56
NC_003197.2	691000	692000	47
NC_003197.2	692000	693000	43
NC_003197.2	693000	694000	52
NC_003197.2	694000	695000	52
NC_003197.2	695000	696000	52
NC_003197.2	696000	697000	50
NC_003197.2	697000	698000	45
NC_003197.2	698000	699000	48
NC_003197.2	699000	700000	53
NC_003197.2	700000	701000	60
NC_003197.2	701000	702000	53
NC_003197.2	702000	703000	54
NC_003197.2	703000	704000	52
NC_003197.2	704000	705000	53
NC_003197.2	705000	706000	55
NC_003197.2	706000	707000	56
NC_003197.2	707000	708000	56
NC_003197.2	708000	709000	56
NC_003197.2	709000	710000	55
NC_003197.2	710000	711000	57
NC_003197.2	711000	712000	52
NC_003197.2	712000	713000	53
NC_003197.2	713000	714000	49
NC_003197.2	714000	715000	50
NC_003197.2	715000	716000	51
NC_003197.2	716000	717000	52
NC_003197.2	717000	718000	48
NC_003197.2	718000	719000	49
NC_003197.2	719000	720000	54
NC_003197.2	720000	721000	52
NC_003197.2	721000	722000	54
NC_003197.2	722000	723000	52
NC_003197.2	723000	724000	55
NC_003197.2	724000	725000	51
NC_003197.2	725000	726000	53
NC_003197.2	726000	727000	57
NC_003197.2	727000	728000	52
NC_003197.2	728000	729000	53
NC_003197.2	729000	730000	50
NC_003197.2	730000	731000	51
NC_003197.2	731000	732000	57
NC_003197.2	732000	733000	51
NC_003197.2	733000	734000	54
NC_003197.2	734000	735000	52
NC_003197.2	735000	736000	54
NC_003197.2	736000	737000	60
NC_003197.2	737000	738000	46
NC_003197.2	738000	739000	50
NC_003197.2	739000	740000	55
NC_003197.2	740000	741000	48
NC_003197.2	741000	742000	53
NC_003197.2	742000	743000	53
NC_003197.2	743000	744000	54
NC_003197.2	744000	745000	50
NC_003197.2	745000	746000	52
NC_003197.2	746000	747000	56
NC_003197.2	747000	748000	51
NC_003197.2	748000	749000	53
NC_003197.2	749000	750000	46
NC_003197.2	750000	751000	51
NC_003197.2	751000	752000	54
NC_003197.2	752000	753000	53
NC_003197.2	753000	754000	58
NC_003197.2	754000	755000	57
NC_003197.2	755000	756000	55
NC_003197.2	756000	757000	49
NC_003197.2	757000	758000	49
NC_003197.2	758000	759000	56
NC_003197.2	759000	760000	50
NC_003197.2	760000	761000	55
NC_003197.2	761000	762000	53
NC_003197.2	762000	763000	53
NC_003197.2	763000	764000	55
NC_003197.2	764000	765000	54
NC_003197.2	765000	766000	47
NC_003197.2	766000	767000	48
NC_003197.2	767000	768000	56
NC_003197.2	768000	769000	60
NC_003197.2	769000	770000	61
NC_003197.2	770000	771000	55
NC_003197.2	771000	772000	62
NC_003197.2	772000	773000	56
NC_003197.2	773000	774000	57
NC_003197.2	774000	775000	49
NC_003197.2	775000	776000	55
NC_003197.2	776000	777000	57
NC_003197.2	777000	778000	49
NC_003197.2	778000	779000	55
NC_003197.2	779000	780000	60
NC_003197.2	780000	781000	58
NC_003197.2	781000	782000	43
NC_003197.2	782000	783000	44
NC_003197.2	783000	784000	52
NC_003197.2	784000	785000	38
NC_003197.2	785000	786000	37
NC_003197.2	786000	787000	36
NC_003197.2	787000	788000	34
NC_003197.2	788000	789000	37
NC_003197.2	789000	790000	33
NC_003197.2	790000	791000	31
NC_003197.2	791000	792000	32
NC_003197.2	792000	793000	33
NC_003197.2	793000	794000	42
NC_003197.2	794000	795000	53
NC_003197.2	795000	796000	54
NC_003197.2	796000	797000	54
NC_003197.2	797000	798000	43
NC_003197.2	798000	799000	51
NC_003197.2	799000	800000	61
NC_003197.2	800000	801000	53
NC_003197.2	801000	802000	51
NC_003197.2	802000	803000	56
NC_003197.2	803000	804000	55
NC_003197.2	804000	805000	56
NC_003197.2	805000	806000	54
NC_003197.2	806000	807000	57
NC_003197.2	807000	808000	55
NC_003197.2	808000	809000	36
NC_003197.2	809000	810000	43
NC_003197.2	810000	811000	54
NC_003197.2	811000	812000	55
NC_003197.2	812000	813000	49
NC_003197.2	813000	814000	52
NC_003197.2	814000	815000	52
NC_003197.2	815000	816000	57
NC_003197.2	816000	817000	57
NC_003197.2	817000	818000	52
NC_003197.2	818000	819000	50
NC_003197.2	819000	820000	53
NC_003197.2	820000	821000	51
NC_003197.2	821000	822000	53
NC_003197.2	822000	823000	54
NC_003197.2	823000	824000	45
NC_003197.2	824000	825000	52
NC_003197.2	825000	826000	43
NC_003197.2	826000	827000	34
NC_003197.2	827000	828000	35
NC_003197.2	828000	829000	37
NC_003197.2	829000	830000	40
NC_003197.2	830000	831000	62
NC_003197.2	831000	832000	64
NC_003197.2	832000	833000	64
NC_003197.2	833000	834000	60
NC_003197.2	834000	835000	50
NC_003197.2	835000	836000	56
NC_003197.2	836000	837000	53
NC_003197.2	837000	838000	52
NC_003197.2	838000	839000	58
NC_003197.2	839000	840000	57
NC_003197.2	840000	841000	59
NC_003197.2	841000	842000	51
NC_003197.2	842000	843000	43
NC_003197.2	843000	844000	56
NC_003197.2	844000	845000	56
NC_003197.2	845000	846000	50
NC_003197.2	846000	847000	58
NC_003197.2	847000	848000	56
NC_003197.2	848000	849000	53
NC_003197.2	849000	850000	54
NC_003197.2	850000	851000	55
NC_003197.2	851000	852000	54
NC_003197.2	852000	853000	59
NC_003197.2	853000	854000	60
NC_003197.2	854000	855000	53
NC_003197.2	855000	856000	59
NC_003197.2	856000	857000	58
NC_003197.2	857000	858000	61
NC_003197.2	858000	859000	57
NC_003197.2	859000	860000	60
NC_003197.2	860000	861000	53
NC_003197.2	861000	862000	58
NC_003197.2	862000	863000	62
NC_003197.2	863000	864000	55
NC_003197.2	864000	865000	49
NC_003197.2	865000	866000	56
NC_003197.2	866000	867000	46
NC_003197.2	867000	868000	44
NC_003197.2	868000	869000	48
NC_003197.2	869000	870000	51
NC_003197.2	870000	871000	51
NC_003197.2	871000	872000	54
NC_003197.2	872000	873000	56
NC_003197.2	873000	874000	53
NC_003197.2	874000	875000	42
NC_003197.2	875000	876000	43
NC_003197.2	876000	877000	53
NC_003197.2	877000	878000	55
NC_003197.2	878000	879000	56
NC_003197.2	879000	880000	51
NC_003197.2	880000	881000	53
NC_003197.2	881000	882000	55
NC_003197.2	882000	883000	55
NC_003197.2	883000	884000	57
NC_003197.2	884000	885000	55
NC_003197.2	885000	886000	54
NC_003197.2	886000	887000	58
NC_003197.2	887000	888000	55
NC_003197.2	888000	889000	55
NC_003197.2	889000	890000	54
NC_003197.2	890000	891000	49
NC_003197.2	891000	892000	53
NC_003197.2	892000	893000	55
NC_003197.2	893000	894000	52
NC_003197.2	894000	895000	54
NC_003197.2	895000	896000	52
NC_003197.2	896000	897000	51
NC_003197.2	897000	898000	45
NC_003197.2	898000	899000	48
NC_003197.2	899000	900000	47
NC_003197.2	900000	901000	49
NC_003197.2	901000	902000	53
NC_003197.2	902000	903000	50
NC_003197.2	903000	904000	54
NC_003197.2	904000	905000	53
NC_003197.2	905000	906000	53
NC_003197.2	906000	907000	49
NC_003197.2	907000	908000	40
NC_003197.2	908000	909000	49
NC_003197.2	909000	910000	59
NC_003197.2	910000	911000	48
NC_003197.2	911000	912000	54
NC_003197.2	912000	913000	53
NC_003197.2	913000	914000	55
NC_003197.2	914000	915000	53
NC_003197.2	915000	916000	57
NC_003197.2	916000	917000	57
NC_003197.2	917000	918000	57
NC_003197.2	918000	919000	58
NC_003197.2	919000	920000	56
NC_003197.2	920000	921000	52
NC_003197.2	921000	922000	55
NC_003197.2	922000	923000	54
NC_003197.2	923000	924000	57
NC_003197.2	924000	925000	51
NC_003197.2	925000	926000	45
NC_003197.2	926000	927000	35
NC_003197.2	927000	928000	38
NC_003197.2	928000	929000	42
NC_003197.2	929000	930000	43
NC_003197.2	930000	931000	39
NC_003197.2	931000	932000	43
NC_003197.2	932000	933000	40
NC_003197.2	933000	934000	45
NC_003197.2	934000	935000	55
NC_003197.2	935000	936000	50
NC_003197.2	936000	937000	53
NC_003197.2	937000	938000	53
NC_003197.2	938000	939000	51
NC_003197.2	939000	940000	55
NC_003197.2	940000	941000	54
NC_003197.2	941000	942000	53
NC_003197.2	942000	943000	52
NC_003197.2	943000	944000	54
NC_003197.2	944000	945000	47
NC_003197.2	945000	946000	51
NC_003197.2	946000	947000	54
NC_003197.2	947000	948000	53
NC_003197.2	948000	949000	46
NC_003197.2	949000	950000	53
NC_003197.2	950000	951000	54
NC_003197.2	951000	952000	53
NC_003197.2	952000	953000	55
NC_003197.2	953000	954000	55
NC_003197.2	954000	955000	41
NC_003197.2	955000	956000	44
NC_003197.2	956000	957000	50
NC_003197.2	957000	958000	51
NC_003197.2	958000	959000	46
NC_003197.2	959000	960000	53
NC_003197.2	960000	961000	53
NC_003197.2	961000	962000	50
NC_003197.2	962000	963000	51
NC_003197.2	963000	964000	46
NC_003197.2	964000	965000	50
NC_003197.2	965000	966000	51
NC_003197.2	966000	967000	44
NC_003197.2	967000	968000	38
NC_003197.2	968000	969000	42
NC_003197.2	969000	970000	48
NC_003197.2	970000	971000	53
NC_003197.2	971000	972000	53
NC_003197.2	972000	973000	50
NC_003197.2	973000	974000	54
NC_003197.2	974000	975000	41
NC_003197.2	975000	976000	45
NC_003197.2	976000	977000	44
NC_003197.2	977000	978000	52
NC_003197.2	978000	979000	45
NC_003197.2	979000	980000	51
NC_003197.2	980000	981000	56
NC_003197.2	981000	982000	58
NC_003197.2	982000	983000	59
NC_003197.2	983000	984000	58
NC_003197.2	984000	985000	59
NC_003197.2	985000	986000	58
NC_003197.2	986000	987000	57
NC_003197.2	987000	988000	55
NC_003197.2	988000	989000	57
NC_003197.2	989000	990000	58
NC_003197.2	990000	991000	55
NC_003197.2	991000	992000	57
NC_003197.2	992000	993000	45
NC_003197.2	993000	994000	58
NC_003197.2	994000	995000	56
NC_003197.2	995000	996000	50
NC_003197.2	996000	997000	57
NC_003197.2	997000	998000	60
NC_003197.2	998000	999000	54
NC_003197.2	999000	1000000	61
NC_003197.2	1000000	1001000	56
NC_003197.2	1001000	1002000	49
NC_003197.2	1002000	1003000	38
NC_003197.2	1003000	1004000	41
NC_003197.2	1004000	1005000	35
NC_003197.2	1005000	1006000	48
NC_003197.2	1006000	1007000	56
NC_003197.2	1007000	1008000	53
NC_003197.2	1008000	1009000	59
NC_003197.2	1009000	1010000	59
NC_003197.2	1010000	1011000	55
NC_003197.2	1011000	1012000	57
NC_003197.2	1012000	1013000	56
NC_003197.2	1013000	1014000	57
NC_003197.2	1014000	1015000	54
NC_003197.2	1015000	1016000	48
NC_003197.2	1016000	1017000	56
NC_003197.2	1017000	1018000	53
NC_003197.2	1018000	1019000	46
NC_003197.2	1019000	1020000	55
NC_003197.2	1020000	1021000	54
NC_003197.2	1021000	1022000	52
NC_003197.2	1022000	1023000	48
NC_003197.2	1023000	1024000	54
NC_003197.2	1024000	1025000	53
NC_003197.2	1025000	1026000	49
NC_003197.2	1026000	1027000	51
NC_003197.2	1027000	1028000	52
NC_003197.2	1028000	1029000	54
NC_003197.2	1029000	1030000	55
NC_003197.2	1030000	1031000	50
NC_003197.2	1031000	1032000	55
NC_003197.2	1032000	1033000	58
NC_003197.2	1033000	1034000	56
NC_003197.2	1034000	1035000	57
NC_003197.2	1035000	1036000	51
NC_003197.2	1036000	1037000	48
NC_003197.2	1037000	1038000	52
NC_003197.2	1038000	1039000	62
NC_003197.2	1039000	1040000	63
NC_003197.2	1040000	1041000	54
NC_003197.2	1041000	1042000	52
NC_003197.2	1042000	1043000	54
NC_003197.2	1043000	1044000	54
NC_003197.2	1044000	1045000	54
NC_003197.2	1045000	1046000	50
NC_003197.2	1046000	1047000	52
NC_003197.2	1047000	1048000	53
NC_003197.2	1048000	1049000	58
NC_003197.2	1049000	1050000	51
NC_003197.2	1050000	1051000	47
NC_003197.2	1051000	1052000	46
NC_003197.2	1052000	1053000	49
NC_003197.2	1053000	1054000	46
NC_003197.2	1054000	1055000	33
NC_003197.2	1055000	1056000	50
NC_003197.2	1056000	1057000	52
NC_003197.2	1057000	1058000	49
NC_003197.2	1058000	1059000	43
NC_003197.2	1059000	1060000	52
NC_003197.2	1060000	1061000	51
NC_003197.2	1061000	1062000	51
NC_003197.2	1062000	1063000	53
NC_003197.2	1063000	1064000	52
NC_003197.2	1064000	1065000	48
NC_003197.2	1065000	1066000	53
NC_003197.2	1066000	1067000	52
NC_003197.2	1067000	1068000	49
NC_003197.2	1068000	1069000	55
NC_003197.2	1069000	1070000	54
NC_003197.2	1070000	1071000	51
NC_003197.2	1071000	1072000	52
NC_003197.2	1072000	1073000	60
NC_003197.2	1073000	1074000	54
NC_003197.2	1074000	1075000	53
NC_003197.2	1075000	1076000	54
NC_003197.2	1076000	1077000	56
NC_003197.2	1077000	1078000	54
NC_003197.2	1078000	1079000	54
NC_003197.2	1079000	1080000	53
NC_003197.2	1080000	1081000	55
NC_003197.2	1081000	1082000	57
NC_003197.2	1082000	1083000	56
NC_003197.2	1083000	1084000	57
NC_003197.2	1084000	1085000	53
NC_003197.2	1085000	1086000	59
NC_003197.2	1086000	1087000	54
NC_003197.2	1087000	1088000	51
NC_003197.2	1088000	1089000	55
NC_003197.2	1089000	1090000	51
NC_003197.2	1090000	1091000	48
NC_003197.2	1091000	1092000	43
NC_003197.2	1092000	1093000	53
NC_003197.2	1093000	1094000	42
NC_003197.2	1094000	1095000	46
NC_003197.2	1095000	1096000	41
NC_003197.2	1096000	1097000	45
NC_003197.2	1097000	1098000	55
NC_003197.2	1098000	1099000	49
NC_003197.2	1099000	1100000	48
NC_003197.2	1100000	1101000	53
NC_003197.2	1101000	1102000	54
NC_003197.2	1102000	1103000	55
NC_003197.2	1103000	1104000	50
NC_003197.2	1104000	1105000	44
NC_003197.2	1105000	1106000	45
NC_003197.2	1106000	1107000	48
NC_003197.2	1107000	1108000	52
NC_003197.2	1108000	1109000	47
NC_003197.2	1109000	1110000	43
NC_003197.2	1110000	1111000	54
NC_003197.2	1111000	1112000	50
NC_003197.2	1112000	1113000	46
NC_003197.2	1113000	1114000	48
NC_003197.2	1114000	1115000	42
NC_003197.2	1115000	1116000	53
NC_003197.2	1116000	1117000	50
NC_003197.2	1117000	1118000	54
NC_003197.2	1118000	1119000	55
NC_003197.2	1119000	1120000	54
NC_003197.2	1120000	1121000	55
NC_003197.2	1121000	1122000	53
NC_003197.2	1122000	1123000	52
NC_003197.2	1123000	1124000	51
NC_003197.2	1124000	1125000	53
NC_003197.2	1125000	1126000	50
NC_003197.2	1126000	1127000	57
NC_003197.2	1127000	1128000	54
NC_003197.2	1128000	1129000	57
NC_003197.2	1129000	1130000	45
NC_003197.2	1130000	1131000	48
NC_003197.2	1131000	1132000	54
NC_003197.2	1132000	1133000	55
NC_003197.2	1133000	1134000	56
NC_003197.2	1134000	1135000	58
NC_003197.2	1135000	1136000	52
NC_003197.2	1136000	1137000	57
NC_003197.2	1137000	1138000	60
NC_003197.2	1138000	1139000	51
NC_003197.2	1139000	1140000	47
NC_003197.2	1140000	1141000	41
NC_003197.2	1141000	1142000	53
NC_003197.2	1142000	1143000	41
NC_003197.2	1143000	1144000	37
NC_003197.2	1144000	1145000	50
NC_003197.2	1145000	1146000	54
NC_003197.2	1146000	1147000	53
NC_003197.2	1147000	1148000	47
NC_003197.2	1148000	1149000	50
NC_003197.2	1149000	1150000	54
NC_003197.2	1150000	1151000	57
NC_003197.2	1151000	1152000	52
NC_003197.2	1152000	1153000	53
NC_003197.2	1153000	1154000	53
NC_003197.2	1154000	1155000	52
NC_003197.2	1155000	1156000	51
NC_003197.2	1156000	1157000	51
NC_003197.2	1157000	1158000	48
NC_003197.2	1158000	1159000	52
NC_003197.2	1159000	1160000	55
NC_003197.2	1160000	1161000	46
NC_003197.2	1161000	1162000	54
NC_003197.2	1162000	1163000	45
NC_003197.2	1163000	1164000	49
NC_003197.2	1164000	1165000	56
NC_003197.2	1165000	1166000	53
NC_003197.2	1166000	1167000	52
NC_003197.2	1167000	1168000	57
NC_003197.2	1168000	1169000	53
NC_003197.2	1169000	1170000	49
NC_003197.2	1170000	1171000	53
NC_003197.2	1171000	1172000	55
NC_003197.2	1172000	1173000	52
NC_003197.2	1173000	1174000	54
NC_003197.2	1174000	1175000	50
NC_003197.2	1175000	1176000	44
NC_003197.2	1176000	1177000	39
NC_003197.2	1177000	1178000	38
NC_003197.2	1178000	1179000	45
NC_003197.2	1179000	1180000	47
NC_003197.2	1180000	1181000	42
NC_003197.2	1181000	1182000	49
NC_003197.2	1182000	1183000	48
NC_003197.2	1183000	1184000	53
NC_003197.2	1184000	1185000	48
NC_003197.2	1185000	1186000	52
NC_003197.2	1186000	1187000	54
NC_003197.2	1187000	1188000	48
NC_003197.2	1188000	1189000	50
NC_003197.2	1189000	1190000	57
NC_003197.2	1190000	1191000	59
NC_003197.2	1191000	1192000	54
NC_003197.2	1192000	1193000	57
NC_003197.2	1193000	1194000	61
NC_003197.2	1194000	1195000	50
NC_003197.2	1195000	1196000	55
NC_003197.2	1196000	1197000	51
NC_003197.2	1197000	1198000	41
NC_003197.2	1198000	1199000	43
NC_003197.2	1199000	1200000	52
NC_003197.2	1200000	1201000	56
NC_003197.2	1201000	1202000	58
NC_003197.2	1202000	1203000	53
NC_003197.2	1203000	1204000	59
NC_003197.2	1204000	1205000	53
NC_003197.2	1205000	1206000	50
NC_003197.2	1206000	1207000	52
NC_003197.2	1207000	1208000	58
NC_003197.2	1208000	1209000	61
NC_003197.2	1209000	1210000	59
NC_003197.2	1210000	1211000	55
NC_003197.2	1211000	1212000	51
NC_003197.2	1212000	1213000	53
NC_003197.2	1213000	1214000	47
NC_003197.2	1214000	1215000	48
NC_003197.2	1215000	1216000	49
NC_003197.2	1216000	1217000	48
NC_003197.2	1217000	1218000	43
NC_003197.2	1218000	1219000	47
NC_003197.2	1219000	1220000	38
NC_003197.2	1220000	1221000	38
NC_003197.2	1221000	1222000	40
NC_003197.2	1222000	1223000	44
NC_003197.2	1223000	1224000	46
NC_003197.2	1224000	1225000	53
NC_003197.2	1225000	1226000	54
NC_003197.2	1226000	1227000	51
NC_003197.2	1227000	1228000	52
NC_003197.2	1228000	1229000	47
NC_003197.2	1229000	1230000	43
NC_003197.2	1230000	1231000	35
NC_003197.2	1231000	1232000	46
NC_003197.2	1232000	1233000	46
NC_003197.2	1233000	1234000	55
NC_003197.2	1234000	1235000	53
NC_003197.2	1235000	1236000	45
NC_003197.2	1236000	1237000	47
NC_003197.2	1237000	1238000	52
NC_003197.2	1238000	1239000	55
NC_003197.2	1239000	1240000	58
NC_003197.2	1240000	1241000	52
NC_003197.2	1241000	1242000	52
NC_003197.2	1242000	1243000	53
NC_003197.2	1243000	1244000	49
NC_003197.2	1244000	1245000	52
NC_003197.2	1245000	1246000	51
NC_003197.2	1246000	1247000	47
NC_003197.2	1247000	1248000	52
NC_003197.2	1248000	1249000	48
NC_003197.2	1249000	1250000	51
NC_003197.2	1250000	1251000	46
NC_003197.2	1251000	1252000	56
NC_003197.2	1252000	1253000	49
NC_003197.2	1253000	1254000	55
NC_003197.2	1254000	1255000	54
NC_003197.2	1255000	1256000	55
NC_003197.2	1256000	1257000	54
NC_003197.2	1257000	1258000	54
NC_003197.2	1258000	1259000	53
NC_003197.2	1259000	1260000	53
NC_003197.2	1260000	1261000	55
NC_003197.2	1261000	1262000	58
NC_003197.2	1262000	1263000	56
NC_003197.2	1263000	1264000	56
NC_003197.2	1264000	1265000	58
NC_003197.2	1265000	1266000	51
NC_003197.2	1266000	1267000	53
NC_003197.2	1267000	1268000	53
NC_003197.2	1268000	1269000	57
NC_003197.2	1269000	1270000	61
NC_003197.2	1270000	1271000	57
NC_003197.2	1271000	1272000	50
NC_003197.2	1272000	1273000	54
NC_003197.2	1273000	1274000	46
NC_003197.2	1274000	1275000	51
NC_003197.2	1275000	1276000	51
NC_003197.2	1276000	1277000	52
NC_003197.2	1277000	1278000	53
NC_003197.2	1278000	1279000	56
NC_003197.2	1279000	1280000	50
NC_003197.2	1280000	1281000	49
NC_003197.2	1281000	1282000	54
NC_003197.2	1282000	1283000	52
NC_003197.2	1283000	1284000	54
NC_003197.2	1284000	1285000	60
NC_003197.2	1285000	1286000	53
NC_003197.2	1286000	1287000	50
NC_003197.2	1287000	1288000	53
NC_003197.2	1288000	1289000	53
NC_003197.2	1289000	1290000	52
NC_003197.2	1290000	1291000	49
NC_003197.2	1291000	1292000	55
NC_003197.2	1292000	1293000	56
NC_003197.2	1293000	1294000	52
NC_003197.2	1294000	1295000	49
NC_003197.2	1295000	1296000	54
NC_003197.2	1296000	1297000	52
NC_003197.2	1297000	1298000	49
NC_003197.2	1298000	1299000	52
NC_003197.2	1299000	1300000	56
NC_003197.2	1300000	1301000	58
NC_003197.2	1301000	1302000	57
NC_003197.2	1302000	1303000	52
NC_003197.2	1303000	1304000	55
NC_003197.2	1304000	1305000	56
NC_003197.2	1305000	1306000	52
NC_003197.2	1306000	1307000	55
NC_003197.2	1307000	1308000	54
NC_003197.2	1308000	1309000	50
NC_003197.2	1309000	1310000	47
NC_003197.2	1310000	1311000	40
NC_003197.2	1311000	1312000	48
NC_003197.2	1312000	1313000	49
NC_003197.2	1313000	1314000	49
NC_003197.2	1314000	1315000	50
NC_003197.2	1315000	1316000	48
NC_003197.2	1316000	1317000	56
NC_003197.2	1317000	1318000	52
NC_003197.2	1318000	1319000	50
NC_003197.2	1319000	1320000	50
NC_003197.2	1320000	1321000	52
NC_003197.2	1321000	1322000	55
NC_003197.2	1322000	1323000	51
NC_003197.2	1323000	1324000	54
NC_003197.2	1324000	1325000	47
NC_003197.2	1325000	1326000	45
NC_003197.2	1326000	1327000	39
NC_003197.2	1327000	1328000	36
NC_003197.2	1328000	1329000	39
NC_003197.2	1329000	1330000	45
NC_003197.2	1330000	1331000	43
NC_003197.2	1331000	1332000	37
NC_003197.2	1332000	1333000	42
NC_003197.2	1333000	1334000	42
NC_003197.2	1334000	1335000	39
NC_003197.2	1335000	1336000	44
NC_003197.2	1336000	1337000	49
NC_003197.2	1337000	1338000	47
NC_003197.2	1338000	1339000	43
NC_003197.2	1339000	1340000	52
NC_003197.2	1340000	1341000	54
NC_003197.2	1341000	1342000	54
NC_003197.2	1342000	1343000	55
NC_003197.2	1343000	1344000	56
NC_003197.2	1344000	1345000	48
NC_003197.2	1345000	1346000	47
NC_003197.2	1346000	1347000	48
NC_003197.2	1347000	1348000	45
NC_003197.2	1348000	1349000	44
NC_003197.2	1349000	1350000	40
NC_003197.2	1350000	1351000	48
NC_003197.2	1351000	1352000	46
NC_003197.2	1352000	1353000	46
NC_003197.2	1353000	1354000	47
NC_003197.2	1354000	1355000	51
NC_003197.2	1355000	1356000	59
NC_003197.2	1356000	1357000	53
NC_003197.2	1357000	1358000	53
NC_003197.2	1358000	1359000	47
NC_003197.2	1359000	1360000	41
NC_003197.2	1360000	1361000	47
NC_003197.2	1361000	1362000	52
NC_003197.2	1362000	1363000	50
NC_003197.2	1363000	1364000	49
NC_003197.2	1364000	1365000	48
NC_003197.2	1365000	1366000	48
NC_003197.2	1366000	1367000	52
NC_003197.2	1367000	1368000	53
NC_003197.2	1368000	1369000	51
NC_003197.2	1369000	1370000	49
NC_003197.2	1370000	1371000	50
NC_003197.2	1371000	1372000	56
NC_003197.2	1372000	1373000	52
NC_003197.2	1373000	1374000	57
NC_003197.2	1374000	1375000	52
NC_003197.2	1375000	1376000	54
NC_003197.2	1376000	1377000	57
NC_003197.2	1377000	1378000	56
NC_003197.2	1378000	1379000	57
NC_003197.2	1379000	1380000	56
NC_003197.2	1380000	1381000	52
NC_003197.2	1381000	1382000	50
NC_003197.2	1382000	1383000	52
NC_003197.2	1383000	1384000	54
NC_003197.2	1384000	1385000	58
NC_003197.2	1385000	1386000	60
NC_003197.2	1386000	1387000	56
NC_003197.2	1387000	1388000	58
NC_003197.2	1388000	1389000	45
NC_003197.2	1389000	1390000	54
NC_003197.2	1390000	1391000	51
NC_003197.2	1391000	1392000	47
NC_003197.2	1392000	1393000	46
NC_003197.2	1393000	1394000	52
NC_003197.2	1394000	1395000	43
NC_003197.2	1395000	1396000	46
NC_003197.2	1396000	1397000	54
NC_003197.2	1397000	1398000	53
NC_003197.2	1398000	1399000	52
NC_003197.2	1399000	1400000	53
NC_003197.2	1400000	1401000	55
NC_003197.2	1401000	1402000	50
NC_003197.2	1402000	1403000	53
NC_003197.2	1403000	1404000	48
NC_003197.2	1404000	1405000	51
NC_003197.2	1405000	1406000	57
NC_003197.2	1406000	1407000	46
NC_003197.2	1407000	1408000	47
NC_003197.2	1408000	1409000	42
NC_003197.2	1409000	1410000	44
NC_003197.2	1410000	1411000	35
NC_003197.2	1411000	1412000	37
NC_003197.2	1412000	1413000	48
NC_003197.2	1413000	1414000	50
NC_003197.2	1414000	1415000	47
NC_003197.2	1415000	1416000	51
NC_003197.2	1416000	1417000	52
NC_003197.2	1417000	1418000	56
NC_003197.2	1418000	1419000	50
NC_003197.2	1419000	1420000	52
NC_003197.2	1420000	1421000	55
NC_003197.2	1421000	1422000	52
NC_003197.2	1422000	1423000	45
NC_003197.2	1423000	1424000	50
NC_003197.2	1424000	1425000	53
NC_003197.2	1425000	1426000	50
NC_003197.2	1426000	1427000	51
NC_003197.2	1427000	1428000	45
NC_003197.2	1428000	1429000	55
NC_003197.2	1429000	1430000	57
NC_003197.2	1430000	1431000	52
NC_003197.2	1431000	1432000	55
NC_003197.2	1432000	1433000	53
NC_003197.2	1433000	1434000	53
NC_003197.2	1434000	1435000	54
NC_003197.2	1435000	1436000	44
NC_003197.2	1436000	1437000	44
NC_003197.2	1437000	1438000	47
NC_003197.2	1438000	1439000	48
NC_003197.2	1439000	1440000	48
NC_003197.2	1440000	1441000	49
NC_003197.2	1441000	1442000	45
NC_003197.2	1442000	1443000	43
NC_003197.2	1443000	1444000	47
NC_003197.2	1444000	1445000	41
NC_003197.2	1445000	1446000	57
NC_003197.2	1446000	1447000	50
NC_003197.2	1447000	1448000	55
NC_003197.2	1448000	1449000	54
NC_003197.2	1449000	1450000	54
NC_003197.2	1450000	1451000	50
NC_003197.2	1451000	1452000	44
NC_003197.2	1452000	1453000	47
NC_003197.2	1453000	1454000	53
NC_003197.2	1454000	1455000	51
NC_003197.2	1455000	1456000	54
NC_003197.2	1456000	1457000	57
NC_003197.2	1457000	1458000	52
NC_003197.2	1458000	1459000	57
NC_003197.2	1459000	1460000	43
NC_003197.2	1460000	1461000	53
NC_003197.2	1461000	1462000	47
NC_003197.2	1462000	1463000	52
NC_003197.2	1463000	1464000	49
NC_003197.2	1464000	1465000	44
NC_003197.2	1465000	1466000	44
NC_003197.2	1466000	1467000	51
NC_003197.2	1467000	1468000	57
NC_003197.2	1468000	1469000	59
NC_003197.2	1469000	1470000	56
NC_003197.2	1470000	1471000	55
NC_003197.2	1471000	1472000	53
NC_003197.2	1472000	1473000	58
NC_003197.2	1473000	1474000	52
NC_003197.2	1474000	1475000	56
NC_003197.2	1475000	1476000	50
NC_003197.2	1476000	1477000	40
NC_003197.2	1477000	1478000	44
NC_003197.2	1478000	1479000	42
NC_003197.2	1479000	1480000	36
NC_003197.2	1480000	1481000	40
NC_003197.2	1481000	1482000	43
NC_003197.2	1482000	1483000	44
NC_003197.2	1483000	1484000	43
NC_003197.2	1484000	1485000	46
NC_003197.2	1485000	1486000	48
NC_003197.2	1486000	1487000	45
NC_003197.2	1487000	1488000	45
NC_003197.2	1488000	1489000	49
NC_003197.2	1489000	1490000	44
NC_003197.2	1490000	1491000	41
NC_003197.2	1491000	1492000	44
NC_003197.2	1492000	1493000	47
NC_003197.2	1493000	1494000	42
NC_003197.2	1494000	1495000	47
NC_003197.2	1495000	1496000	48
NC_003197.2	1496000	1497000	51
NC_003197.2	1497000	1498000	45
NC_003197.2	1498000	1499000	45
NC_003197.2	1499000	1500000	41
NC_003197.2	1500000	1501000	37
NC_003197.2	1501000	1502000	45
NC_003197.2	1502000	1503000	52
NC_003197.2	1503000	1504000	50
NC_003197.2	1504000	1505000	50
NC_003197.2	1505000	1506000	48
NC_003197.2	1506000	1507000	52
NC_003197.2	1507000	1508000	57
NC_003197.2	1508000	1509000	54
NC_003197.2	1509000	1510000	48
NC_003197.2	1510000	1511000	49
NC_003197.2	1511000	1512000	48
NC_003197.2	1512000	1513000	51
NC_003197.2	1513000	1514000	58
NC_003197.2	1514000	1515000	52
NC_003197.2	1515000	1516000	51
NC_003197.2	1516000	1517000	57
NC_003197.2	1517000	1518000	55
NC_003197.2	1518000	1519000	53
NC_003197.2	1519000	1520000	45
NC_003197.2	1520000	1521000	49
NC_003197.2	1521000	1522000	56
NC_003197.2	1522000	1523000	51
NC_003197.2	1523000	1524000	53
NC_003197.2	1524000	1525000	51
NC_003197.2	1525000	1526000	53
NC_003197.2	1526000	1527000	53
NC_003197.2	1527000	1528000	51
NC_003197.2	1528000	1529000	45
NC_003197.2	1529000	1530000	54
NC_003197.2	1530000	1531000	54
NC_003197.2	1531000	1532000	59
NC_003197.2	1532000	1533000	59
NC_003197.2	1533000	1534000	56
NC_003197.2	1534000	1535000	51
NC_003197.2	1535000	1536000	47
NC_003197.2	1536000	1537000	51
NC_003197.2	1537000	1538000	54
NC_003197.2	1538000	1539000	51
NC_003197.2	1539000	1540000	54
NC_003197.2	1540000	1541000	51
NC_003197.2	1541000	1542000	53
NC_003197.2	1542000	1543000	51
NC_003197.2	1543000	1544000	55
NC_003197.2	1544000	1545000	56
NC_003197.2	1545000	1546000	53
NC_003197.2	1546000	1547000	55
NC_003197.2	1547000	1548000	52
NC_003197.2	1548000	1549000	57
NC_003197.2	1549000	1550000	50
NC_003197.2	1550000	1551000	44
NC_003197.2	1551000	1552000	49
NC_003197.2	1552000	1553000	51
NC_003197.2	1553000	1554000	52
NC_003197.2	1554000	1555000	54
NC_003197.2	1555000	1556000	45
NC_003197.2	1556000	1557000	57
NC_003197.2	1557000	1558000	53
NC_003197.2	1558000	1559000	52
NC_003197.2	1559000	1560000	47
NC_003197.2	1560000	1561000	49
NC_003197.2	1561000	1562000	53
NC_003197.2	1562000	1563000	52
NC_003197.2	1563000	1564000	54
NC_003197.2	1564000	1565000	53
NC_003197.2	1565000	1566000	52
NC_003197.2	1566000	1567000	48
NC_003197.2	1567000	1568000	57
NC_003197.2	1568000	1569000	55
NC_003197.2	1569000	1570000	53
NC_003197.2	1570000	1571000	53
NC_003197.2	1571000	1572000	52
NC_003197.2	1572000	1573000	50
NC_003197.2	1573000	1574000	57
NC_003197.2	1574000	1575000	56
NC_003197.2	1575000	1576000	54
NC_003197.2	1576000	1577000	54
NC_003197.2	1577000	1578000	51
NC_003197.2	1578000	1579000	56
NC_003197.2	1579000	1580000	51
NC_003197.2	1580000	1581000	50
NC_003197.2	1581000	1582000	49
NC_003197.2	1582000	1583000	53
NC_003197.2	1583000	1584000	54
NC_003197.2	1584000	1585000	49
NC_003197.2	1585000	1586000	50
NC_003197.2	1586000	1587000	55
NC_003197.2	1587000	1588000	53
NC_003197.2	1588000	1589000	51
NC_003197.2	1589000	1590000	52
NC_003197.2	1590000	1591000	55
NC_003197.2	1591000	1592000	48
NC_003197.2	1592000	1593000	44
NC_003197.2	1593000	1594000	46
NC_003197.2	1594000	1595000	48
NC_003197.2	1595000	1596000	49
NC_003197.2	1596000	1597000	53
NC_003197.2	1597000	1598000	47
NC_003197.2	1598000	1599000	52
NC_003197.2	1599000	1600000	53
NC_003197.2	1600000	1601000	54
NC_003197.2	1601000	1602000	54
NC_003197.2	1602000	1603000	56
NC_003197.2	1603000	1604000	55
NC_003197.2	1604000	1605000	46
NC_003197.2	1605000	1606000	43
NC_003197.2	1606000	1607000	43
NC_003197.2	1607000	1608000	46
NC_003197.2	1608000	1609000	53
NC_003197.2	1609000	1610000	50
NC_003197.2	1610000	1611000	54
NC_003197.2	1611000	1612000	51
NC_003197.2	1612000	1613000	51
NC_003197.2	1613000	1614000	54
NC_003197.2	1614000	1615000	49
NC_003197.2	1615000	1616000	41
NC_003197.2	1616000	1617000	48
NC_003197.2	1617000	1618000	49
NC_003197.2	1618000	1619000	44
NC_003197.2	1619000	1620000	44
NC_003197.2	1620000	1621000	41
NC_003197.2	1621000	1622000	42
NC_003197.2	1622000	1623000	53
NC_003197.2	1623000	1624000	53
NC_003197.2	1624000	1625000	45
NC_003197.2	1625000	1626000	38
NC_003197.2	1626000	1627000	46
NC_003197.2	1627000	1628000	42
NC_003197.2	1628000	1629000	44
NC_003197.2	1629000	1630000	50
NC_003197.2	1630000	1631000	41
NC_003197.2	1631000	1632000	35
NC_003197.2	1632000	1633000	51
NC_003197.2	1633000	1634000	51
NC_003197.2	1634000	1635000	50
NC_003197.2	1635000	1636000	52
NC_003197.2	1636000	1637000	54
NC_003197.2	1637000	1638000	50
NC_003197.2	1638000	1639000	52
NC_003197.2	1639000	1640000	55
NC_003197.2	1640000	1641000	54
NC_003197.2	1641000	1642000	52
NC_003197.2	1642000	1643000	55
NC_003197.2	1643000	1644000	45
NC_003197.2	1644000	1645000	44
NC_003197.2	1645000	1646000	45
NC_003197.2	1646000	1647000	52
NC_003197.2	1647000	1648000	49
NC_003197.2	1648000	1649000	52
NC_003197.2	1649000	1650000	51
NC_003197.2	1650000	1651000	54
NC_003197.2	1651000	1652000	53
NC_003197.2	1652000	1653000	54
NC_003197.2	1653000	1654000	50
NC_003197.2	1654000	1655000	44
NC_003197.2	1655000	1656000	47
NC_003197.2	1656000	1657000	52
NC_003197.2	1657000	1658000	58
NC_003197.2	1658000	1659000	54
NC_003197.2	1659000	1660000	47
NC_003197.2	1660000	1661000	55
NC_003197.2	1661000	1662000	55
NC_003197.2	1662000	1663000	57
NC_003197.2	1663000	1664000	54
NC_003197.2	1664000	1665000	53
NC_003197.2	1665000	1666000	55
NC_003197.2	1666000	1667000	55
NC_003197.2	1667000	1668000	53
NC_003197.2	1668000	1669000	53
NC_003197.2	1669000	1670000	46
NC_003197.2	1670000	1671000	46
NC_003197.2	1671000	1672000	52
NC_003197.2	1672000	1673000	50
NC_003197.2	1673000	1674000	48
NC_003197.2	1674000	1675000	54
NC_003197.2	1675000	1676000	51
NC_003197.2	1676000	1677000	44
NC_003197.2	1677000	1678000	51
NC_003197.2	1678000	1679000	51
NC_003197.2	1679000	1680000	55
NC_003197.2	1680000	1681000	55
NC_003197.2	1681000	1682000	54
NC_003197.2	1682000	1683000	57
NC_003197.2	1683000	1684000	53
NC_003197.2	1684000	1685000	57
NC_003197.2	1685000	1686000	57
NC_003197.2	1686000	1687000	48
NC_003197.2	1687000	1688000	56
NC_003197.2	1688000	1689000	53
NC_003197.2	1689000	1690000	52
NC_003197.2	1690000	1691000	46
NC_003197.2	1691000	1692000	38
NC_003197.2	1692000	1693000	38
NC_003197.2	1693000	1694000	44
NC_003197.2	1694000	1695000	52
NC_003197.2	1695000	1696000	52
NC_003197.2	1696000	1697000	56
NC_003197.2	1697000	1698000	54
NC_003197.2	1698000	1699000	48
NC_003197.2	1699000	1700000	53
NC_003197.2	1700000	1701000	51
NC_003197.2	1701000	1702000	48
NC_003197.2	1702000	1703000	56
NC_003197.2	1703000	1704000	52
NC_003197.2	1704000	1705000	51
NC_003197.2	1705000	1706000	57
NC_003197.2	1706000	1707000	52
NC_003197.2	1707000	1708000	51
NC_003197.2	1708000	1709000	48
NC_003197.2	1709000	1710000	45
NC_003197.2	1710000	1711000	55
NC_003197.2	1711000	1712000	51
NC_003197.2	1712000	1713000	57
NC_003197.2	1713000	1714000	55
NC_003197.2	1714000	1715000	49
NC_003197.2	1715000	1716000	55
NC_003197.2	1716000	1717000	55
NC_003197.2	1717000	1718000	51
NC_003197.2	1718000	1719000	53
NC_003197.2	1719000	1720000	40
NC_003197.2	1720000	1721000	37
NC_003197.2	1721000	1722000	38
NC_003197.2	1722000	1723000	41
NC_003197.2	1723000	1724000	35
NC_003197.2	1724000	1725000	40
NC_003197.2	1725000	1726000	42
NC_003197.2	1726000	1727000	41
NC_003197.2	1727000	1728000	46
NC_003197.2	1728000	1729000	37
NC_003197.2	1729000	1730000	48
NC_003197.2	1730000	1731000	50
NC_003197.2	1731000	1732000	52
NC_003197.2	1732000	1733000	53
NC_003197.2	1733000	1734000	54
NC_003197.2	1734000	1735000	54
NC_003197.2	1735000	1736000	51
NC_003197.2	1736000	1737000	49
NC_003197.2	1737000	1738000	50
NC_003197.2	1738000	1739000	56
NC_003197.2	1739000	1740000	52
NC_003197.2	1740000	1741000	51
NC_003197.2	1741000	1742000	51
NC_003197.2	1742000	1743000	54
NC_003197.2	1743000	1744000	54
NC_003197.2	1744000	1745000	55
NC_003197.2	1745000	1746000	47
NC_003197.2	1746000	1747000	45
NC_003197.2	1747000	1748000	48
NC_003197.2	1748000	1749000	54
NC_003197.2	1749000	1750000	53
NC_003197.2	1750000	1751000	52
NC_003197.2	1751000	1752000	50
NC_003197.2	1752000	1753000	45
NC_003197.2	1753000	1754000	50
NC_003197.2	1754000	1755000	48
NC_003197.2	1755000	1756000	49
NC_003197.2	1756000	1757000	45
NC_003197.2	1757000	1758000	47
NC_003197.2	1758000	1759000	53
NC_003197.2	1759000	1760000	45
NC_003197.2	1760000	1761000	37
NC_003197.2	1761000	1762000	50
NC_003197.2	1762000	1763000	53
NC_003197.2	1763000	1764000	48
NC_003197.2	1764000	1765000	38
NC_003197.2	1765000	1766000	38
NC_003197.2	1766000	1767000	43
NC_003197.2	1767000	1768000	52
NC_003197.2	1768000	1769000	55
NC_003197.2	1769000	1770000	44
NC_003197.2	1770000	1771000	53
NC_003197.2	1771000	1772000	54
NC_003197.2	1772000	1773000	46
NC_003197.2	1773000	1774000	52
NC_003197.2	1774000	1775000	58
NC_003197.2	1775000	1776000	51
NC_003197.2	1776000	1777000	53
NC_003197.2	1777000	1778000	51
NC_003197.2	1778000	1779000	57
NC_003197.2	1779000	1780000	54
NC_003197.2	1780000	1781000	48
NC_003197.2	1781000	1782000	52
NC_003197.2	1782000	1783000	50
NC_003197.2	1783000	1784000	51
NC_003197.2	1784000	1785000	54
NC_003197.2	1785000	1786000	53
NC_003197.2	1786000	1787000	56
NC_003197.2	1787000	1788000	52
NC_003197.2	1788000	1789000	53
NC_003197.2	1789000	1790000	45
NC_003197.2	1790000	1791000	43
NC_003197.2	1791000	1792000	39
NC_003197.2	1792000	1793000	51
NC_003197.2	1793000	1794000	54
NC_003197.2	1794000	1795000	54
NC_003197.2	1795000	1796000	56
NC_003197.2	1796000	1797000	48
NC_003197.2	1797000	1798000	51
NC_003197.2	1798000	1799000	47
NC_003197.2	1799000	1800000	47
NC_003197.2	1800000	1801000	53
NC_003197.2	1801000	1802000	51
NC_003197.2	1802000	1803000	50
NC_003197.2	1803000	1804000	53
NC_003197.2	1804000	1805000	52
NC_003197.2	1805000	1806000	55
NC_003197.2	1806000	1807000	57
NC_003197.2	1807000	1808000	49
NC_003197.2	1808000	1809000	47
NC_003197.2	1809000	1810000	50
NC_003197.2	1810000	1811000	52
NC_003197.2	1811000	1812000	56
NC_003197.2	1812000	1813000	48
NC_003197.2	1813000	1814000	54
NC_003197.2	1814000	1815000	54
NC_003197.2	1815000	1816000	55
NC_003197.2	1816000	1817000	55
NC_003197.2	1817000	1818000	55
NC_003197.2	1818000	1819000	51
NC_003197.2	1819000	1820000	59
NC_003197.2	1820000	1821000	57
NC_003197.2	1821000	1822000	55
NC_003197.2	1822000	1823000	57
NC_003197.2	1823000	1824000	56
NC_003197.2	1824000	1825000	56
NC_003197.2	1825000	1826000	41
NC_003197.2	1826000	1827000	42
NC_003197.2	1827000	1828000	53
NC_003197.2	1828000	1829000	48
NC_003197.2	1829000	1830000	51
NC_003197.2	1830000	1831000	49
NC_003197.2	1831000	1832000	56
NC_003197.2	1832000	1833000	48
NC_003197.2	1833000	1834000	55
NC_003197.2	1834000	1835000	51
NC_003197.2	1835000	1836000	49
NC_003197.2	1836000	1837000	54
NC_003197.2	1837000	1838000	52
NC_003197.2	1838000	1839000	51
NC_003197.2	1839000	1840000	50
NC_003197.2	1840000	1841000	47
NC_003197.2	1841000	1842000	40
NC_003197.2	1842000	1843000	47
NC_003197.2	1843000	1844000	49
NC_003197.2	1844000	1845000	53
NC_003197.2	1845000	1846000	53
NC_003197.2	1846000	1847000	47
NC_003197.2	1847000	1848000	42
NC_003197.2	1848000	1849000	49
NC_003197.2	1849000	1850000	50
NC_003197.2	1850000	1851000	50
NC_003197.2	1851000	1852000	48
NC_003197.2	1852000	1853000	50
NC_003197.2	1853000	1854000	54
NC_003197.2	1854000	1855000	52
NC_003197.2	1855000	1856000	50
NC_003197.2	1856000	1857000	54
NC_003197.2	1857000	1858000	57
NC_003197.2	1858000	1859000	54
NC_003197.2	1859000	1860000	55
NC_003197.2	1860000	1861000	56
NC_003197.2	1861000	1862000	57
NC_003197.2	1862000	1863000	48
NC_003197.2	1863000	1864000	54
NC_003197.2	1864000	1865000	51
NC_003197.2	1865000	1866000	54
NC_003197.2	1866000	1867000	53
NC_003197.2	1867000	1868000	53
NC_003197.2	1868000	1869000	49
NC_003197.2	1869000	1870000	44
NC_003197.2	1870000	1871000	56
NC_003197.2	1871000	1872000	48
NC_003197.2	1872000	1873000	54
NC_003197.2	1873000	1874000	59
NC_003197.2	1874000	1875000	55
NC_003197.2	1875000	1876000	54
NC_003197.2	1876000	1877000	55
NC_003197.2	1877000	1878000	53
NC_003197.2	1878000	1879000	53
NC_003197.2	1879000	1880000	59
NC_003197.2	1880000	1881000	49
NC_003197.2	1881000	1882000	49
NC_003197.2	1882000	1883000	50
NC_003197.2	1883000	1884000	39
NC_003197.2	1884000	1885000	45
NC_003197.2	1885000	1886000	57
NC_003197.2	1886000	1887000	52
NC_003197.2	1887000	1888000	58
NC_003197.2	1888000	1889000	57
NC_003197.2	1889000	1890000	58
NC_003197.2	1890000	1891000	53
NC_003197.2	1891000	1892000	57
NC_003197.2	1892000	1893000	56
NC_003197.2	1893000	1894000	46
NC_003197.2	1894000	1895000	56
NC_003197.2	1895000	1896000	52
NC_003197.2	1896000	1897000	57
NC_003197.2	1897000	1898000	50
NC_003197.2	1898000	1899000	53
NC_003197.2	1899000	1900000	51
NC_003197.2	1900000	1901000	56
NC_003197.2	1901000	1902000	56
NC_003197.2	1902000	1903000	57
NC_003197.2	1903000	1904000	55
NC_003197.2	1904000	1905000	47
NC_003197.2	1905000	1906000	51
NC_003197.2	1906000	1907000	48
NC_003197.2	1907000	1908000	54
NC_003197.2	1908000	1909000	53
NC_003197.2	1909000	1910000	48
NC_003197.2	1910000	1911000	48
NC_003197.2	1911000	1912000	50
NC_003197.2	1912000	1913000	49
NC_003197.2	1913000	1914000	47
NC_003197.2	1914000	1915000	56
NC_003197.2	1915000	1916000	52
NC_003197.2	1916000	1917000	50
NC_003197.2	1917000	1918000	54
NC_003197.2	1918000	1919000	58
NC_003197.2	1919000	1920000	55
NC_003197.2	1920000	1921000	53
NC_003197.2	1921000	1922000	53
NC_003197.2	1922000	1923000	57
NC_003197.2	1923000	1924000	50
NC_003197.2	1924000	1925000	57
NC_003197.2	1925000	1926000	53
NC_003197.2	1926000	1927000	56
NC_003197.2	1927000	1928000	55
NC_003197.2	1928000	1929000	47
NC_003197.2	1929000	1930000	53
NC_003197.2	1930000	1931000	54
NC_003197.2	1931000	1932000	43
NC_003197.2	1932000	1933000	54
NC_003197.2	1933000	1934000	55
NC_003197.2	1934000	1935000	51
NC_003197.2	1935000	1936000	47
NC_003197.2	1936000	1937000	42
NC_003197.2	1937000	1938000	44
NC_003197.2	1938000	1939000	47
NC_003197.2	1939000	1940000	56
NC_003197.2	1940000	1941000	51
NC_003197.2	1941000	1942000	50
NC_003197.2	1942000	1943000	51
NC_003197.2	1943000	1944000	53
NC_003197.2	1944000	1945000	52
NC_003197.2	1945000	1946000	50
NC_003197.2	1946000	1947000	53
NC_003197.2	1947000	1948000	55
NC_003197.2	1948000	1949000	56
NC_003197.2	1949000	1950000	55
NC_003197.2	1950000	1951000	49
NC_003197.2	1951000	1952000	44
NC_003197.2	1952000	1953000	39
NC_003197.2	1953000	1954000	37
NC_003197.2	1954000	1955000	46
NC_003197.2	1955000	1956000	44
NC_003197.2	1956000	1957000	48
NC_003197.2	1957000	1958000	50
NC_003197.2	1958000	1959000	41
NC_003197.2	1959000	1960000	41
NC_003197.2	1960000	1961000	41
NC_003197.2	1961000	1962000	43
NC_003197.2	1962000	1963000	46
NC_003197.2	1963000	1964000	41
NC_003197.2	1964000	1965000	49
NC_003197.2	1965000	1966000	44
NC_003197.2	1966000	1967000	52
NC_003197.2	1967000	1968000	46
NC_003197.2	1968000	1969000	48
NC_003197.2	1969000	1970000	52
NC_003197.2	1970000	1971000	50
NC_003197.2	1971000	1972000	53
NC_003197.2	1972000	1973000	51
NC_003197.2	1973000	1974000	49
NC_003197.2	1974000	1975000	51
NC_003197.2	1975000	1976000	51
NC_003197.2	1976000	1977000	57
NC_003197.2	1977000	1978000	56
NC_003197.2	1978000	1979000	56
NC_003197.2	1979000	1980000	51
NC_003197.2	1980000	1981000	52
NC_003197.2	1981000	1982000	48
NC_003197.2	1982000	1983000	51
NC_003197.2	1983000	1984000	56
NC_003197.2	1984000	1985000	53
NC_003197.2	1985000	1986000	54
NC_003197.2	1986000	1987000	51
NC_003197.2	1987000	1988000	51
NC_003197.2	1988000	1989000	55
NC_003197.2	1989000	1990000	57
NC_003197.2	1990000	1991000	49
NC_003197.2	1991000	1992000	44
NC_003197.2	1992000	1993000	41
NC_003197.2	1993000	1994000	54
NC_003197.2	1994000	1995000	52
NC_003197.2	1995000	1996000	57
NC_003197.2	1996000	1997000	54
NC_003197.2	1997000	1998000	53
NC_003197.2	1998000	1999000	54
NC_003197.2	1999000	2000000	52
NC_003197.2	2000000	2001000	56
NC_003197.2	2001000	2002000	54
NC_003197.2	2002000	2003000	52
NC_003197.2	2003000	2004000	54
NC_003197.2	2004000	2005000	52
NC_003197.2	2005000	2006000	52
NC_003197.2	2006000	2007000	53
NC_003197.2	2007000	2008000	51
NC_003197.2	2008000	2009000	57
NC_003197.2	2009000	2010000	56
NC_003197.2	2010000	2011000	54
NC_003197.2	2011000	2012000	54
NC_003197.2	2012000	2013000	55
NC_003197.2	2013000	2014000	52
NC_003197.2	2014000	2015000	56
NC_003197.2	2015000	2016000	56
NC_003197.2	2016000	2017000	52
NC_003197.2	2017000	2018000	55
NC_003197.2	2018000	2019000	54
NC_003197.2	2019000	2020000	54
NC_003197.2	2020000	2021000	51
NC_003197.2	2021000	2022000	51
NC_003197.2	2022000	2023000	39
NC_003197.2	2023000	2024000	52
NC_003197.2	2024000	2025000	52
NC_003197.2	2025000	2026000	50
NC_003197.2	2026000	2027000	47
NC_003197.2	2027000	2028000	47
NC_003197.2	2028000	2029000	48
NC_003197.2	2029000	2030000	46
NC_003197.2	2030000	2031000	52
NC_003197.2	2031000	2032000	57
NC_003197.2	2032000	2033000	47
NC_003197.2	2033000	2034000	48
NC_003197.2	2034000	2035000	43
NC_003197.2	2035000	2036000	47
NC_003197.2	2036000	2037000	53
NC_003197.2	2037000	2038000	54
NC_003197.2	2038000	2039000	48
NC_003197.2	2039000	2040000	46
NC_003197.2	2040000	2041000	50
NC_003197.2	2041000	2042000	54
NC_003197.2	2042000	2043000	57
NC_003197.2	2043000	2044000	51
NC_003197.2	2044000	2045000	50
NC_003197.2	2045000	2046000	50
NC_003197.2	2046000	2047000	47
NC_003197.2	2047000	2048000	51
NC_003197.2	2048000	2049000	46
NC_003197.2	2049000	2050000	48
NC_003197.2	2050000	2051000	49
NC_003197.2	2051000	2052000	49
NC_003197.2	2052000	2053000	51
NC_003197.2	2053000	2054000	55
NC_003197.2	2054000	2055000	58
NC_003197.2	2055000	2056000	44
NC_003197.2	2056000	2057000	54
NC_003197.2	2057000	2058000	56
NC_003197.2	2058000	2059000	55
NC_003197.2	2059000	2060000	60
NC_003197.2	2060000	2061000	62
NC_003197.2	2061000	2062000	55
NC_003197.2	2062000	2063000	60
NC_003197.2	2063000	2064000	55
NC_003197.2	2064000	2065000	53
NC_003197.2	2065000	2066000	55
NC_003197.2	2066000	2067000	52
NC_003197.2	2067000	2068000	38
NC_003197.2	2068000	2069000	48
NC_003197.2	2069000	2070000	56
NC_003197.2	2070000	2071000	53
NC_003197.2	2071000	2072000	52
NC_003197.2	2072000	2073000	50
NC_003197.2	2073000	2074000	57
NC_003197.2	2074000	2075000	53
NC_003197.2	2075000	2076000	52
NC_003197.2	2076000	2077000	52
NC_003197.2	2077000	2078000	38
NC_003197.2	2078000	2079000	48
NC_003197.2	2079000	2080000	42
NC_003197.2	2080000	2081000	55
NC_003197.2	2081000	2082000	50
NC_003197.2	2082000	2083000	48
NC_003197.2	2083000	2084000	47
NC_003197.2	2084000	2085000	53
NC_003197.2	2085000	2086000	57
NC_003197.2	2086000	2087000	41
NC_003197.2	2087000	2088000	41
NC_003197.2	2088000	2089000	46
NC_003197.2	2089000	2090000	45
NC_003197.2	2090000	2091000	54
NC_003197.2	2091000	2092000	53
NC_003197.2	2092000	2093000	51
NC_003197.2	2093000	2094000	43
NC_003197.2	2094000	2095000	51
NC_003197.2	2095000	2096000	50
NC_003197.2	2096000	2097000	51
NC_003197.2	2097000	2098000	57
NC_003197.2	2098000	2099000	57
NC_003197.2	2099000	2100000	54
NC_003197.2	2100000	2101000	57
NC_003197.2	2101000	2102000	52
NC_003197.2	2102000	2103000	52
NC_003197.2	2103000	2104000	55
NC_003197.2	2104000	2105000	58
NC_003197.2	2105000	2106000	57
NC_003197.2	2106000	2107000	56
NC_003197.2	2107000	2108000	55
NC_003197.2	2108000	2109000	57
NC_003197.2	2109000	2110000	56
NC_003197.2	2110000	2111000	58
NC_003197.2	2111000	2112000	56
NC_003197.2	2112000	2113000	57
NC_003197.2	2113000	2114000	55
NC_003197.2	2114000	2115000	42
NC_003197.2	2115000	2116000	46
NC_003197.2	2116000	2117000	43
NC_003197.2	2117000	2118000	58
NC_003197.2	2118000	2119000	58
NC_003197.2	2119000	2120000	55
NC_003197.2	2120000	2121000	56
NC_003197.2	2121000	2122000	57
NC_003197.2	2122000	2123000	62
NC_003197.2	2123000	2124000	56
NC_003197.2	2124000	2125000	60
NC_003197.2	2125000	2126000	62
NC_003197.2	2126000	2127000	58
NC_003197.2	2127000	2128000	59
NC_003197.2	2128000	2129000	61
NC_003197.2	2129000	2130000	61
NC_003197.2	2130000	2131000	57
NC_003197.2	2131000	2132000	55
NC_003197.2	2132000	2133000	54
NC_003197.2	2133000	2134000	51
NC_003197.2	2134000	2135000	51
NC_003197.2	2135000	2136000	50
NC_003197.2	2136000	2137000	52
NC_003197.2	2137000	2138000	50
NC_003197.2	2138000	2139000	55
NC_003197.2	2139000	2140000	54
NC_003197.2	2140000	2141000	54
NC_003197.2	2141000	2142000	38
NC_003197.2	2142000	2143000	45
NC_003197.2	2143000	2144000	54
NC_003197.2	2144000	2145000	49
NC_003197.2	2145000	2146000	54
NC_003197.2	2146000	2147000	54
NC_003197.2	2147000	2148000	49
NC_003197.2	2148000	2149000	53
NC_003197.2	2149000	2150000	52
NC_003197.2	2150000	2151000	55
NC_003197.2	2151000	2152000	59
NC_003197.2	2152000	2153000	55
NC_003197.2	2153000	2154000	52
NC_003197.2	2154000	2155000	57
NC_003197.2	2155000	2156000	57
NC_003197.2	2156000	2157000	53
NC_003197.2	2157000	2158000	47
NC_003197.2	2158000	2159000	44
NC_003197.2	2159000	2160000	46
NC_003197.2	2160000	2161000	48
NC_003197.2	2161000	2162000	38
NC_003197.2	2162000	2163000	35
NC_003197.2	2163000	2164000	42
NC_003197.2	2164000	2165000	39
NC_003197.2	2165000	2166000	40
NC_003197.2	2166000	2167000	32
NC_003197.2	2167000	2168000	31
NC_003197.2	2168000	2169000	32
NC_003197.2	2169000	2170000	30
NC_003197.2	2170000	2171000	32
NC_003197.2	2171000	2172000	45
NC_003197.2	2172000	2173000	44
NC_003197.2	2173000	2174000	42
NC_003197.2	2174000	2175000	40
NC_003197.2	2175000	2176000	41
NC_003197.2	2176000	2177000	48
NC_003197.2	2177000	2178000	46
NC_003197.2	2178000	2179000	42
NC_003197.2	2179000	2180000	50
NC_003197.2	2180000	2181000	47
NC_003197.2	2181000	2182000	58
NC_003197.2	2182000	2183000	54
NC_003197.2	2183000	2184000	52
NC_003197.2	2184000	2185000	52
NC_003197.2	2185000	2186000	50
NC_003197.2	2186000	2187000	55
NC_003197.2	2187000	2188000	62
NC_003197.2	2188000	2189000	59
NC_003197.2	2189000	2190000	59
NC_003197.2	2190000	2191000	58
NC_003197.2	2191000	2192000	60
NC_003197.2	2192000	2193000	58
NC_003197.2	2193000	2194000	54
NC_003197.2	2194000	2195000	48
NC_003197.2	2195000	2196000	42
NC_003197.2	2196000	2197000	54
NC_003197.2	2197000	2198000	56
NC_003197.2	2198000	2199000	50
NC_003197.2	2199000	2200000	56
NC_003197.2	2200000	2201000	53
NC_003197.2	2201000	2202000	54
NC_003197.2	2202000	2203000	48
NC_003197.2	2203000	2204000	47
NC_003197.2	2204000	2205000	54
NC_003197.2	2205000	2206000	55
NC_003197.2	2206000	2207000	56
NC_003197.2	2207000	2208000	52
NC_003197.2	2208000	2209000	52
NC_003197.2	2209000	2210000	51
NC_003197.2	2210000	2211000	55
NC_003197.2	2211000	2212000	57
NC_003197.2	2212000	2213000	58
NC_003197.2	2213000	2214000	59
NC_003197.2	2214000	2215000	58
NC_003197.2	2215000	2216000	57
NC_003197.2	2216000	2217000	57
NC_003197.2	2217000	2218000	59
NC_003197.2	2218000	2219000	57
NC_003197.2	2219000	2220000	58
NC_003197.2	2220000	2221000	54
NC_003197.2	2221000	2222000	55
NC_003197.2	2222000	2223000	55
NC_003197.2	2223000	2224000	56
NC_003197.2	2224000	2225000	54
NC_003197.2	2225000	2226000	46
NC_003197.2	2226000	2227000	50
NC_003197.2	2227000	2228000	59
NC_003197.2	2228000	2229000	54
NC_003197.2	2229000	2230000	50
NC_003197.2	2230000	2231000	55
NC_003197.2	2231000	2232000	38
NC_003197.2	2232000	2233000	36
NC_003197.2	2233000	2234000	43
NC_003197.2	2234000	2235000	54
NC_003197.2	2235000	2236000	53
NC_003197.2	2236000	2237000	50
NC_003197.2	2237000	2238000	52
NC_003197.2	2238000	2239000	60
NC_003197.2	2239000	2240000	57
NC_003197.2	2240000	2241000	58
NC_003197.2	2241000	2242000	60
NC_003197.2	2242000	2243000	43
NC_003197.2	2243000	2244000	41
NC_003197.2	2244000	2245000	45
NC_003197.2	2245000	2246000	48
NC_003197.2	2246000	2247000	41
NC_003197.2	2247000	2248000	38
NC_003197.2	2248000	2249000	48
NC_003197.2	2249000	2250000	52
NC_003197.2	2250000	2251000	53
NC_003197.2	2251000	2252000	51
NC_003197.2	2252000	2253000	43
NC_003197.2	2253000	2254000	49
NC_003197.2	2254000	2255000	49
NC_003197.2	2255000	2256000	54
NC_003197.2	2256000	2257000	50
NC_003197.2	2257000	2258000	57
NC_003197.2	2258000	2259000	57
NC_003197.2	2259000	2260000	61
NC_003197.2	2260000	2261000	54
NC_003197.2	2261000	2262000	53
NC_003197.2	2262000	2263000	56
NC_003197.2	2263000	2264000	51
NC_003197.2	2264000	2265000	53
NC_003197.2	2265000	2266000	55
NC_003197.2	2266000	2267000	53
NC_003197.2	2267000	2268000	55
NC_003197.2	2268000	2269000	55
NC_003197.2	2269000	2270000	57
NC_003197.2	2270000	2271000	46
NC_003197.2	2271000	2272000	59
NC_003197.2	2272000	2273000	58
NC_003197.2	2273000	2274000	55
NC_003197.2	2274000	2275000	56
NC_003197.2	2275000	2276000	55
NC_003197.2	2276000	2277000	57
NC_003197.2	2277000	2278000	51
NC_003197.2	2278000	2279000	54
NC_003197.2	2279000	2280000	54
NC_003197.2	2280000	2281000	51
NC_003197.2	2281000	2282000	44
NC_003197.2	2282000	2283000	49
NC_003197.2	2283000	2284000	53
NC_003197.2	2284000	2285000	51
NC_003197.2	2285000	2286000	47
NC_003197.2	2286000	2287000	49
NC_003197.2	2287000	2288000	49
NC_003197.2	2288000	2289000	53
NC_003197.2	2289000	2290000	55
NC_003197.2	2290000	2291000	52
NC_003197.2	2291000	2292000	52
NC_003197.2	2292000	2293000	54
NC_003197.2	2293000	2294000	55
NC_003197.2	2294000	2295000	43
NC_003197.2	2295000	2296000	48
NC_003197.2	2296000	2297000	54
NC_003197.2	2297000	2298000	55
NC_003197.2	2298000	2299000	48
NC_003197.2	2299000	2300000	53
NC_003197.2	2300000	2301000	53
NC_003197.2	2301000	2302000	51
NC_003197.2	2302000	2303000	53
NC_003197.2	2303000	2304000	56
NC_003197.2	2304000	2305000	60
NC_003197.2	2305000	2306000	56
NC_003197.2	2306000	2307000	54
NC_003197.2	2307000	2308000	51
NC_003197.2	2308000	2309000	53
NC_003197.2	2309000	2310000	36
NC_003197.2	2310000	2311000	47
NC_003197.2	2311000	2312000	51
NC_003197.2	2312000	2313000	54
NC_003197.2	2313000	2314000	44
NC_003197.2	2314000	2315000	49
NC_003197.2	2315000	2316000	53
NC_003197.2	2316000	2317000	51
NC_003197.2	2317000	2318000	52
NC_003197.2	2318000	2319000	53
NC_003197.2	2319000	2320000	54
NC_003197.2	2320000	2321000	57
NC_003197.2	2321000	2322000	55
NC_003197.2	2322000	2323000	49
NC_003197.2	2323000	2324000	54
NC_003197.2	2324000	2325000	53
NC_003197.2	2325000	2326000	56
NC_003197.2	2326000	2327000	51
NC_003197.2	2327000	2328000	49
NC_003197.2	2328000	2329000	50
NC_003197.2	2329000	2330000	52
NC_003197.2	2330000	2331000	51
NC_003197.2	2331000	2332000	49
NC_003197.2	2332000	2333000	36
NC_003197.2	2333000	2334000	39
NC_003197.2	2334000	2335000	45
NC_003197.2	2335000	2336000	46
NC_003197.2	2336000	2337000	52
NC_003197.2	2337000	2338000	48
NC_003197.2	2338000	2339000	32
NC_003197.2	2339000	2340000	46
NC_003197.2	2340000	2341000	53
NC_003197.2	2341000	2342000	55
NC_003197.2	2342000	2343000	56
NC_003197.2	2343000	2344000	47
NC_003197.2	2344000	2345000	56
NC_003197.2	2345000	2346000	40
NC_003197.2	2346000	2347000	43
NC_003197.2	2347000	2348000	62
NC_003197.2	2348000	2349000	63
NC_003197.2	2349000	2350000	67
NC_003197.2	2350000	2351000	68
NC_003197.2	2351000	2352000	66
NC_003197.2	2352000	2353000	69
NC_003197.2	2353000	2354000	64
NC_003197.2	2354000	2355000	55
NC_003197.2	2355000	2356000	54
NC_003197.2	2356000	2357000	61
NC_003197.2	2357000	2358000	56
NC_003197.2	2358000	2359000	56
NC_003197.2	2359000	2360000	47
NC_003197.2	2360000	2361000	54
NC_003197.2	2361000	2362000	55
NC_003197.2	2362000	2363000	55
NC_003197.2	2363000	2364000	61
NC_003197.2	2364000	2365000	56
NC_003197.2	2365000	2366000	51
NC_003197.2	2366000	2367000	44
NC_003197.2	2367000	2368000	48
NC_003197.2	2368000	2369000	52
NC_003197.2	2369000	2370000	51
NC_003197.2	2370000	2371000	51
NC_003197.2	2371000	2372000	54
NC_003197.2	2372000	2373000	52
NC_003197.2	2373000	2374000	53
NC_003197.2	2374000	2375000	56
NC_003197.2	2375000	2376000	56
NC_003197.2	2376000	2377000	50
NC_003197.2	2377000	2378000	42
NC_003197.2	2378000	2379000	43
NC_003197.2	2379000	2380000	34
NC_003197.2	2380000	2381000	51
NC_003197.2	2381000	2382000	45
NC_003197.2	2382000	2383000	56
NC_003197.2	2383000	2384000	52
NC_003197.2	2384000	2385000	52
NC_003197.2	2385000	2386000	52
NC_003197.2	2386000	2387000	46
NC_003197.2	2387000	2388000	47
NC_003197.2	2388000	2389000	51
NC_003197.2	2389000	2390000	54
NC_003197.2	2390000	2391000	54
NC_003197.2	2391000	2392000	58
NC_003197.2	2392000	2393000	59
NC_003197.2	2393000	2394000	55
NC_003197.2	2394000	2395000	43
NC_003197.2	2395000	2396000	40
NC_003197.2	2396000	2397000	54
NC_003197.2	2397000	2398000	55
NC_003197.2	2398000	2399000	53
NC_003197.2	2399000	2400000	51
NC_003197.2	2400000	2401000	52
NC_003197.2	2401000	2402000	53
NC_003197.2	2402000	2403000	49
NC_003197.2	2403000	2404000	43
NC_003197.2	2404000	2405000	56
NC_003197.2	2405000	2406000	54
NC_003197.2	2406000	2407000	56
NC_003197.2	2407000	2408000	51
NC_003197.2	2408000	2409000	56
NC_003197.2	2409000	2410000	55
NC_003197.2	2410000	2411000	55
NC_003197.2	2411000	2412000	51
NC_003197.2	2412000	2413000	61
NC_003197.2	2413000	2414000	60
NC_003197.2	2414000	2415000	56
NC_003197.2	2415000	2416000	57
NC_003197.2	2416000	2417000	61
NC_003197.2	2417000	2418000	56
NC_003197.2	2418000	2419000	55
NC_003197.2	2419000	2420000	51
NC_003197.2	2420000	2421000	54
NC_003197.2	2421000	2422000	53
NC_003197.2	2422000	2423000	52
NC_003197.2	2423000	2424000	46
NC_003197.2	2424000	2425000	55
NC_003197.2	2425000	2426000	57
NC_003197.2	2426000	2427000	57
NC_003197.2	2427000	2428000	55
NC_003197.2	2428000	2429000	59
NC_003197.2	2429000	2430000	57
NC_003197.2	2430000	2431000	54
NC_003197.2	2431000	2432000	56
NC_003197.2	2432000	2433000	59
NC_003197.2	2433000	2434000	59
NC_003197.2	2434000	2435000	56
NC_003197.2	2435000	2436000	59
NC_003197.2	2436000	2437000	57
NC_003197.2	2437000	2438000	57
NC_003197.2	2438000	2439000	54
NC_003197.2	2439000	2440000	45
NC_003197.2	2440000	2441000	52
NC_003197.2	2441000	2442000	35
NC_003197.2	2442000	2443000	51
NC_003197.2	2443000	2444000	50
NC_003197.2	2444000	2445000	55
NC_003197.2	2445000	2446000	55
NC_003197.2	2446000	2447000	57
NC_003197.2	2447000	2448000	46
NC_003197.2	2448000	2449000	52
NC_003197.2	2449000	2450000	55
NC_003197.2	2450000	2451000	59
NC_003197.2	2451000	2452000	53
NC_003197.2	2452000	2453000	57
NC_003197.2	2453000	2454000	54
NC_003197.2	2454000	2455000	55
NC_003197.2	2455000	2456000	55
NC_003197.2	2456000	2457000	45
NC_003197.2	2457000	2458000	50
NC_003197.2	2458000	2459000	55
NC_003197.2	2459000	2460000	54
NC_003197.2	2460000	2461000	52
NC_003197.2	2461000	2462000	56
NC_003197.2	2462000	2463000	53
NC_003197.2	2463000	2464000	53
NC_003197.2	2464000	2465000	54
NC_003197.2	2465000	2466000	49
NC_003197.2	2466000	2467000	49
NC_003197.2	2467000	2468000	52
NC_003197.2	2468000	2469000	53
NC_003197.2	2469000	2470000	49
NC_003197.2	2470000	2471000	51
NC_003197.2	2471000	2472000	48
NC_003197.2	2472000	2473000	47
NC_003197.2	2473000	2474000	52
NC_003197.2	2474000	2475000	52
NC_003197.2	2475000	2476000	53
NC_003197.2	2476000	2477000	53
NC_003197.2	2477000	2478000	60
NC_003197.2	2478000	2479000	57
NC_003197.2	2479000	2480000	52
NC_003197.2	2480000	2481000	53
NC_003197.2	2481000	2482000	56
NC_003197.2	2482000	2483000	56
NC_003197.2	2483000	2484000	55
NC_003197.2	2484000	2485000	57
NC_003197.2	2485000	2486000	57
NC_003197.2	2486000	2487000	42
NC_003197.2	2487000	2488000	49
NC_003197.2	2488000	2489000	46
NC_003197.2	2489000	2490000	55
NC_003197.2	2490000	2491000	56
NC_003197.2	2491000	2492000	58
NC_003197.2	2492000	2493000	53
NC_003197.2	2493000	2494000	56
NC_003197.2	2494000	2495000	58
NC_003197.2	2495000	2496000	55
NC_003197.2	2496000	2497000	53
NC_003197.2	2497000	2498000	55
NC_003197.2	2498000	2499000	50
NC_003197.2	2499000	2500000	57
NC_003197.2	2500000	2501000	57
NC_003197.2	2501000	2502000	54
NC_003197.2	2502000	2503000	50
NC_003197.2	2503000	2504000	50
NC_003197.2	2504000	2505000	50
NC_003197.2	2505000	2506000	50
NC_003197.2	2506000	2507000	46
NC_003197.2	2507000	2508000	48
NC_003197.2	2508000	2509000	54
NC_003197.2	2509000	2510000	54
NC_003197.2	2510000	2511000	50
NC_003197.2	2511000	2512000	51
NC_003197.2	2512000	2513000	46
NC_003197.2	2513000	2514000	51
NC_003197.2	2514000	2515000	45
NC_003197.2	2515000	2516000	47
NC_003197.2	2516000	2517000	53
NC_003197.2	2517000	2518000	45
NC_003197.2	2518000	2519000	52
NC_003197.2	2519000	2520000	56
NC_003197.2	2520000	2521000	61
NC_003197.2	2521000	2522000	58
NC_003197.2	2522000	2523000	52
NC_003197.2	2523000	2524000	53
NC_003197.2	2524000	2525000	54
NC_003197.2	2525000	2526000	44
NC_003197.2	2526000	2527000	51
NC_003197.2	2527000	2528000	52
NC_003197.2	2528000	2529000	48
NC_003197.2	2529000	2530000	48
NC_003197.2	2530000	2531000	54
NC_003197.2	2531000	2532000	51
NC_003197.2	2532000	2533000	52
NC_003197.2	2533000	2534000	44
NC_003197.2	2534000	2535000	50
NC_003197.2	2535000	2536000	47
NC_003197.2	2536000	2537000	50
NC_003197.2	2537000	2538000	52
NC_003197.2	2538000	2539000	55
NC_003197.2	2539000	2540000	57
NC_003197.2	2540000	2541000	56
NC_003197.2	2541000	2542000	57
NC_003197.2	2542000	2543000	49
NC_003197.2	2543000	2544000	51
NC_003197.2	2544000	2545000	46
NC_003197.2	2545000	2546000	55
NC_003197.2	2546000	2547000	47
NC_003197.2	2547000	2548000	57
NC_003197.2	2548000	2549000	55
NC_003197.2	2549000	2550000	57
NC_003197.2	2550000	2551000	52
NC_003197.2	2551000	2552000	52
NC_003197.2	2552000	2553000	56
NC_003197.2	2553000	2554000	56
NC_003197.2	2554000	2555000	56
NC_003197.2	2555000	2556000	54
NC_003197.2	2556000	2557000	52
NC_003197.2	2557000	2558000	51
NC_003197.2	2558000	2559000	54
NC_003197.2	2559000	2560000	55
NC_003197.2	2560000	2561000	48
NC_003197.2	2561000	2562000	55
NC_003197.2	2562000	2563000	47
NC_003197.2	2563000	2564000	55
NC_003197.2	2564000	2565000	55
NC_003197.2	2565000	2566000	60
NC_003197.2	2566000	2567000	59
NC_003197.2	2567000	2568000	59
NC_003197.2	2568000	2569000	56
NC_003197.2	2569000	2570000	62
NC_003197.2	2570000	2571000	57
NC_003197.2	2571000	2572000	59
NC_003197.2	2572000	2573000	62
NC_003197.2	2573000	2574000	61
NC_003197.2	2574000	2575000	59
NC_003197.2	2575000	2576000	60
NC_003197.2	2576000	2577000	60
NC_003197.2	2577000	2578000	58
NC_003197.2	2578000	2579000	49
NC_003197.2	2579000	2580000	46
NC_003197.2	2580000	2581000	56
NC_003197.2	2581000	2582000	55
NC_003197.2	2582000	2583000	51
NC_003197.2	2583000	2584000	55
NC_003197.2	2584000	2585000	56
NC_003197.2	2585000	2586000	51
NC_003197.2	2586000	2587000	55
NC_003197.2	2587000	2588000	48
NC_003197.2	2588000	2589000	46
NC_003197.2	2589000	2590000	52
NC_003197.2	2590000	2591000	57
NC_003197.2	2591000	2592000	54
NC_003197.2	2592000	2593000	53
NC_003197.2	2593000	2594000	51
NC_003197.2	2594000	2595000	55
NC_003197.2	2595000	2596000	54
NC_003197.2	2596000	2597000	55
NC_003197.2	2597000	2598000	46
NC_003197.2	2598000	2599000	53
NC_003197.2	2599000	2600000	61
NC_003197.2	2600000	2601000	63
NC_003197.2	2601000	2602000	55
NC_003197.2	2602000	2603000	51
NC_003197.2	2603000	2604000	58
NC_003197.2	2604000	2605000	52
NC_003197.2	2605000	2606000	49
NC_003197.2	2606000	2607000	53
NC_003197.2	2607000	2608000	52
NC_003197.2	2608000	2609000	58
NC_003197.2	2609000	2610000	55
NC_003197.2	2610000	2611000	55
NC_003197.2	2611000	2612000	54
NC_003197.2	2612000	2613000	49
NC_003197.2	2613000	2614000	55
NC_003197.2	2614000	2615000	52
NC_003197.2	2615000	2616000	48
NC_003197.2	2616000	2617000	50
NC_003197.2	2617000	2618000	54
NC_003197.2	2618000	2619000	50
NC_003197.2	2619000	2620000	50
NC_003197.2	2620000	2621000	42
NC_003197.2	2621000	2622000	43
NC_003197.2	2622000	2623000	44
NC_003197.2	2623000	2624000	57
NC_003197.2	2624000	2625000	55
NC_003197.2	2625000	2626000	55
NC_003197.2	2626000	2627000	57
NC_003197.2	2627000	2628000	56
NC_003197.2	2628000	2629000	57
NC_003197.2	2629000	2630000	59
NC_003197.2	2630000	2631000	60
NC_003197.2	2631000	2632000	60
NC_003197.2	2632000	2633000	55
NC_003197.2	2633000	2634000	47
NC_003197.2	2634000	2635000	47
NC_003197.2	2635000	2636000	56
NC_003197.2	2636000	2637000	56
NC_003197.2	2637000	2638000	60
NC_003197.2	2638000	2639000	61
NC_003197.2	2639000	2640000	60
NC_003197.2	2640000	2641000	59
NC_003197.2	2641000	2642000	58
NC_003197.2	2642000	2643000	55
NC_003197.2	2643000	2644000	58
NC_003197.2	2644000	2645000	62
NC_003197.2	2645000	2646000	59
NC_003197.2	2646000	2647000	59
NC_003197.2	2647000	2648000	55
NC_003197.2	2648000	2649000	53
NC_003197.2	2649000	2650000	54
NC_003197.2	2650000	2651000	44
NC_003197.2	2651000	2652000	50
NC_003197.2	2652000	2653000	54
NC_003197.2	2653000	2654000	56
NC_003197.2	2654000	2655000	53
NC_003197.2	2655000	2656000	57
NC_003197.2	2656000	2657000	54
NC_003197.2	2657000	2658000	57
NC_003197.2	2658000	2659000	52
NC_003197.2	2659000	2660000	52
NC_003197.2	2660000	2661000	53
NC_003197.2	2661000	2662000	59
NC_003197.2	2662000	2663000	56
NC_003197.2	2663000	2664000	54
NC_003197.2	2664000	2665000	54
NC_003197.2	2665000	2666000	53
NC_003197.2	2666000	2667000	59
NC_003197.2	2667000	2668000	63
NC_003197.2	2668000	2669000	60
NC_003197.2	2669000	2670000	59
NC_003197.2	2670000	2671000	58
NC_003197.2	2671000	2672000	56
NC_003197.2	2672000	2673000	53
NC_003197.2	2673000	2674000	54
NC_003197.2	2674000	2675000	46
NC_003197.2	2675000	2676000	55
NC_003197.2	2676000	2677000	56
NC_003197.2	2677000	2678000	53
NC_003197.2	2678000	2679000	57
NC_003197.2	2679000	2680000	60
NC_003197.2	2680000	2681000	53
NC_003197.2	2681000	2682000	51
NC_003197.2	2682000	2683000	55
NC_003197.2	2683000	2684000	53
NC_003197.2	2684000	2685000	54
NC_003197.2	2685000	2686000	54
NC_003197.2	2686000	2687000	45
NC_003197.2	2687000	2688000	56
NC_003197.2	2688000	2689000	56
NC_003197.2	2689000	2690000	57
NC_003197.2	2690000	2691000	54
NC_003197.2	2691000	2692000	54
NC_003197.2	2692000	2693000	57
NC_003197.2	2693000	2694000	56
NC_003197.2	2694000	2695000	56
NC_003197.2	2695000	2696000	51
NC_003197.2	2696000	2697000	50
NC_003197.2	2697000	2698000	48
NC_003197.2	2698000	2699000	40
NC_003197.2	2699000	2700000	55
NC_003197.2	2700000	2701000	49
NC_003197.2	2701000	2702000	49
NC_003197.2	2702000	2703000	53
NC_003197.2	2703000	2704000	56
NC_003197.2	2704000	2705000	54
NC_003197.2	2705000	2706000	57
NC_003197.2	2706000	2707000	53
NC_003197.2	2707000	2708000	52
NC_003197.2	2708000	2709000	57
NC_003197.2	2709000	2710000	59
NC_003197.2	2710000	2711000	61
NC_003197.2	2711000	2712000	57
NC_003197.2	2712000	2713000	49
NC_003197.2	2713000	2714000	52
NC_003197.2	2714000	2715000	56
NC_003197.2	2715000	2716000	56
NC_003197.2	2716000	2717000	54
NC_003197.2	2717000	2718000	56
NC_003197.2	2718000	2719000	52
NC_003197.2	2719000	2720000	46
NC_003197.2	2720000	2721000	42
NC_003197.2	2721000	2722000	46
NC_003197.2	2722000	2723000	57
NC_003197.2	2723000	2724000	55
NC_003197.2	2724000	2725000	53
NC_003197.2	2725000	2726000	51
NC_003197.2	2726000	2727000	51
NC_003197.2	2727000	2728000	53
NC_003197.2	2728000	2729000	48
NC_003197.2	2729000	2730000	32
NC_003197.2	2730000	2731000	34
NC_003197.2	2731000	2732000	39
NC_003197.2	2732000	2733000	45
NC_003197.2	2733000	2734000	43
NC_003197.2	2734000	2735000	49
NC_003197.2	2735000	2736000	55
NC_003197.2	2736000	2737000	62
NC_003197.2	2737000	2738000	53
NC_003197.2	2738000	2739000	56
NC_003197.2	2739000	2740000	59
NC_003197.2	2740000	2741000	55
NC_003197.2	2741000	2742000	59
NC_003197.2	2742000	2743000	53
NC_003197.2	2743000	2744000	55
NC_003197.2	2744000	2745000	53
NC_003197.2	2745000	2746000	58
NC_003197.2	2746000	2747000	54
NC_003197.2	2747000	2748000	55
NC_003197.2	2748000	2749000	53
NC_003197.2	2749000	2750000	53
NC_003197.2	2750000	2751000	55
NC_003197.2	2751000	2752000	53
NC_003197.2	2752000	2753000	58
NC_003197.2	2753000	2754000	55
NC_003197.2	2754000	2755000	57
NC_003197.2	2755000	2756000	55
NC_003197.2	2756000	2757000	49
NC_003197.2	2757000	2758000	53
NC_003197.2	2758000	2759000	41
NC_003197.2	2759000	2760000	52
NC_003197.2	2760000	2761000	43
NC_003197.2	2761000	2762000	46
NC_003197.2	2762000	2763000	47
NC_003197.2	2763000	2764000	53
NC_003197.2	2764000	2765000	54
NC_003197.2	2765000	2766000	44
NC_003197.2	2766000	2767000	46
NC_003197.2	2767000	2768000	52
NC_003197.2	2768000	2769000	47
NC_003197.2	2769000	2770000	47
NC_003197.2	2770000	2771000	44
NC_003197.2	2771000	2772000	48
NC_003197.2	2772000	2773000	55
NC_003197.2	2773000	2774000	54
NC_003197.2	2774000	2775000	52
NC_003197.2	2775000	2776000	51
NC_003197.2	2776000	2777000	49
NC_003197.2	2777000	2778000	54
NC_003197.2	2778000	2779000	55
NC_003197.2	2779000	2780000	51
NC_003197.2	2780000	2781000	49
NC_003197.2	2781000	2782000	55
NC_003197.2	2782000	2783000	52
NC_003197.2	2783000	2784000	54
NC_003197.2	2784000	2785000	52
NC_003197.2	2785000	2786000	48
NC_003197.2	2786000	2787000	48
NC_003197.2	2787000	2788000	57
NC_003197.2	2788000	2789000	52
NC_003197.2	2789000	2790000	54
NC_003197.2	2790000	2791000	56
NC_003197.2	2791000	2792000	57
NC_003197.2	2792000	2793000	50
NC_003197.2	2793000	2794000	49
NC_003197.2	2794000	2795000	52
NC_003197.2	2795000	2796000	50
NC_003197.2	2796000	2797000	50
NC_003197.2	2797000	2798000	53
NC_003197.2	2798000	2799000	54
NC_003197.2	2799000	2800000	51
NC_003197.2	2800000	2801000	53
NC_003197.2	2801000	2802000	51
NC_003197.2	2802000	2803000	50
NC_003197.2	2803000	2804000	54
NC_003197.2	2804000	2805000	50
NC_003197.2	2805000	2806000	55
NC_003197.2	2806000	2807000	50
NC_003197.2	2807000	2808000	48
NC_003197.2	2808000	2809000	50
NC_003197.2	2809000	2810000	55
NC_003197.2	2810000	2811000	53
NC_003197.2	2811000	2812000	53
NC_003197.2	2812000	2813000	44
NC_003197.2	2813000	2814000	49
NC_003197.2	2814000	2815000	49
NC_003197.2	2815000	2816000	52
NC_003197.2	2816000	2817000	49
NC_003197.2	2817000	2818000	54
NC_003197.2	2818000	2819000	55
NC_003197.2	2819000	2820000	50
NC_003197.2	2820000	2821000	50
NC_003197.2	2821000	2822000	48
NC_003197.2	2822000	2823000	51
NC_003197.2	2823000	2824000	51
NC_003197.2	2824000	2825000	53
NC_003197.2	2825000	2826000	50
NC_003197.2	2826000	2827000	48
NC_003197.2	2827000	2828000	41
NC_003197.2	2828000	2829000	54
NC_003197.2	2829000	2830000	57
NC_003197.2	2830000	2831000	59
NC_003197.2	2831000	2832000	58
NC_003197.2	2832000	2833000	59
NC_003197.2	2833000	2834000	61
NC_003197.2	2834000	2835000	61
NC_003197.2	2835000	2836000	60
NC_003197.2	2836000	2837000	61
NC_003197.2	2837000	2838000	55
NC_003197.2	2838000	2839000	57
NC_003197.2	2839000	2840000	57
NC_003197.2	2840000	2841000	56
NC_003197.2	2841000	2842000	56
NC_003197.2	2842000	2843000	57
NC_003197.2	2843000	2844000	52
NC_003197.2	2844000	2845000	49
NC_003197.2	2845000	2846000	54
NC_003197.2	2846000	2847000	56
NC_003197.2	2847000	2848000	57
NC_003197.2	2848000	2849000	58
NC_003197.2	2849000	2850000	56
NC_003197.2	2850000	2851000	56
NC_003197.2	2851000	2852000	53
NC_003197.2	2852000	2853000	45
NC_003197.2	2853000	2854000	45
NC_003197.2	2854000	2855000	50
NC_003197.2	2855000	2856000	56
NC_003197.2	2856000	2857000	59
NC_003197.2	2857000	2858000	58
NC_003197.2	2858000	2859000	59
NC_003197.2	2859000	2860000	57
NC_003197.2	2860000	2861000	58
NC_003197.2	2861000	2862000	60
NC_003197.2	2862000	2863000	54
NC_003197.2	2863000	2864000	56
NC_003197.2	2864000	2865000	55
NC_003197.2	2865000	2866000	58
NC_003197.2	2866000	2867000	49
NC_003197.2	2867000	2868000	36
NC_003197.2	2868000	2869000	39
NC_003197.2	2869000	2870000	41
NC_003197.2	2870000	2871000	49
NC_003197.2	2871000	2872000	59
NC_003197.2	2872000	2873000	52
NC_003197.2	2873000	2874000	49
NC_003197.2	2874000	2875000	46
NC_003197.2	2875000	2876000	50
NC_003197.2	2876000	2877000	43
NC_003197.2	2877000	2878000	48
NC_003197.2	2878000	2879000	52
NC_003197.2	2879000	2880000	57
NC_003197.2	2880000	2881000	41
NC_003197.2	2881000	2882000	41
NC_003197.2	2882000	2883000	34
NC_003197.2	2883000	2884000	54
NC_003197.2	2884000	2885000	65
NC_003197.2	2885000	2886000	55
NC_003197.2	2886000	2887000	27
NC_003197.2	2887000	2888000	31
NC_003197.2	2888000	2889000	40
NC_003197.2	2889000	2890000	58
NC_003197.2	2890000	2891000	63
NC_003197.2	2891000	2892000	59
NC_003197.2	2892000	2893000	40
NC_003197.2	2893000	2894000	44
NC_003197.2	2894000	2895000	54
NC_003197.2	2895000	2896000	55
NC_003197.2	2896000	2897000	58
NC_003197.2	2897000	2898000	54
NC_003197.2	2898000	2899000	59
NC_003197.2	2899000	2900000	48
NC_003197.2	2900000	2901000	57
NC_003197.2	2901000	2902000	37
NC_003197.2	2902000	2903000	35
NC_003197.2	2903000	2904000	31
NC_003197.2	2904000	2905000	30
NC_003197.2	2905000	2906000	42
NC_003197.2	2906000	2907000	49
NC_003197.2	2907000	2908000	43
NC_003197.2	2908000	2909000	34
NC_003197.2	2909000	2910000	34
NC_003197.2	2910000	2911000	42
NC_003197.2	2911000	2912000	51
NC_003197.2	2912000	2913000	43
NC_003197.2	2913000	2914000	47
NC_003197.2	2914000	2915000	48
NC_003197.2	2915000	2916000	42
NC_003197.2	2916000	2917000	49
NC_003197.2	2917000	2918000	57
NC_003197.2	2918000	2919000	59
NC_003197.2	2919000	2920000	60
NC_003197.2	2920000	2921000	59
NC_003197.2	2921000	2922000	57
NC_003197.2	2922000	2923000	58
NC_003197.2	2923000	2924000	53
NC_003197.2	2924000	2925000	50
NC_003197.2	2925000	2926000	49
NC_003197.2	2926000	2927000	41
NC_003197.2	2927000	2928000	44
NC_003197.2	2928000	2929000	43
NC_003197.2	2929000	2930000	41
NC_003197.2	2930000	2931000	38
NC_003197.2	2931000	2932000	47
NC_003197.2	2932000	2933000	52
NC_003197.2	2933000	2934000	55
NC_003197.2	2934000	2935000	54
NC_003197.2	2935000	2936000	56
NC_003197.2	2936000	2937000	57
NC_003197.2	2937000	2938000	53
NC_003197.2	2938000	2939000	54
NC_003197.2	2939000	2940000	59
NC_003197.2	2940000	2941000	60
NC_003197.2	2941000	2942000	54
NC_003197.2	2942000	2943000	58
NC_003197.2	2943000	2944000	51
NC_003197.2	2944000	2945000	54
NC_003197.2	2945000	2946000	46
NC_003197.2	2946000	2947000	53
NC_003197.2	2947000	2948000	43
NC_003197.2	2948000	2949000	45
NC_003197.2	2949000	2950000	52
NC_003197.2	2950000	2951000	58
NC_003197.2	2951000	2952000	50
NC_003197.2	2952000	2953000	56
NC_003197.2	2953000	2954000	54
NC_003197.2	2954000	2955000	53
NC_003197.2	2955000	2956000	43
NC_003197.2	2956000	2957000	50
NC_003197.2	2957000	2958000	58
NC_003197.2	2958000	2959000	54
NC_003197.2	2959000	2960000	57
NC_003197.2	2960000	2961000	54
NC_003197.2	2961000	2962000	47
NC_003197.2	2962000	2963000	56
NC_003197.2	2963000	2964000	55
NC_003197.2	2964000	2965000	52
NC_003197.2	2965000	2966000	47
NC_003197.2	2966000	2967000	46
NC_003197.2	2967000	2968000	51
NC_003197.2	2968000	2969000	52
NC_003197.2	2969000	2970000	53
NC_003197.2	2970000	2971000	50
NC_003197.2	2971000	2972000	52
NC_003197.2	2972000	2973000	56
NC_003197.2	2973000	2974000	53
NC_003197.2	2974000	2975000	50
NC_003197.2	2975000	2976000	54
NC_003197.2	2976000	2977000	52
NC_003197.2	2977000	2978000	56
NC_003197.2	2978000	2979000	48
NC_003197.2	2979000	2980000	57
NC_003197.2	2980000	2981000	55
NC_003197.2	2981000	2982000	52
NC_003197.2	2982000	2983000	53
NC_003197.2	2983000	2984000	61
NC_003197.2	2984000	2985000	53
NC_003197.2	2985000	2986000	49
NC_003197.2	2986000	2987000	57
NC_003197.2	2987000	2988000	58
NC_003197.2	2988000	2989000	60
NC_003197.2	2989000	2990000	60
NC_003197.2	2990000	2991000	52
NC_003197.2	2991000	2992000	53
NC_003197.2	2992000	2993000	59
NC_003197.2	2993000	2994000	56
NC_003197.2	2994000	2995000	59
NC_003197.2	2995000	2996000	56
NC_003197.2	2996000	2997000	60
NC_003197.2	2997000	2998000	61
NC_003197.2	2998000	2999000	58
NC_003197.2	2999000	3000000	49
NC_003197.2	3000000	3001000	55
NC_003197.2	3001000	3002000	56
NC_003197.2	3002000	3003000	59
NC_003197.2	3003000	3004000	56
NC_003197.2	3004000	3005000	53
NC_003197.2	3005000	3006000	57
NC_003197.2	3006000	3007000	50
NC_003197.2	3007000	3008000	54
NC_003197.2	3008000	3009000	54
NC_003197.2	3009000	3010000	48
NC_003197.2	3010000	3011000	41
NC_003197.2	3011000	3012000	43
NC_003197.2	3012000	3013000	36
NC_003197.2	3013000	3014000	40
NC_003197.2	3014000	3015000	47
NC_003197.2	3015000	3016000	46
NC_003197.2	3016000	3017000	47
NC_003197.2	3017000	3018000	42
NC_003197.2	3018000	3019000	39
NC_003197.2	3019000	3020000	37
NC_003197.2	3020000	3021000	45
NC_003197.2	3021000	3022000	40
NC_003197.2	3022000	3023000	47
NC_003197.2	3023000	3024000	38
NC_003197.2	3024000	3025000	41
NC_003197.2	3025000	3026000	47
NC_003197.2	3026000	3027000	47
NC_003197.2	3027000	3028000	48
NC_003197.2	3028000	3029000	48
NC_003197.2	3029000	3030000	50
NC_003197.2	3030000	3031000	51
NC_003197.2	3031000	3032000	43
NC_003197.2	3032000	3033000	43
NC_003197.2	3033000	3034000	47
NC_003197.2	3034000	3035000	46
NC_003197.2	3035000	3036000	52
NC_003197.2	3036000	3037000	46
NC_003197.2	3037000	3038000	55
NC_003197.2	3038000	3039000	42
NC_003197.2	3039000	3040000	47
NC_003197.2	3040000	3041000	43
NC_003197.2	3041000	3042000	46
NC_003197.2	3042000	3043000	46
NC_003197.2	3043000	3044000	46
NC_003197.2	3044000	3045000	39
NC_003197.2	3045000	3046000	42
NC_003197.2	3046000	3047000	37
NC_003197.2	3047000	3048000	46
NC_003197.2	3048000	3049000	42
NC_003197.2	3049000	3050000	43
NC_003197.2	3050000	3051000	50
NC_003197.2	3051000	3052000	57
NC_003197.2	3052000	3053000	57
NC_003197.2	3053000	3054000	55
NC_003197.2	3054000	3055000	53
NC_003197.2	3055000	3056000	57
NC_003197.2	3056000	3057000	59
NC_003197.2	3057000	3058000	55
NC_003197.2	3058000	3059000	56
NC_003197.2	3059000	3060000	60
NC_003197.2	3060000	3061000	57
NC_003197.2	3061000	3062000	55
NC_003197.2	3062000	3063000	55
NC_003197.2	3063000	3064000	54
NC_003197.2	3064000	3065000	55
NC_003197.2	3065000	3066000	53
NC_003197.2	3066000	3067000	52
NC_003197.2	3067000	3068000	51
NC_003197.2	3068000	3069000	56
NC_003197.2	3069000	3070000	55
NC_003197.2	3070000	3071000	55
NC_003197.2	3071000	3072000	54
NC_003197.2	3072000	3073000	53
NC_003197.2	3073000	3074000	56
NC_003197.2	3074000	3075000	52
NC_003197.2	3075000	3076000	49
NC_003197.2	3076000	3077000	53
NC_003197.2	3077000	3078000	59
NC_003197.2	3078000	3079000	50
NC_003197.2	3079000	3080000	57
NC_003197.2	3080000	3081000	56
NC_003197.2	3081000	3082000	53
NC_003197.2	3082000	3083000	49
NC_003197.2	3083000	3084000	56
NC_003197.2	3084000	3085000	51
NC_003197.2	3085000	3086000	52
NC_003197.2	3086000	3087000	41
NC_003197.2	3087000	3088000	39
NC_003197.2	3088000	3089000	52
NC_003197.2	3089000	3090000	57
NC_003197.2	3090000	3091000	55
NC_003197.2	3091000	3092000	59
NC_003197.2	3092000	3093000	48
NC_003197.2	3093000	3094000	51
NC_003197.2	3094000	3095000	54
NC_003197.2	3095000	3096000	59
NC_003197.2	3096000	3097000	47
NC_003197.2	3097000	3098000	49
NC_003197.2	3098000	3099000	52
NC_003197.2	3099000	3100000	51
NC_003197.2	3100000	3101000	51
NC_003197.2	3101000	3102000	40
NC_003197.2	3102000	3103000	44
NC_003197.2	3103000	3104000	56
NC_003197.2	3104000	3105000	54
NC_003197.2	3105000	3106000	53
NC_003197.2	3106000	3107000	52
NC_003197.2	3107000	3108000	52
NC_003197.2	3108000	3109000	53
NC_003197.2	3109000	3110000	56
NC_003197.2	3110000	3111000	56
NC_003197.2	3111000	3112000	56
NC_003197.2	3112000	3113000	56
NC_003197.2	3113000	3114000	53
NC_003197.2	3114000	3115000	50
NC_003197.2	3115000	3116000	55
NC_003197.2	3116000	3117000	55
NC_003197.2	3117000	3118000	48
NC_003197.2	3118000	3119000	52
NC_003197.2	3119000	3120000	55
NC_003197.2	3120000	3121000	47
NC_003197.2	3121000	3122000	53
NC_003197.2	3122000	3123000	54
NC_003197.2	3123000	3124000	57
NC_003197.2	3124000	3125000	55
NC_003197.2	3125000	3126000	53
NC_003197.2	3126000	3127000	44
NC_003197.2	3127000	3128000	49
NC_003197.2	3128000	3129000	55
NC_003197.2	3129000	3130000	58
NC_003197.2	3130000	3131000	59
NC_003197.2	3131000	3132000	56
NC_003197.2	3132000	3133000	51
NC_003197.2	3133000	3134000	53
NC_003197.2	3134000	3135000	52
NC_003197.2	3135000	3136000	44
NC_003197.2	3136000	3137000	60
NC_003197.2	3137000	3138000	50
NC_003197.2	3138000	3139000	46
NC_003197.2	3139000	3140000	54
NC_003197.2	3140000	3141000	52
NC_003197.2	3141000	3142000	52
NC_003197.2	3142000	3143000	49
NC_003197.2	3143000	3144000	54
NC_003197.2	3144000	3145000	56
NC_003197.2	3145000	3146000	59
NC_003197.2	3146000	3147000	55
NC_003197.2	3147000	3148000	57
NC_003197.2	3148000	3149000	55
NC_003197.2	3149000	3150000	53
NC_003197.2	3150000	3151000	53
NC_003197.2	3151000	3152000	50
NC_003197.2	3152000	3153000	50
NC_003197.2	3153000	3154000	54
NC_003197.2	3154000	3155000	57
NC_003197.2	3155000	3156000	51
NC_003197.2	3156000	3157000	54
NC_003197.2	3157000	3158000	54
NC_003197.2	3158000	3159000	52
NC_003197.2	3159000	3160000	52
NC_003197.2	3160000	3161000	55
NC_003197.2	3161000	3162000	59
NC_003197.2	3162000	3163000	47
NC_003197.2	3163000	3164000	51
NC_003197.2	3164000	3165000	51
NC_003197.2	3165000	3166000	50
NC_003197.2	3166000	3167000	56
NC_003197.2	3167000	3168000	58
NC_003197.2	3168000	3169000	55
NC_003197.2	3169000	3170000	55
NC_003197.2	3170000	3171000	49
NC_003197.2	3171000	3172000	56
NC_003197.2	3172000	3173000	58
NC_003197.2	3173000	3174000	56
NC_003197.2	3174000	3175000	56
NC_003197.2	3175000	3176000	52
NC_003197.2	3176000	3177000	52
NC_003197.2	3177000	3178000	47
NC_003197.2	3178000	3179000	51
NC_003197.2	3179000	3180000	50
NC_003197.2	3180000	3181000	55
NC_003197.2	3181000	3182000	51
NC_003197.2	3182000	3183000	47
NC_003197.2	3183000	3184000	47
NC_003197.2	3184000	3185000	51
NC_003197.2	3185000	3186000	53
NC_003197.2	3186000	3187000	48
NC_003197.2	3187000	3188000	43
NC_003197.2	3188000	3189000	61
NC_003197.2	3189000	3190000	60
NC_003197.2	3190000	3191000	58
NC_003197.2	3191000	3192000	45
NC_003197.2	3192000	3193000	39
NC_003197.2	3193000	3194000	43
NC_003197.2	3194000	3195000	46
NC_003197.2	3195000	3196000	46
NC_003197.2	3196000	3197000	49
NC_003197.2	3197000	3198000	51
NC_003197.2	3198000	3199000	52
NC_003197.2	3199000	3200000	53
NC_003197.2	3200000	3201000	53
NC_003197.2	3201000	3202000	53
NC_003197.2	3202000	3203000	57
NC_003197.2	3203000	3204000	55
NC_003197.2	3204000	3205000	51
NC_003197.2	3205000	3206000	52
NC_003197.2	3206000	3207000	49
NC_003197.2	3207000	3208000	57
NC_003197.2	3208000	3209000	46
NC_003197.2	3209000	3210000	49
NC_003197.2	3210000	3211000	50
NC_003197.2	3211000	3212000	38
NC_003197.2	3212000	3213000	54
NC_003197.2	3213000	3214000	54
NC_003197.2	3214000	3215000	58
NC_003197.2	3215000	3216000	54
NC_003197.2	3216000	3217000	51
NC_003197.2	3217000	3218000	56
NC_003197.2	3218000	3219000	57
NC_003197.2	3219000	3220000	59
NC_003197.2	3220000	3221000	55
NC_003197.2	3221000	3222000	52
NC_003197.2	3222000	3223000	54
NC_003197.2	3223000	3224000	53
NC_003197.2	3224000	3225000	52
NC_003197.2	3225000	3226000	53
NC_003197.2	3226000	3227000	55
NC_003197.2	3227000	3228000	55
NC_003197.2	3228000	3229000	50
NC_003197.2	3229000	3230000	48
NC_003197.2	3230000	3231000	53
NC_003197.2	3231000	3232000	54
NC_003197.2	3232000	3233000	53
NC_003197.2	3233000	3234000	51
NC_003197.2	3234000	3235000	59
NC_003197.2	3235000	3236000	55
NC_003197.2	3236000	3237000	59
NC_003197.2	3237000	3238000	55
NC_003197.2	3238000	3239000	53
NC_003197.2	3239000	3240000	56
NC_003197.2	3240000	3241000	51
NC_003197.2	3241000	3242000	44
NC_003197.2	3242000	3243000	45
NC_003197.2	3243000	3244000	52
NC_003197.2	3244000	3245000	49
NC_003197.2	3245000	3246000	49
NC_003197.2	3246000	3247000	46
NC_003197.2	3247000	3248000	46
NC_003197.2	3248000	3249000	45
NC_003197.2	3249000	3250000	55
NC_003197.2	3250000	3251000	54
NC_003197.2	3251000	3252000	49
NC_003197.2	3252000	3253000	54
NC_003197.2	3253000	3254000	48
NC_003197.2	3254000	3255000	55
NC_003197.2	3255000	3256000	55
NC_003197.2	3256000	3257000	54
NC_003197.2	3257000	3258000	55
NC_003197.2	3258000	3259000	53
NC_003197.2	3259000	3260000	56
NC_003197.2	3260000	3261000	56
NC_003197.2	3261000	3262000	52
NC_003197.2	3262000	3263000	55
NC_003197.2	3263000	3264000	55
NC_003197.2	3264000	3265000	48
NC_003197.2	3265000	3266000	50
NC_003197.2	3266000	3267000	49
NC_003197.2	3267000	3268000	51
NC_003197.2	3268000	3269000	53
NC_003197.2	3269000	3270000	53
NC_003197.2	3270000	3271000	51
NC_003197.2	3271000	3272000	50
NC_003197.2	3272000	3273000	53
NC_003197.2	3273000	3274000	54
NC_003197.2	3274000	3275000	53
NC_003197.2	3275000	3276000	50
NC_003197.2	3276000	3277000	41
NC_003197.2	3277000	3278000	44
NC_003197.2	3278000	3279000	49
NC_003197.2	3279000	3280000	51
NC_003197.2	3280000	3281000	48
NC_003197.2	3281000	3282000	48
NC_003197.2	3282000	3283000	50
NC_003197.2	3283000	3284000	43
NC_003197.2	3284000	3285000	45
NC_003197.2	3285000	3286000	48
NC_003197.2	3286000	3287000	50
NC_003197.2	3287000	3288000	49
NC_003197.2	3288000	3289000	48
NC_003197.2	3289000	3290000	52
NC_003197.2	3290000	3291000	49
NC_003197.2	3291000	3292000	43
NC_003197.2	3292000	3293000	46
NC_003197.2	3293000	3294000	43
NC_003197.2	3294000	3295000	47
NC_003197.2	3295000	3296000	48
NC_003197.2	3296000	3297000	50
NC_003197.2	3297000	3298000	55
NC_003197.2	3298000	3299000	55
NC_003197.2	3299000	3300000	56
NC_003197.2	3300000	3301000	45
NC_003197.2	3301000	3302000	40
NC_003197.2	3302000	3303000	50
NC_003197.2	3303000	3304000	53
NC_003197.2	3304000	3305000	53
NC_003197.2	3305000	3306000	57
NC_003197.2	3306000	3307000	54
NC_003197.2	3307000	3308000	53
NC_003197.2	3308000	3309000	55
NC_003197.2	3309000	3310000	54
NC_003197.2	3310000	3311000	52
NC_003197.2	3311000	3312000	54
NC_003197.2	3312000	3313000	54
NC_003197.2	3313000	3314000	51
NC_003197.2	3314000	3315000	54
NC_003197.2	3315000	3316000	55
NC_003197.2	3316000	3317000	49
NC_003197.2	3317000	3318000	42
NC_003197.2	3318000	3319000	51
NC_003197.2	3319000	3320000	53
NC_003197.2	3320000	3321000	51
NC_003197.2	3321000	3322000	53
NC_003197.2	3322000	3323000	52
NC_003197.2	3323000	3324000	52
NC_003197.2	3324000	3325000	55
NC_003197.2	3325000	3326000	52
NC_003197.2	3326000	3327000	51
NC_003197.2	3327000	3328000	53
NC_003197.2	3328000	3329000	42
NC_003197.2	3329000	3330000	55
NC_003197.2	3330000	3331000	58
NC_003197.2	3331000	3332000	45
NC_003197.2	3332000	3333000	51
NC_003197.2	3333000	3334000	53
NC_003197.2	3334000	3335000	51
NC_003197.2	3335000	3336000	57
NC_003197.2	3336000	3337000	50
NC_003197.2	3337000	3338000	56
NC_003197.2	3338000	3339000	57
NC_003197.2	3339000	3340000	56
NC_003197.2	3340000	3341000	52
NC_003197.2	3341000	3342000	55
NC_003197.2	3342000	3343000	56
NC_003197.2	3343000	3344000	52
NC_003197.2	3344000	3345000	56
NC_003197.2	3345000	3346000	53
NC_003197.2	3346000	3347000	57
NC_003197.2	3347000	3348000	51
NC_003197.2	3348000	3349000	49
NC_003197.2	3349000	3350000	52
NC_003197.2	3350000	3351000	56
NC_003197.2	3351000	3352000	51
NC_003197.2	3352000	3353000	55
NC_003197.2	3353000	3354000	55
NC_003197.2	3354000	3355000	37
NC_003197.2	3355000	3356000	53
NC_003197.2	3356000	3357000	44
NC_003197.2	3357000	3358000	50
NC_003197.2	3358000	3359000	52
NC_003197.2	3359000	3360000	48
NC_003197.2	3360000	3361000	51
NC_003197.2	3361000	3362000	55
NC_003197.2	3362000	3363000	53
NC_003197.2	3363000	3364000	58
NC_003197.2	3364000	3365000	56
NC_003197.2	3365000	3366000	56
NC_003197.2	3366000	3367000	57
NC_003197.2	3367000	3368000	55
NC_003197.2	3368000	3369000	50
NC_003197.2	3369000	3370000	56
NC_003197.2	3370000	3371000	57
NC_003197.2	3371000	3372000	47
NC_003197.2	3372000	3373000	58
NC_003197.2	3373000	3374000	55
NC_003197.2	3374000	3375000	49
NC_003197.2	3375000	3376000	53
NC_003197.2	3376000	3377000	50
NC_003197.2	3377000	3378000	52
NC_003197.2	3378000	3379000	52
NC_003197.2	3379000	3380000	52
NC_003197.2	3380000	3381000	50
NC_003197.2	3381000	3382000	52
NC_003197.2	3382000	3383000	43
NC_003197.2	3383000	3384000	56
NC_003197.2	3384000	3385000	46
NC_003197.2	3385000	3386000	55
NC_003197.2	3386000	3387000	56
NC_003197.2	3387000	3388000	58
NC_003197.2	3388000	3389000	55
NC_003197.2	3389000	3390000	53
NC_003197.2	3390000	3391000	54
NC_003197.2	3391000	3392000	54
NC_003197.2	3392000	3393000	51
NC_003197.2	3393000	3394000	51
NC_003197.2	3394000	3395000	54
NC_003197.2	3395000	3396000	50
NC_003197.2	3396000	3397000	48
NC_003197.2	3397000	3398000	54
NC_003197.2	3398000	3399000	51
NC_003197.2	3399000	3400000	50
NC_003197.2	3400000	3401000	55
NC_003197.2	3401000	3402000	55
NC_003197.2	3402000	3403000	56
NC_003197.2	3403000	3404000	50
NC_003197.2	3404000	3405000	47
NC_003197.2	3405000	3406000	57
NC_003197.2	3406000	3407000	56
NC_003197.2	3407000	3408000	56
NC_003197.2	3408000	3409000	49
NC_003197.2	3409000	3410000	51
NC_003197.2	3410000	3411000	51
NC_003197.2	3411000	3412000	48
NC_003197.2	3412000	3413000	44
NC_003197.2	3413000	3414000	36
NC_003197.2	3414000	3415000	50
NC_003197.2	3415000	3416000	56
NC_003197.2	3416000	3417000	57
NC_003197.2	3417000	3418000	54
NC_003197.2	3418000	3419000	43
NC_003197.2	3419000	3420000	59
NC_003197.2	3420000	3421000	47
NC_003197.2	3421000	3422000	50
NC_003197.2	3422000	3423000	44
NC_003197.2	3423000	3424000	46
NC_003197.2	3424000	3425000	43
NC_003197.2	3425000	3426000	50
NC_003197.2	3426000	3427000	49
NC_003197.2	3427000	3428000	52
NC_003197.2	3428000	3429000	50
NC_003197.2	3429000	3430000	55
NC_003197.2	3430000	3431000	55
NC_003197.2	3431000	3432000	51
NC_003197.2	3432000	3433000	55
NC_003197.2	3433000	3434000	52
NC_003197.2	3434000	3435000	60
NC_003197.2	3435000	3436000	55
NC_003197.2	3436000	3437000	54
NC_003197.2	3437000	3438000	55
NC_003197.2	3438000	3439000	55
NC_003197.2	3439000	3440000	54
NC_003197.2	3440000	3441000	53
NC_003197.2	3441000	3442000	57
NC_003197.2	3442000	3443000	57
NC_003197.2	3443000	3444000	50
NC_003197.2	3444000	3445000	41
NC_003197.2	3445000	3446000	55
NC_003197.2	3446000	3447000	56
NC_003197.2	3447000	3448000	58
NC_003197.2	3448000	3449000	47
NC_003197.2	3449000	3450000	53
NC_003197.2	3450000	3451000	58
NC_003197.2	3451000	3452000	50
NC_003197.2	3452000	3453000	55
NC_003197.2	3453000	3454000	51
NC_003197.2	3454000	3455000	57
NC_003197.2	3455000	3456000	56
NC_003197.2	3456000	3457000	52
NC_003197.2	3457000	3458000	52
NC_003197.2	3458000	3459000	46
NC_003197.2	3459000	3460000	53
NC_003197.2	3460000	3461000	49
NC_003197.2	3461000	3462000	47
NC_003197.2	3462000	3463000	53
NC_003197.2	3463000	3464000	56
NC_003197.2	3464000	3465000	52
NC_003197.2	3465000	3466000	58
NC_003197.2	3466000	3467000	51
NC_003197.2	3467000	3468000	47
NC_003197.2	3468000	3469000	52
NC_003197.2	3469000	3470000	55
NC_003197.2	3470000	3471000	54
NC_003197.2	3471000	3472000	54
NC_003197.2	3472000	3473000	50
NC_003197.2	3473000	3474000	49
NC_003197.2	3474000	3475000	50
NC_003197.2	3475000	3476000	59
NC_003197.2	3476000	3477000	52
NC_003197.2	3477000	3478000	53
NC_003197.2	3478000	3479000	55
NC_003197.2	3479000	3480000	55
NC_003197.2	3480000	3481000	55
NC_003197.2	3481000	3482000	54
NC_003197.2	3482000	3483000	52
NC_003197.2	3483000	3484000	53
NC_003197.2	3484000	3485000	54
NC_003197.2	3485000	3486000	52
NC_003197.2	3486000	3487000	53
NC_003197.2	3487000	3488000	53
NC_003197.2	3488000	3489000	52
NC_003197.2	3489000	3490000	56
NC_003197.2	3490000	3491000	52
NC_003197.2	3491000	3492000	54
NC_003197.2	3492000	3493000	49
NC_003197.2	3493000	3494000	54
NC_003197.2	3494000	3495000	51
NC_003197.2	3495000	3496000	58
NC_003197.2	3496000	3497000	57
NC_003197.2	3497000	3498000	59
NC_003197.2	3498000	3499000	58
NC_003197.2	3499000	3500000	55
NC_003197.2	3500000	3501000	50
NC_003197.2	3501000	3502000	51
NC_003197.2	3502000	3503000	56
NC_003197.2	3503000	3504000	55
NC_003197.2	3504000	3505000	55
NC_003197.2	3505000	3506000	60
NC_003197.2	3506000	3507000	57
NC_003197.2	3507000	3508000	55
NC_003197.2	3508000	3509000	54
NC_003197.2	3509000	3510000	49
NC_003197.2	3510000	3511000	54
NC_003197.2	3511000	3512000	47
NC_003197.2	3512000	3513000	48
NC_003197.2	3513000	3514000	52
NC_003197.2	3514000	3515000	52
NC_003197.2	3515000	3516000	53
NC_003197.2	3516000	3517000	53
NC_003197.2	3517000	3518000	55
NC_003197.2	3518000	3519000	56
NC_003197.2	3519000	3520000	65
NC_003197.2	3520000	3521000	64
NC_003197.2	3521000	3522000	63
NC_003197.2	3522000	3523000	47
NC_003197.2	3523000	3524000	52
NC_003197.2	3524000	3525000	53
NC_003197.2	3525000	3526000	45
NC_003197.2	3526000	3527000	51
NC_003197.2	3527000	3528000	47
NC_003197.2	3528000	3529000	44
NC_003197.2	3529000	3530000	47
NC_003197.2	3530000	3531000	52
NC_003197.2	3531000	3532000	53
NC_003197.2	3532000	3533000	55
NC_003197.2	3533000	3534000	50
NC_003197.2	3534000	3535000	54
NC_003197.2	3535000	3536000	57
NC_003197.2	3536000	3537000	55
NC_003197.2	3537000	3538000	54
NC_003197.2	3538000	3539000	57
NC_003197.2	3539000	3540000	56
NC_003197.2	3540000	3541000	53
NC_003197.2	3541000	3542000	53
NC_003197.2	3542000	3543000	59
NC_003197.2	3543000	3544000	56
NC_003197.2	3544000	3545000	52
NC_003197.2	3545000	3546000	53
NC_003197.2	3546000	3547000	51
NC_003197.2	3547000	3548000	56
NC_003197.2	3548000	3549000	50
NC_003197.2	3549000	3550000	48
NC_003197.2	3550000	3551000	53
NC_003197.2	3551000	3552000	54
NC_003197.2	3552000	3553000	55
NC_003197.2	3553000	3554000	54
NC_003197.2	3554000	3555000	54
NC_003197.2	3555000	3556000	48
NC_003197.2	3556000	3557000	47
NC_003197.2	3557000	3558000	43
NC_003197.2	3558000	3559000	58
NC_003197.2	3559000	3560000	51
NC_003197.2	3560000	3561000	38
NC_003197.2	3561000	3562000	52
NC_003197.2	3562000	3563000	53
NC_003197.2	3563000	3564000	49
NC_003197.2	3564000	3565000	52
NC_003197.2	3565000	3566000	47
NC_003197.2	3566000	3567000	48
NC_003197.2	3567000	3568000	52
NC_003197.2	3568000	3569000	53
NC_003197.2	3569000	3570000	52
NC_003197.2	3570000	3571000	50
NC_003197.2	3571000	3572000	55
NC_003197.2	3572000	3573000	47
NC_003197.2	3573000	3574000	51
NC_003197.2	3574000	3575000	51
NC_003197.2	3575000	3576000	50
NC_003197.2	3576000	3577000	53
NC_003197.2	3577000	3578000	53
NC_003197.2	3578000	3579000	52
NC_003197.2	3579000	3580000	55
NC_003197.2	3580000	3581000	52
NC_003197.2	3581000	3582000	43
NC_003197.2	3582000	3583000	49
NC_003197.2	3583000	3584000	52
NC_003197.2	3584000	3585000	51
NC_003197.2	3585000	3586000	49
NC_003197.2	3586000	3587000	49
NC_003197.2	3587000	3588000	51
NC_003197.2	3588000	3589000	52
NC_003197.2	3589000	3590000	51
NC_003197.2	3590000	3591000	47
NC_003197.2	3591000	3592000	49
NC_003197.2	3592000	3593000	52
NC_003197.2	3593000	3594000	49
NC_003197.2	3594000	3595000	51
NC_003197.2	3595000	3596000	53
NC_003197.2	3596000	3597000	49
NC_003197.2	3597000	3598000	48
NC_003197.2	3598000	3599000	49
NC_003197.2	3599000	3600000	52
NC_003197.2	3600000	3601000	51
NC_003197.2	3601000	3602000	51
NC_003197.2	3602000	3603000	48
NC_003197.2	3603000	3604000	54
NC_003197.2	3604000	3605000	47
NC_003197.2	3605000	3606000	49
NC_003197.2	3606000	3607000	53
NC_003197.2	3607000	3608000	52
NC_003197.2	3608000	3609000	55
NC_003197.2	3609000	3610000	52
NC_003197.2	3610000	3611000	58
NC_003197.2	3611000	3612000	57
NC_003197.2	3612000	3613000	50
NC_003197.2	3613000	3614000	53
NC_003197.2	3614000	3615000	54
NC_003197.2	3615000	3616000	49
NC_003197.2	3616000	3617000	54
NC_003197.2	3617000	3618000	54
NC_003197.2	3618000	3619000	57
NC_003197.2	3619000	3620000	52
NC_003197.2	3620000	3621000	55
NC_003197.2	3621000	3622000	48
NC_003197.2	3622000	3623000	54
NC_003197.2	3623000	3624000	52
NC_003197.2	3624000	3625000	58
NC_003197.2	3625000	3626000	56
NC_003197.2	3626000	3627000	53
NC_003197.2	3627000	3628000	57
NC_003197.2	3628000	3629000	52
NC_003197.2	3629000	3630000	53
NC_003197.2	3630000	3631000	60
NC_003197.2	3631000	3632000	53
NC_003197.2	3632000	3633000	58
NC_003197.2	3633000	3634000	58
NC_003197.2	3634000	3635000	57
NC_003197.2	3635000	3636000	42
NC_003197.2	3636000	3637000	50
NC_003197.2	3637000	3638000	55
NC_003197.2	3638000	3639000	53
NC_003197.2	3639000	3640000	49
NC_003197.2	3640000	3641000	59
NC_003197.2	3641000	3642000	54
NC_003197.2	3642000	3643000	49
NC_003197.2	3643000	3644000	53
NC_003197.2	3644000	3645000	57
NC_003197.2	3645000	3646000	60
NC_003197.2	3646000	3647000	53
NC_003197.2	3647000	3648000	56
NC_003197.2	3648000	3649000	58
NC_003197.2	3649000	3650000	51
NC_003197.2	3650000	3651000	53
NC_003197.2	3651000	3652000	53
NC_003197.2	3652000	3653000	55
NC_003197.2	3653000	3654000	56
NC_003197.2	3654000	3655000	53
NC_003197.2	3655000	3656000	56
NC_003197.2	3656000	3657000	46
NC_003197.2	3657000	3658000	54
NC_003197.2	3658000	3659000	57
NC_003197.2	3659000	3660000	57
NC_003197.2	3660000	3661000	49
NC_003197.2	3661000	3662000	54
NC_003197.2	3662000	3663000	60
NC_003197.2	3663000	3664000	49
NC_003197.2	3664000	3665000	55
NC_003197.2	3665000	3666000	55
NC_003197.2	3666000	3667000	55
NC_003197.2	3667000	3668000	53
NC_003197.2	3668000	3669000	57
NC_003197.2	3669000	3670000	54
NC_003197.2	3670000	3671000	53
NC_003197.2	3671000	3672000	55
NC_003197.2	3672000	3673000	58
NC_003197.2	3673000	3674000	58
NC_003197.2	3674000	3675000	53
NC_003197.2	3675000	3676000	57
NC_003197.2	3676000	3677000	47
NC_003197.2	3677000	3678000	55
NC_003197.2	3678000	3679000	56
NC_003197.2	3679000	3680000	50
NC_003197.2	3680000	3681000	56
NC_003197.2	3681000	3682000	57
NC_003197.2	3682000	3683000	53
NC_003197.2	3683000	3684000	60
NC_003197.2	3684000	3685000	54
NC_003197.2	3685000	3686000	59
NC_003197.2	3686000	3687000	58
NC_003197.2	3687000	3688000	54
NC_003197.2	3688000	3689000	50
NC_003197.2	3689000	3690000	55
NC_003197.2	3690000	3691000	51
NC_003197.2	3691000	3692000	51
NC_003197.2	3692000	3693000	51
NC_003197.2	3693000	3694000	48
NC_003197.2	3694000	3695000	52
NC_003197.2	3695000	3696000	57
NC_003197.2	3696000	3697000	51
NC_003197.2	3697000	3698000	47
NC_003197.2	3698000	3699000	49
NC_003197.2	3699000	3700000	52
NC_003197.2	3700000	3701000	53
NC_003197.2	3701000	3702000	55
NC_003197.2	3702000	3703000	55
NC_003197.2	3703000	3704000	53
NC_003197.2	3704000	3705000	55
NC_003197.2	3705000	3706000	58
NC_003197.2	3706000	3707000	56
NC_003197.2	3707000	3708000	55
NC_003197.2	3708000	3709000	53
NC_003197.2	3709000	3710000	53
NC_003197.2	3710000	3711000	56
NC_003197.2	3711000	3712000	56
NC_003197.2	3712000	3713000	55
NC_003197.2	3713000	3714000	54
NC_003197.2	3714000	3715000	50
NC_003197.2	3715000	3716000	50
NC_003197.2	3716000	3717000	40
NC_003197.2	3717000	3718000	42
NC_003197.2	3718000	3719000	48
NC_003197.2	3719000	3720000	51
NC_003197.2	3720000	3721000	52
NC_003197.2	3721000	3722000	55
NC_003197.2	3722000	3723000	54
NC_003197.2	3723000	3724000	60
NC_003197.2	3724000	3725000	56
NC_003197.2	3725000	3726000	53
NC_003197.2	3726000	3727000	53
NC_003197.2	3727000	3728000	52
NC_003197.2	3728000	3729000	55
NC_003197.2	3729000	3730000	58
NC_003197.2	3730000	3731000	58
NC_003197.2	3731000	3732000	56
NC_003197.2	3732000	3733000	54
NC_003197.2	3733000	3734000	44
NC_003197.2	3734000	3735000	56
NC_003197.2	3735000	3736000	51
NC_003197.2	3736000	3737000	52
NC_003197.2	3737000	3738000	57
NC_003197.2	3738000	3739000	56
NC_003197.2	3739000	3740000	56
NC_003197.2	3740000	3741000	53
NC_003197.2	3741000	3742000	52
NC_003197.2	3742000	3743000	56
NC_003197.2	3743000	3744000	62
NC_003197.2	3744000	3745000	54
NC_003197.2	3745000	3746000	54
NC_003197.2	3746000	3747000	54
NC_003197.2	3747000	3748000	52
NC_003197.2	3748000	3749000	57
NC_003197.2	3749000	3750000	51
NC_003197.2	3750000	3751000	54
NC_003197.2	3751000	3752000	56
NC_003197.2	3752000	3753000	54
NC_003197.2	3753000	3754000	56
NC_003197.2	3754000	3755000	59
NC_003197.2	3755000	3756000	59
NC_003197.2	3756000	3757000	59
NC_003197.2	3757000	3758000	56
NC_003197.2	3758000	3759000	50
NC_003197.2	3759000	3760000	55
NC_003197.2	3760000	3761000	49
NC_003197.2	3761000	3762000	49
NC_003197.2	3762000	3763000	52
NC_003197.2	3763000	3764000	59
NC_003197.2	3764000	3765000	54
NC_003197.2	3765000	3766000	57
NC_003197.2	3766000	3767000	55
NC_003197.2	3767000	3768000	52
NC_003197.2	3768000	3769000	55
NC_003197.2	3769000	3770000	56
NC_003197.2	3770000	3771000	51
NC_003197.2	3771000	3772000	49
NC_003197.2	3772000	3773000	47
NC_003197.2	3773000	3774000	49
NC_003197.2	3774000	3775000	46
NC_003197.2	3775000	3776000	49
NC_003197.2	3776000	3777000	57
NC_003197.2	3777000	3778000	58
NC_003197.2	3778000	3779000	50
NC_003197.2	3779000	3780000	50
NC_003197.2	3780000	3781000	44
NC_003197.2	3781000	3782000	52
NC_003197.2	3782000	3783000	49
NC_003197.2	3783000	3784000	57
NC_003197.2	3784000	3785000	56
NC_003197.2	3785000	3786000	54
NC_003197.2	3786000	3787000	54
NC_003197.2	3787000	3788000	51
NC_003197.2	3788000	3789000	56
NC_003197.2	3789000	3790000	54
NC_003197.2	3790000	3791000	53
NC_003197.2	3791000	3792000	49
NC_003197.2	3792000	3793000	56
NC_003197.2	3793000	3794000	53
NC_003197.2	3794000	3795000	57
NC_003197.2	3795000	3796000	62
NC_003197.2	3796000	3797000	60
NC_003197.2	3797000	3798000	58
NC_003197.2	3798000	3799000	59
NC_003197.2	3799000	3800000	53
NC_003197.2	3800000	3801000	57
NC_003197.2	3801000	3802000	54
NC_003197.2	3802000	3803000	54
NC_003197.2	3803000	3804000	59
NC_003197.2	3804000	3805000	48
NC_003197.2	3805000	3806000	53
NC_003197.2	3806000	3807000	53
NC_003197.2	3807000	3808000	55
NC_003197.2	3808000	3809000	53
NC_003197.2	3809000	3810000	44
NC_003197.2	3810000	3811000	54
NC_003197.2	3811000	3812000	57
NC_003197.2	3812000	3813000	58
NC_003197.2	3813000	3814000	58
NC_003197.2	3814000	3815000	52
NC_003197.2	3815000	3816000	52
NC_003197.2	3816000	3817000	46
NC_003197.2	3817000	3818000	53
NC_003197.2	3818000	3819000	58
NC_003197.2	3819000	3820000	56
NC_003197.2	3820000	3821000	55
NC_003197.2	3821000	3822000	53
NC_003197.2	3822000	3823000	49
NC_003197.2	3823000	3824000	45
NC_003197.2	3824000	3825000	57
NC_003197.2	3825000	3826000	52
NC_003197.2	3826000	3827000	52
NC_003197.2	3827000	3828000	44
NC_003197.2	3828000	3829000	45
NC_003197.2	3829000	3830000	51
NC_003197.2	3830000	3831000	57
NC_003197.2	3831000	3832000	57
NC_003197.2	3832000	3833000	54
NC_003197.2	3833000	3834000	57
NC_003197.2	3834000	3835000	56
NC_003197.2	3835000	3836000	48
NC_003197.2	3836000	3837000	47
NC_003197.2	3837000	3838000	43
NC_003197.2	3838000	3839000	45
NC_003197.2	3839000	3840000	42
NC_003197.2	3840000	3841000	58
NC_003197.2	3841000	3842000	57
NC_003197.2	3842000	3843000	53
NC_003197.2	3843000	3844000	47
NC_003197.2	3844000	3845000	47
NC_003197.2	3845000	3846000	59
NC_003197.2	3846000	3847000	55
NC_003197.2	3847000	3848000	50
NC_003197.2	3848000	3849000	51
NC_003197.2	3849000	3850000	52
NC_003197.2	3850000	3851000	49
NC_003197.2	3851000	3852000	54
NC_003197.2	3852000	3853000	55
NC_003197.2	3853000	3854000	53
NC_003197.2	3854000	3855000	55
NC_003197.2	3855000	3856000	51
NC_003197.2	3856000	3857000	53
NC_003197.2	3857000	3858000	51
NC_003197.2	3858000	3859000	48
NC_003197.2	3859000	3860000	50
NC_003197.2	3860000	3861000	50
NC_003197.2	3861000	3862000	60
NC_003197.2	3862000	3863000	62
NC_003197.2	3863000	3864000	57
NC_003197.2	3864000	3865000	57
NC_003197.2	3865000	3866000	49
NC_003197.2	3866000	3867000	57
NC_003197.2	3867000	3868000	56
NC_003197.2	3868000	3869000	56
NC_003197.2	3869000	3870000	51
NC_003197.2	3870000	3871000	52
NC_003197.2	3871000	3872000	58
NC_003197.2	3872000	3873000	58
NC_003197.2	3873000	3874000	60
NC_003197.2	3874000	3875000	51
NC_003197.2	3875000	3876000	50
NC_003197.2	3876000	3877000	56
NC_003197.2	3877000	3878000	53
NC_003197.2	3878000	3879000	54
NC_003197.2	3879000	3880000	48
NC_003197.2	3880000	3881000	36
NC_003197.2	3881000	3882000	49
NC_003197.2	3882000	3883000	53
NC_003197.2	3883000	3884000	51
NC_003197.2	3884000	3885000	53
NC_003197.2	3885000	3886000	50
NC_003197.2	3886000	3887000	58
NC_003197.2	3887000	3888000	57
NC_003197.2	3888000	3889000	58
NC_003197.2	3889000	3890000	58
NC_003197.2	3890000	3891000	55
NC_003197.2	3891000	3892000	50
NC_003197.2	3892000	3893000	51
NC_003197.2	3893000	3894000	48
NC_003197.2	3894000	3895000	55
NC_003197.2	3895000	3896000	57
NC_003197.2	3896000	3897000	50
NC_003197.2	3897000	3898000	50
NC_003197.2	3898000	3899000	55
NC_003197.2	3899000	3900000	56
NC_003197.2	3900000	3901000	58
NC_003197.2	3901000	3902000	51
NC_003197.2	3902000	3903000	45
NC_003197.2	3903000	3904000	54
NC_003197.2	3904000	3905000	56
NC_003197.2	3905000	3906000	47
NC_003197.2	3906000	3907000	57
NC_003197.2	3907000	3908000	57
NC_003197.2	3908000	3909000	41
NC_003197.2	3909000	3910000	43
NC_003197.2	3910000	3911000	36
NC_003197.2	3911000	3912000	37
NC_003197.2	3912000	3913000	34
NC_003197.2	3913000	3914000	34
NC_003197.2	3914000	3915000	40
NC_003197.2	3915000	3916000	35
NC_003197.2	3916000	3917000	47
NC_003197.2	3917000	3918000	48
NC_003197.2	3918000	3919000	47
NC_003197.2	3919000	3920000	50
NC_003197.2	3920000	3921000	54
NC_003197.2	3921000	3922000	54
NC_003197.2	3922000	3923000	48
NC_003197.2	3923000	3924000	57
NC_003197.2	3924000	3925000	53
NC_003197.2	3925000	3926000	52
NC_003197.2	3926000	3927000	52
NC_003197.2	3927000	3928000	54
NC_003197.2	3928000	3929000	52
NC_003197.2	3929000	3930000	51
NC_003197.2	3930000	3931000	46
NC_003197.2	3931000	3932000	55
NC_003197.2	3932000	3933000	53
NC_003197.2	3933000	3934000	49
NC_003197.2	3934000	3935000	51
NC_003197.2	3935000	3936000	56
NC_003197.2	3936000	3937000	54
NC_003197.2	3937000	3938000	59
NC_003197.2	3938000	3939000	57
NC_003197.2	3939000	3940000	55
NC_003197.2	3940000	3941000	57
NC_003197.2	3941000	3942000	52
NC_003197.2	3942000	3943000	55
NC_003197.2	3943000	3944000	55
NC_003197.2	3944000	3945000	57
NC_003197.2	3945000	3946000	57
NC_003197.2	3946000	3947000	54
NC_003197.2	3947000	3948000	56
NC_003197.2	3948000	3949000	46
NC_003197.2	3949000	3950000	39
NC_003197.2	3950000	3951000	49
NC_003197.2	3951000	3952000	49
NC_003197.2	3952000	3953000	49
NC_003197.2	3953000	3954000	38
NC_003197.2	3954000	3955000	40
NC_003197.2	3955000	3956000	55
NC_003197.2	3956000	3957000	52
NC_003197.2	3957000	3958000	48
NC_003197.2	3958000	3959000	46
NC_003197.2	3959000	3960000	38
NC_003197.2	3960000	3961000	51
NC_003197.2	3961000	3962000	48
NC_003197.2	3962000	3963000	52
NC_003197.2	3963000	3964000	54
NC_003197.2	3964000	3965000	47
NC_003197.2	3965000	3966000	45
NC_003197.2	3966000	3967000	53
NC_003197.2	3967000	3968000	51
NC_003197.2	3968000	3969000	59
NC_003197.2	3969000	3970000	57
NC_003197.2	3970000	3971000	55
NC_003197.2	3971000	3972000	52
NC_003197.2	3972000	3973000	55
NC_003197.2	3973000	3974000	55
NC_003197.2	3974000	3975000	55
NC_003197.2	3975000	3976000	53
NC_003197.2	3976000	3977000	56
NC_003197.2	3977000	3978000	53
NC_003197.2	3978000	3979000	51
NC_003197.2	3979000	3980000	44
NC_003197.2	3980000	3981000	44
NC_003197.2	3981000	3982000	49
NC_003197.2	3982000	3983000	45
NC_003197.2	3983000	3984000	45
NC_003197.2	3984000	3985000	42
NC_003197.2	3985000	3986000	47
NC_003197.2	3986000	3987000	53
NC_003197.2	3987000	3988000	56
NC_003197.2	3988000	3989000	59
NC_003197.2	3989000	3990000	61
NC_003197.2	3990000	3991000	60
NC_003197.2	3991000	3992000	56
NC_003197.2	3992000	3993000	54
NC_003197.2	3993000	3994000	48
NC_003197.2	3994000	3995000	44
NC_003197.2	3995000	3996000	51
NC_003197.2	3996000	3997000	55
NC_003197.2	3997000	3998000	55
NC_003197.2	3998000	3999000	53
NC_003197.2	3999000	4000000	54
NC_003197.2	4000000	4001000	60
NC_003197.2	4001000	4002000	55
NC_003197.2	4002000	4003000	51
NC_003197.2	4003000	4004000	53
NC_003197.2	4004000	4005000	55
NC_003197.2	4005000	4006000	57
NC_003197.2	4006000	4007000	52
NC_003197.2	4007000	4008000	51
NC_003197.2	4008000	4009000	55
NC_003197.2	4009000	4010000	51
NC_003197.2	4010000	4011000	48
NC_003197.2	4011000	4012000	58
NC_003197.2	4012000	4013000	66
NC_003197.2	4013000	4014000	63
NC_003197.2	4014000	4015000	67
NC_003197.2	4015000	4016000	67
NC_003197.2	4016000	4017000	66
NC_003197.2	4017000	4018000	68
NC_003197.2	4018000	4019000	62
NC_003197.2	4019000	4020000	48
NC_003197.2	4020000	4021000	46
NC_003197.2	4021000	4022000	55
NC_003197.2	4022000	4023000	55
NC_003197.2	4023000	4024000	56
NC_003197.2	4024000	4025000	53
NC_003197.2	4025000	4026000	55
NC_003197.2	4026000	4027000	54
NC_003197.2	4027000	4028000	53
NC_003197.2	4028000	4029000	53
NC_003197.2	4029000	4030000	53
NC_003197.2	4030000	4031000	54
NC_003197.2	4031000	4032000	56
NC_003197.2	4032000	4033000	56
NC_003197.2	4033000	4034000	54
NC_003197.2	4034000	4035000	49
NC_003197.2	4035000	4036000	44
NC_003197.2	4036000	4037000	49
NC_003197.2	4037000	4038000	54
NC_003197.2	4038000	4039000	53
NC_003197.2	4039000	4040000	56
NC_003197.2	4040000	4041000	55
NC_003197.2	4041000	4042000	54
NC_003197.2	4042000	4043000	54
NC_003197.2	4043000	4044000	55
NC_003197.2	4044000	4045000	53
NC_003197.2	4045000	4046000	48
NC_003197.2	4046000	4047000	55
NC_003197.2	4047000	4048000	53
NC_003197.2	4048000	4049000	58
NC_003197.2	4049000	4050000	52
NC_003197.2	4050000	4051000	52
NC_003197.2	4051000	4052000	34
NC_003197.2	4052000	4053000	30
NC_003197.2	4053000	4054000	41
NC_003197.2	4054000	4055000	55
NC_003197.2	4055000	4056000	55
NC_003197.2	4056000	4057000	50
NC_003197.2	4057000	4058000	54
NC_003197.2	4058000	4059000	57
NC_003197.2	4059000	4060000	52
NC_003197.2	4060000	4061000	54
NC_003197.2	4061000	4062000	52
NC_003197.2	4062000	4063000	57
NC_003197.2	4063000	4064000	52
NC_003197.2	4064000	4065000	53
NC_003197.2	4065000	4066000	55
NC_003197.2	4066000	4067000	53
NC_003197.2	4067000	4068000	53
NC_003197.2	4068000	4069000	56
NC_003197.2	4069000	4070000	54
NC_003197.2	4070000	4071000	53
NC_003197.2	4071000	4072000	52
NC_003197.2	4072000	4073000	47
NC_003197.2	4073000	4074000	50
NC_003197.2	4074000	4075000	55
NC_003197.2	4075000	4076000	54
NC_003197.2	4076000	4077000	53
NC_003197.2	4077000	4078000	56
NC_003197.2	4078000	4079000	53
NC_003197.2	4079000	4080000	50
NC_003197.2	4080000	4081000	44
NC_003197.2	4081000	4082000	48
NC_003197.2	4082000	4083000	55
NC_003197.2	4083000	4084000	53
NC_003197.2	4084000	4085000	49
NC_003197.2	4085000	4086000	51
NC_003197.2	4086000	4087000	57
NC_003197.2	4087000	4088000	55
NC_003197.2	4088000	4089000	52
NC_003197.2	4089000	4090000	49
NC_003197.2	4090000	4091000	53
NC_003197.2	4091000	4092000	53
NC_003197.2	4092000	4093000	52
NC_003197.2	4093000	4094000	55
NC_003197.2	4094000	4095000	54
NC_003197.2	4095000	4096000	53
NC_003197.2	4096000	4097000	54
NC_003197.2	4097000	4098000	52
NC_003197.2	4098000	4099000	52
NC_003197.2	4099000	4100000	50
NC_003197.2	4100000	4101000	52
NC_003197.2	4101000	4102000	50
NC_003197.2	4102000	4103000	52
NC_003197.2	4103000	4104000	52
NC_003197.2	4104000	4105000	54
NC_003197.2	4105000	4106000	49
NC_003197.2	4106000	4107000	49
NC_003197.2	4107000	4108000	53
NC_003197.2	4108000	4109000	46
NC_003197.2	4109000	4110000	57
NC_003197.2	4110000	4111000	52
NC_003197.2	4111000	4112000	53
NC_003197.2	4112000	4113000	57
NC_003197.2	4113000	4114000	58
NC_003197.2	4114000	4115000	57
NC_003197.2	4115000	4116000	48
NC_003197.2	4116000	4117000	54
NC_003197.2	4117000	4118000	56
NC_003197.2	4118000	4119000	54
NC_003197.2	4119000	4120000	51
NC_003197.2	4120000	4121000	52
NC_003197.2	4121000	4122000	52
NC_003197.2	4122000	4123000	56
NC_003197.2	4123000	4124000	55
NC_003197.2	4124000	4125000	50
NC_003197.2	4125000	4126000	47
NC_003197.2	4126000	4127000	53
NC_003197.2	4127000	4128000	45
NC_003197.2	4128000	4129000	51
NC_003197.2	4129000	4130000	52
NC_003197.2	4130000	4131000	55
NC_003197.2	4131000	4132000	56
NC_003197.2	4132000	4133000	55
NC_003197.2	4133000	4134000	57
NC_003197.2	4134000	4135000	54
NC_003197.2	4135000	4136000	56
NC_003197.2	4136000	4137000	54
NC_003197.2	4137000	4138000	52
NC_003197.2	4138000	4139000	54
NC_003197.2	4139000	4140000	50
NC_003197.2	4140000	4141000	54
NC_003197.2	4141000	4142000	50
NC_003197.2	4142000	4143000	58
NC_003197.2	4143000	4144000	54
NC_003197.2	4144000	4145000	56
NC_003197.2	4145000	4146000	59
NC_003197.2	4146000	4147000	51
NC_003197.2	4147000	4148000	54
NC_003197.2	4148000	4149000	53
NC_003197.2	4149000	4150000	39
NC_003197.2	4150000	4151000	46
NC_003197.2	4151000	4152000	49
NC_003197.2	4152000	4153000	54
NC_003197.2	4153000	4154000	57
NC_003197.2	4154000	4155000	56
NC_003197.2	4155000	4156000	55
NC_003197.2	4156000	4157000	57
NC_003197.2	4157000	4158000	55
NC_003197.2	4158000	4159000	52
NC_003197.2	4159000	4160000	37
NC_003197.2	4160000	4161000	51
NC_003197.2	4161000	4162000	50
NC_003197.2	4162000	4163000	52
NC_003197.2	4163000	4164000	53
NC_003197.2	4164000	4165000	54
NC_003197.2	4165000	4166000	54
NC_003197.2	4166000	4167000	54
NC_003197.2	4167000	4168000	52
NC_003197.2	4168000	4169000	57
NC_003197.2	4169000	4170000	53
NC_003197.2	4170000	4171000	57
NC_003197.2	4171000	4172000	58
NC_003197.2	4172000	4173000	52
NC_003197.2	4173000	4174000	55
NC_003197.2	4174000	4175000	52
NC_003197.2	4175000	4176000	55
NC_003197.2	4176000	4177000	54
NC_003197.2	4177000	4178000	48
NC_003197.2	4178000	4179000	53
NC_003197.2	4179000	4180000	49
NC_003197.2	4180000	4181000	48
NC_003197.2	4181000	4182000	52
NC_003197.2	4182000	4183000	53
NC_003197.2	4183000	4184000	50
NC_003197.2	4184000	4185000	54
NC_003197.2	4185000	4186000	50
NC_003197.2	4186000	4187000	39
NC_003197.2	4187000	4188000	50
NC_003197.2	4188000	4189000	57
NC_003197.2	4189000	4190000	57
NC_003197.2	4190000	4191000	53
NC_003197.2	4191000	4192000	51
NC_003197.2	4192000	4193000	55
NC_003197.2	4193000	4194000	52
NC_003197.2	4194000	4195000	54
NC_003197.2	4195000	4196000	49
NC_003197.2	4196000	4197000	53
NC_003197.2	4197000	4198000	50
NC_003197.2	4198000	4199000	50
NC_003197.2	4199000	4200000	53
NC_003197.2	4200000	4201000	54
NC_003197.2	4201000	4202000	53
NC_003197.2	4202000	4203000	52
NC_003197.2	4203000	4204000	49
NC_003197.2	4204000	4205000	47
NC_003197.2	4205000	4206000	44
NC_003197.2	4206000	4207000	51
NC_003197.2	4207000	4208000	53
NC_003197.2	4208000	4209000	53
NC_003197.2	4209000	4210000	49
NC_003197.2	4210000	4211000	48
NC_003197.2	4211000	4212000	52
NC_003197.2	4212000	4213000	53
NC_003197.2	4213000	4214000	57
NC_003197.2	4214000	4215000	57
NC_003197.2	4215000	4216000	53
NC_003197.2	4216000	4217000	55
NC_003197.2	4217000	4218000	50
NC_003197.2	4218000	4219000	54
NC_003197.2	4219000	4220000	48
NC_003197.2	4220000	4221000	50
NC_003197.2	4221000	4222000	47
NC_003197.2	4222000	4223000	45
NC_003197.2	4223000	4224000	50
NC_003197.2	4224000	4225000	48
NC_003197.2	4225000	4226000	39
NC_003197.2	4226000	4227000	49
NC_003197.2	4227000	4228000	51
NC_003197.2	4228000	4229000	53
NC_003197.2	4229000	4230000	56
NC_003197.2	4230000	4231000	52
NC_003197.2	4231000	4232000	54
NC_003197.2	4232000	4233000	54
NC_003197.2	4233000	4234000	55
NC_003197.2	4234000	4235000	51
NC_003197.2	4235000	4236000	55
NC_003197.2	4236000	4237000	51
NC_003197.2	4237000	4238000	51
NC_003197.2	4238000	4239000	53
NC_003197.2	4239000	4240000	52
NC_003197.2	4240000	4241000	48
NC_003197.2	4241000	4242000	46
NC_003197.2	4242000	4243000	55
NC_003197.2	4243000	4244000	54
NC_003197.2	4244000	4245000	56
NC_003197.2	4245000	4246000	58
NC_003197.2	4246000	4247000	52
NC_003197.2	4247000	4248000	56
NC_003197.2	4248000	4249000	52
NC_003197.2	4249000	4250000	45
NC_003197.2	4250000	4251000	42
NC_003197.2	4251000	4252000	45
NC_003197.2	4252000	4253000	54
NC_003197.2	4253000	4254000	58
NC_003197.2	4254000	4255000	56
NC_003197.2	4255000	4256000	55
NC_003197.2	4256000	4257000	57
NC_003197.2	4257000	4258000	56
NC_003197.2	4258000	4259000	53
NC_003197.2	4259000	4260000	52
NC_003197.2	4260000	4261000	50
NC_003197.2	4261000	4262000	52
NC_003197.2	4262000	4263000	36
NC_003197.2	4263000	4264000	45
NC_003197.2	4264000	4265000	54
NC_003197.2	4265000	4266000	52
NC_003197.2	4266000	4267000	48
NC_003197.2	4267000	4268000	55
NC_003197.2	4268000	4269000	57
NC_003197.2	4269000	4270000	55
NC_003197.2	4270000	4271000	53
NC_003197.2	4271000	4272000	50
NC_003197.2	4272000	4273000	50
NC_003197.2	4273000	4274000	51
NC_003197.2	4274000	4275000	51
NC_003197.2	4275000	4276000	48
NC_003197.2	4276000	4277000	50
NC_003197.2	4277000	4278000	58
NC_003197.2	4278000	4279000	56
NC_003197.2	4279000	4280000	52
NC_003197.2	4280000	4281000	52
NC_003197.2	4281000	4282000	55
NC_003197.2	4282000	4283000	48
NC_003197.2	4283000	4284000	45
NC_003197.2	4284000	4285000	52
NC_003197.2	4285000	4286000	53
NC_003197.2	4286000	4287000	49
NC_003197.2	4287000	4288000	50
NC_003197.2	4288000	4289000	46
NC_003197.2	4289000	4290000	49
NC_003197.2	4290000	4291000	53
NC_003197.2	4291000	4292000	49
NC_003197.2	4292000	4293000	56
NC_003197.2	4293000	4294000	56
NC_003197.2	4294000	4295000	59
NC_003197.2	4295000	4296000	53
NC_003197.2	4296000	4297000	48
NC_003197.2	4297000	4298000	53
NC_003197.2	4298000	4299000	52
NC_003197.2	4299000	4300000	52
NC_003197.2	4300000	4301000	54
NC_003197.2	4301000	4302000	58
NC_003197.2	4302000	4303000	53
NC_003197.2	4303000	4304000	54
NC_003197.2	4304000	4305000	60
NC_003197.2	4305000	4306000	54
NC_003197.2	4306000	4307000	47
NC_003197.2	4307000	4308000	49
NC_003197.2	4308000	4309000	40
NC_003197.2	4309000	4310000	50
NC_003197.2	4310000	4311000	55
NC_003197.2	4311000	4312000	59
NC_003197.2	4312000	4313000	58
NC_003197.2	4313000	4314000	51
NC_003197.2	4314000	4315000	46
NC_003197.2	4315000	4316000	43
NC_003197.2	4316000	4317000	49
NC_003197.2	4317000	4318000	51
NC_003197.2	4318000	4319000	53
NC_003197.2	4319000	4320000	50
NC_003197.2	4320000	4321000	57
NC_003197.2	4321000	4322000	56
NC_003197.2	4322000	4323000	51
NC_003197.2	4323000	4324000	56
NC_003197.2	4324000	4325000	58
NC_003197.2	4325000	4326000	57
NC_003197.2	4326000	4327000	57
NC_003197.2	4327000	4328000	52
NC_003197.2	4328000	4329000	54
NC_003197.2	4329000	4330000	56
NC_003197.2	4330000	4331000	54
NC_003197.2	4331000	4332000	55
NC_003197.2	4332000	4333000	55
NC_003197.2	4333000	4334000	53
NC_003197.2	4334000	4335000	53
NC_003197.2	4335000	4336000	53
NC_003197.2	4336000	4337000	59
NC_003197.2	4337000	4338000	53
NC_003197.2	4338000	4339000	52
NC_003197.2	4339000	4340000	49
NC_003197.2	4340000	4341000	56
NC_003197.2	4341000	4342000	56
NC_003197.2	4342000	4343000	56
NC_003197.2	4343000	4344000	55
NC_003197.2	4344000	4345000	53
NC_003197.2	4345000	4346000	51
NC_003197.2	4346000	4347000	51
NC_003197.2	4347000	4348000	52
NC_003197.2	4348000	4349000	54
NC_003197.2	4349000	4350000	49
NC_003197.2	4350000	4351000	53
NC_003197.2	4351000	4352000	52
NC_003197.2	4352000	4353000	51
NC_003197.2	4353000	4354000	50
NC_003197.2	4354000	4355000	54
NC_003197.2	4355000	4356000	54
NC_003197.2	4356000	4357000	53
NC_003197.2	4357000	4358000	51
NC_003197.2	4358000	4359000	47
NC_003197.2	4359000	4360000	46
NC_003197.2	4360000	4361000	52
NC_003197.2	4361000	4362000	51
NC_003197.2	4362000	4363000	54
NC_003197.2	4363000	4364000	52
NC_003197.2	4364000	4365000	49
NC_003197.2	4365000	4366000	46
NC_003197.2	4366000	4367000	52
NC_003197.2	4367000	4368000	55
NC_003197.2	4368000	4369000	55
NC_003197.2	4369000	4370000	54
NC_003197.2	4370000	4371000	53
NC_003197.2	4371000	4372000	53
NC_003197.2	4372000	4373000	55
NC_003197.2	4373000	4374000	54
NC_003197.2	4374000	4375000	40
NC_003197.2	4375000	4376000	31
NC_003197.2	4376000	4377000	40
NC_003197.2	4377000	4378000	53
NC_003197.2	4378000	4379000	60
NC_003197.2	4379000	4380000	59
NC_003197.2	4380000	4381000	58
NC_003197.2	4381000	4382000	58
NC_003197.2	4382000	4383000	52
NC_003197.2	4383000	4384000	52
NC_003197.2	4384000	4385000	57
NC_003197.2	4385000	4386000	57
NC_003197.2	4386000	4387000	48
NC_003197.2	4387000	4388000	55
NC_003197.2	4388000	4389000	54
NC_003197.2	4389000	4390000	53
NC_003197.2	4390000	4391000	56
NC_003197.2	4391000	4392000	60
NC_003197.2	4392000	4393000	59
NC_003197.2	4393000	4394000	56
NC_003197.2	4394000	4395000	48
NC_003197.2	4395000	4396000	54
NC_003197.2	4396000	4397000	50
NC_003197.2	4397000	4398000	52
NC_003197.2	4398000	4399000	53
NC_003197.2	4399000	4400000	53
NC_003197.2	4400000	4401000	50
NC_003197.2	4401000	4402000	45
NC_003197.2	4402000	4403000	49
NC_003197.2	4403000	4404000	55
NC_003197.2	4404000	4405000	56
NC_003197.2	4405000	4406000	54
NC_003197.2	4406000	4407000	53
NC_003197.2	4407000	4408000	58
NC_003197.2	4408000	4409000	54
NC_003197.2	4409000	4410000	58
NC_003197.2	4410000	4411000	57
NC_003197.2	4411000	4412000	57
NC_003197.2	4412000	4413000	54
NC_003197.2	4413000	4414000	55
NC_003197.2	4414000	4415000	53
NC_003197.2	4415000	4416000	46
NC_003197.2	4416000	4417000	54
NC_003197.2	4417000	4418000	52
NC_003197.2	4418000	4419000	35
NC_003197.2	4419000	4420000	47
NC_003197.2	4420000	4421000	46
NC_003197.2	4421000	4422000	59
NC_003197.2	4422000	4423000	49
NC_003197.2	4423000	4424000	59
NC_003197.2	4424000	4425000	47
NC_003197.2	4425000	4426000	42
NC_003197.2	4426000	4427000	43
NC_003197.2	4427000	4428000	49
NC_003197.2	4428000	4429000	57
NC_003197.2	4429000	4430000	56
NC_003197.2	4430000	4431000	58
NC_003197.2	4431000	4432000	57
NC_003197.2	4432000	4433000	57
NC_003197.2	4433000	4434000	49
NC_003197.2	4434000	4435000	55
NC_003197.2	4435000	4436000	51
NC_003197.2	4436000	4437000	49
NC_003197.2	4437000	4438000	43
NC_003197.2	4438000	4439000	53
NC_003197.2	4439000	4440000	55
NC_003197.2	4440000	4441000	51
NC_003197.2	4441000	4442000	50
NC_003197.2	4442000	4443000	51
NC_003197.2	4443000	4444000	58
NC_003197.2	4444000	4445000	53
NC_003197.2	4445000	4446000	55
NC_003197.2	4446000	4447000	48
NC_003197.2	4447000	4448000	55
NC_003197.2	4448000	4449000	53
NC_003197.2	4449000	4450000	53
NC_003197.2	4450000	4451000	52
NC_003197.2	4451000	4452000	58
NC_003197.2	4452000	4453000	51
NC_003197.2	4453000	4454000	53
NC_003197.2	4454000	4455000	53
NC_003197.2	4455000	4456000	54
NC_003197.2	4456000	4457000	53
NC_003197.2	4457000	4458000	55
NC_003197.2	4458000	4459000	51
NC_003197.2	4459000	4460000	52
NC_003197.2	4460000	4461000	57
NC_003197.2	4461000	4462000	51
NC_003197.2	4462000	4463000	51
NC_003197.2	4463000	4464000	51
NC_003197.2	4464000	4465000	54
NC_003197.2	4465000	4466000	51
NC_003197.2	4466000	4467000	57
NC_003197.2	4467000	4468000	53
NC_003197.2	4468000	4469000	58
NC_003197.2	4469000	4470000	54
NC_003197.2	4470000	4471000	52
NC_003197.2	4471000	4472000	50
NC_003197.2	4472000	4473000	54
NC_003197.2	4473000	4474000	58
NC_003197.2	4474000	4475000	56
NC_003197.2	4475000	4476000	56
NC_003197.2	4476000	4477000	51
NC_003197.2	4477000	4478000	30
NC_003197.2	4478000	4479000	36
NC_003197.2	4479000	4480000	37
NC_003197.2	4480000	4481000	37
NC_003197.2	4481000	4482000	32
NC_003197.2	4482000	4483000	38
NC_003197.2	4483000	4484000	42
NC_003197.2	4484000	4485000	41
NC_003197.2	4485000	4486000	43
NC_003197.2	4486000	4487000	54
NC_003197.2	4487000	4488000	54
NC_003197.2	4488000	4489000	53
NC_003197.2	4489000	4490000	56
NC_003197.2	4490000	4491000	54
NC_003197.2	4491000	4492000	53
NC_003197.2	4492000	4493000	48
NC_003197.2	4493000	4494000	47
NC_003197.2	4494000	4495000	46
NC_003197.2	4495000	4496000	47
NC_003197.2	4496000	4497000	45
NC_003197.2	4497000	4498000	44
NC_003197.2	4498000	4499000	48
NC_003197.2	4499000	4500000	34
NC_003197.2	4500000	4501000	37
NC_003197.2	4501000	4502000	47
NC_003197.2	4502000	4503000	41
NC_003197.2	4503000	4504000	48
NC_003197.2	4504000	4505000	52
NC_003197.2	4505000	4506000	51
NC_003197.2	4506000	4507000	55
NC_003197.2	4507000	4508000	55
NC_003197.2	4508000	4509000	57
NC_003197.2	4509000	4510000	56
NC_003197.2	4510000	4511000	51
NC_003197.2	4511000	4512000	59
NC_003197.2	4512000	4513000	56
NC_003197.2	4513000	4514000	55
NC_003197.2	4514000	4515000	57
NC_003197.2	4515000	4516000	47
NC_003197.2	4516000	4517000	52
NC_003197.2	4517000	4518000	53
NC_003197.2	4518000	4519000	56
NC_003197.2	4519000	4520000	60
NC_003197.2	4520000	4521000	59
NC_003197.2	4521000	4522000	57
NC_003197.2	4522000	4523000	50
NC_003197.2	4523000	4524000	52
NC_003197.2	4524000	4525000	55
NC_003197.2	4525000	4526000	54
NC_003197.2	4526000	4527000	55
NC_003197.2	4527000	4528000	51
NC_003197.2	4528000	4529000	49
NC_003197.2	4529000	4530000	52
NC_003197.2	4530000	4531000	50
NC_003197.2	4531000	4532000	53
NC_003197.2	4532000	4533000	51
NC_003197.2	4533000	4534000	53
NC_003197.2	4534000	4535000	49
NC_003197.2	4535000	4536000	52
NC_003197.2	4536000	4537000	55
NC_003197.2	4537000	4538000	49
NC_003197.2	4538000	4539000	44
NC_003197.2	4539000	4540000	55
NC_003197.2	4540000	4541000	52
NC_003197.2	4541000	4542000	49
NC_003197.2	4542000	4543000	55
NC_003197.2	4543000	4544000	55
NC_003197.2	4544000	4545000	52
NC_003197.2	4545000	4546000	55
NC_003197.2	4546000	4547000	55
NC_003197.2	4547000	4548000	54
NC_003197.2	4548000	4549000	45
NC_003197.2	4549000	4550000	46
NC_003197.2	4550000	4551000	52
NC_003197.2	4551000	4552000	47
NC_003197.2	4552000	4553000	55
NC_003197.2	4553000	4554000	55
NC_003197.2	4554000	4555000	55
NC_003197.2	4555000	4556000	59
NC_003197.2	4556000	4557000	53
NC_003197.2	4557000	4558000	52
NC_003197.2	4558000	4559000	46
NC_003197.2	4559000	4560000	42
NC_003197.2	4560000	4561000	39
NC_003197.2	4561000	4562000	33
NC_003197.2	4562000	4563000	46
NC_003197.2	4563000	4564000	53
NC_003197.2	4564000	4565000	41
NC_003197.2	4565000	4566000	45
NC_003197.2	4566000	4567000	50
NC_003197.2	4567000	4568000	53
NC_003197.2	4568000	4569000	56
NC_003197.2	4569000	4570000	56
NC_003197.2	4570000	4571000	49
NC_003197.2	4571000	4572000	52
NC_003197.2	4572000	4573000	45
NC_003197.2	4573000	4574000	50
NC_003197.2	4574000	4575000	50
NC_003197.2	4575000	4576000	51
NC_003197.2	4576000	4577000	53
NC_003197.2	4577000	4578000	48
NC_003197.2	4578000	4579000	49
NC_003197.2	4579000	4580000	52
NC_003197.2	4580000	4581000	48
NC_003197.2	4581000	4582000	48
NC_003197.2	4582000	4583000	52
NC_003197.2	4583000	4584000	53
NC_003197.2	4584000	4585000	57
NC_003197.2	4585000	4586000	53
NC_003197.2	4586000	4587000	52
NC_003197.2	4587000	4588000	46
NC_003197.2	4588000	4589000	49
NC_003197.2	4589000	4590000	50
NC_003197.2	4590000	4591000	57
NC_003197.2	4591000	4592000	57
NC_003197.2	4592000	4593000	57
NC_003197.2	4593000	4594000	51
NC_003197.2	4594000	4595000	53
NC_003197.2	4595000	4596000	52
NC_003197.2	4596000	4597000	48
NC_003197.2	4597000	4598000	49
NC_003197.2	4598000	4599000	59
NC_003197.2	4599000	4600000	58
NC_003197.2	4600000	4601000	55
NC_003197.2	4601000	4602000	57
NC_003197.2	4602000	4603000	60
NC_003197.2	4603000	4604000	55
NC_003197.2	4604000	4605000	50
NC_003197.2	4605000	4606000	53
NC_003197.2	4606000	4607000	55
NC_003197.2	4607000	4608000	54
NC_003197.2	4608000	4609000	54
NC_003197.2	4609000	4610000	51
NC_003197.2	4610000	4611000	51
NC_003197.2	4611000	4612000	55
NC_003197.2	4612000	4613000	55
NC_003197.2	4613000	4614000	53
NC_003197.2	4614000	4615000	45
NC_003197.2	4615000	4616000	54
NC_003197.2	4616000	4617000	52
NC_003197.2	4617000	4618000	50
NC_003197.2	4618000	4619000	55
NC_003197.2	4619000	4620000	54
NC_003197.2	4620000	4621000	56
NC_003197.2	4621000	4622000	53
NC_003197.2	4622000	4623000	54
NC_003197.2	4623000	4624000	50
NC_003197.2	4624000	4625000	51
NC_003197.2	4625000	4626000	47
NC_003197.2	4626000	4627000	52
NC_003197.2	4627000	4628000	56
NC_003197.2	4628000	4629000	57
NC_003197.2	4629000	4630000	53
NC_003197.2	4630000	4631000	50
NC_003197.2	4631000	4632000	50
NC_003197.2	4632000	4633000	50
NC_003197.2	4633000	4634000	53
NC_003197.2	4634000	4635000	52
NC_003197.2	4635000	4636000	54
NC_003197.2	4636000	4637000	54
NC_003197.2	4637000	4638000	56
NC_003197.2	4638000	4639000	55
NC_003197.2	4639000	4640000	54
NC_003197.2	4640000	4641000	52
NC_003197.2	4641000	4642000	49
NC_003197.2	4642000	4643000	55
NC_003197.2	4643000	4644000	46
NC_003197.2	4644000	4645000	50
NC_003197.2	4645000	4646000	49
NC_003197.2	4646000	4647000	51
NC_003197.2	4647000	4648000	54
NC_003197.2	4648000	4649000	55
NC_003197.2	4649000	4650000	58
NC_003197.2	4650000	4651000	58
NC_003197.2	4651000	4652000	53
NC_003197.2	4652000	4653000	48
NC_003197.2	4653000	4654000	46
NC_003197.2	4654000	4655000	41
NC_003197.2	4655000	4656000	53
NC_003197.2	4656000	4657000	51
NC_003197.2	4657000	4658000	60
NC_003197.2	4658000	4659000	45
NC_003197.2	4659000	4660000	48
NC_003197.2	4660000	4661000	45
NC_003197.2	4661000	4662000	45
NC_003197.2	4662000	4663000	47
NC_003197.2	4663000	4664000	53
NC_003197.2	4664000	4665000	58
NC_003197.2	4665000	4666000	45
NC_003197.2	4666000	4667000	41
NC_003197.2	4667000	4668000	42
NC_003197.2	4668000	4669000	49
NC_003197.2	4669000	4670000	51
NC_003197.2	4670000	4671000	54
NC_003197.2	4671000	4672000	61
NC_003197.2	4672000	4673000	55
NC_003197.2	4673000	4674000	58
NC_003197.2	4674000	4675000	44
NC_003197.2	4675000	4676000	58
NC_003197.2	4676000	4677000	50
NC_003197.2	4677000	4678000	46
NC_003197.2	4678000	4679000	49
NC_003197.2	4679000	4680000	47
NC_003197.2	4680000	4681000	50
NC_003197.2	4681000	4682000	52
NC_003197.2	4682000	4683000	58
NC_003197.2	4683000	4684000	46
NC_003197.2	4684000	4685000	54
NC_003197.2	4685000	4686000	56
NC_003197.2	4686000	4687000	55
NC_003197.2	4687000	4688000	57
NC_003197.2	4688000	4689000	57
NC_003197.2	4689000	4690000	57
NC_003197.2	4690000	4691000	52
NC_003197.2	4691000	4692000	49
NC_003197.2	4692000	4693000	56
NC_003197.2	4693000	4694000	57
NC_003197.2	4694000	4695000	49
NC_003197.2	4695000	4696000	53
NC_003197.2	4696000	4697000	55
NC_003197.2	4697000	4698000	56
NC_003197.2	4698000	4699000	54
NC_003197.2	4699000	4700000	53
NC_003197.2	4700000	4701000	54
NC_003197.2	4701000	4702000	55
NC_003197.2	4702000	4703000	48
NC_003197.2	4703000	4704000	52
NC_003197.2	4704000	4705000	54
NC_003197.2	4705000	4706000	49
NC_003197.2	4706000	4707000	56
NC_003197.2	4707000	4708000	56
NC_003197.2	4708000	4709000	56
NC_003197.2	4709000	4710000	57
NC_003197.2	4710000	4711000	40
NC_003197.2	4711000	4712000	50
NC_003197.2	4712000	4713000	50
NC_003197.2	4713000	4714000	52
NC_003197.2	4714000	4715000	43
NC_003197.2	4715000	4716000	44
NC_003197.2	4716000	4717000	46
NC_003197.2	4717000	4718000	57
NC_003197.2	4718000	4719000	57
NC_003197.2	4719000	4720000	55
NC_003197.2	4720000	4721000	59
NC_003197.2	4721000	4722000	55
NC_003197.2	4722000	4723000	51
NC_003197.2	4723000	4724000	56
NC_003197.2	4724000	4725000	54
NC_003197.2	4725000	4726000	50
NC_003197.2	4726000	4727000	53
NC_003197.2	4727000	4728000	52
NC_003197.2	4728000	4729000	50
NC_003197.2	4729000	4730000	45
NC_003197.2	4730000	4731000	54
NC_003197.2	4731000	4732000	45
NC_003197.2	4732000	4733000	49
NC_003197.2	4733000	4734000	47
NC_003197.2	4734000	4735000	46
NC_003197.2	4735000	4736000	47
NC_003197.2	4736000	4737000	48
NC_003197.2	4737000	4738000	51
NC_003197.2	4738000	4739000	49
NC_003197.2	4739000	4740000	51
NC_003197.2	4740000	4741000	52
NC_003197.2	4741000	4742000	48
NC_003197.2	4742000	4743000	48
NC_003197.2	4743000	4744000	51
NC_003197.2	4744000	4745000	33
NC_003197.2	4745000	4746000	45
NC_003197.2	4746000	4747000	55
NC_003197.2	4747000	4748000	51
NC_003197.2	4748000	4749000	51
NC_003197.2	4749000	4750000	48
NC_003197.2	4750000	4751000	47
NC_003197.2	4751000	4752000	48
NC_003197.2	4752000	4753000	39
NC_003197.2	4753000	4754000	40
NC_003197.2	4754000	4755000	55
NC_003197.2	4755000	4756000	52
NC_003197.2	4756000	4757000	43
NC_003197.2	4757000	4758000	40
NC_003197.2	4758000	4759000	35
NC_003197.2	4759000	4760000	44
NC_003197.2	4760000	4761000	50
NC_003197.2	4761000	4762000	53
NC_003197.2	4762000	4763000	53
NC_003197.2	4763000	4764000	41
NC_003197.2	4764000	4765000	52
NC_003197.2	4765000	4766000	53
NC_003197.2	4766000	4767000	59
NC_003197.2	4767000	4768000	55
NC_003197.2	4768000	4769000	47
NC_003197.2	4769000	4770000	53
NC_003197.2	4770000	4771000	52
NC_003197.2	4771000	4772000	53
NC_003197.2	4772000	4773000	58
NC_003197.2	4773000	4774000	48
NC_003197.2	4774000	4775000	54
NC_003197.2	4775000	4776000	56
NC_003197.2	4776000	4777000	34
NC_003197.2	4777000	4778000	49
NC_003197.2	4778000	4779000	35
NC_003197.2	4779000	4780000	60
NC_003197.2	4780000	4781000	54
NC_003197.2	4781000	4782000	57
NC_003197.2	4782000	4783000	56
NC_003197.2	4783000	4784000	54
NC_003197.2	4784000	4785000	50
NC_003197.2	4785000	4786000	49
NC_003197.2	4786000	4787000	55
NC_003197.2	4787000	4788000	51
NC_003197.2	4788000	4789000	59
NC_003197.2	4789000	4790000	56
NC_003197.2	4790000	4791000	50
NC_003197.2	4791000	4792000	59
NC_003197.2	4792000	4793000	54
NC_003197.2	4793000	4794000	55
NC_003197.2	4794000	4795000	53
NC_003197.2	4795000	4796000	46
NC_003197.2	4796000	4797000	50
NC_003197.2	4797000	4798000	50
NC_003197.2	4798000	4799000	51
NC_003197.2	4799000	4800000	52
NC_003197.2	4800000	4801000	53
NC_003197.2	4801000	4802000	53
NC_003197.2	4802000	4803000	50
NC_003197.2	4803000	4804000	54
NC_003197.2	4804000	4805000	53
NC_003197.2	4805000	4806000	45
NC_003197.2	4806000	4807000	42
NC_003197.2	4807000	4808000	53
NC_003197.2	4808000	4809000	54
NC_003197.2	4809000	4810000	50
NC_003197.2	4810000	4811000	47
NC_003197.2	4811000	4812000	56
NC_003197.2	4812000	4813000	56
NC_003197.2	4813000	4814000	51
NC_003197.2	4814000	4815000	55
NC_003197.2	4815000	4816000	49
NC_003197.2	4816000	4817000	50
NC_003197.2	4817000	4818000	57
NC_003197.2	4818000	4819000	60
NC_003197.2	4819000	4820000	56
NC_003197.2	4820000	4821000	52
NC_003197.2	4821000	4822000	50
NC_003197.2	4822000	4823000	55
NC_003197.2	4823000	4824000	56
NC_003197.2	4824000	4825000	58
NC_003197.2	4825000	4826000	52
NC_003197.2	4826000	4827000	47
NC_003197.2	4827000	4828000	48
NC_003197.2	4828000	4829000	51
NC_003197.2	4829000	4830000	44
NC_003197.2	4830000	4831000	47
NC_003197.2	4831000	4832000	46
NC_003197.2	4832000	4833000	56
NC_003197.2	4833000	4834000	56
NC_003197.2	4834000	4835000	58
NC_003197.2	4835000	4836000	56
NC_003197.2	4836000	4837000	50
NC_003197.2	4837000	4838000	56
NC_003197.2	4838000	4839000	56
NC_003197.2	4839000	4840000	57
NC_003197.2	4840000	4841000	56
NC_003197.2	4841000	4842000	54
NC_003197.2	4842000	4843000	56
NC_003197.2	4843000	4844000	48
NC_003197.2	4844000	4845000	56
NC_003197.2	4845000	4846000	58
NC_003197.2	4846000	4847000	55
NC_003197.2	4847000	4848000	53
NC_003197.2	4848000	4849000	51
NC_003197.2	4849000	4850000	50
NC_003197.2	4850000	4851000	46
NC_003197.2	4851000	4852000	46
NC_003197.2	4852000	4853000	46
NC_003197.2	4853000	4854000	42
NC_003197.2	4854000	4855000	41
NC_003197.2	4855000	4856000	51
NC_003197.2	4856000	4857000	41
NC_003197.2	4857000	4857450	50
NC_003277.2	0	1000	54
NC_003277.2	1000	2000	45
NC_003277.2	2000	3000	56
NC_003277.2	3000	4000	51
NC_003277.2	4000	5000	50
NC_003277.2	5000	6000	58
NC_003277.2	6000	7000	58
NC_003277.2	7000	8000	53
NC_003277.2	8000	9000	42
NC_003277.2	9000	10000	47
NC_003277.2	10000	11000	55
NC_003277.2	11000	12000	59
NC_003277.2	12000	13000	61
NC_003277.2	13000	14000	52
NC_003277.2	14000	15000	37
NC_003277.2	15000	16000	44
NC_003277.2	16000	17000	52
NC_003277.2	17000	18000	46
NC_003277.2	18000	19000	44
NC_003277.2	19000	20000	42
NC_003277.2	20000	21000	56
NC_003277.2	21000	22000	60
NC_003277.2	22000	23000	63
NC_003277.2	23000	24000	67
NC_003277.2	24000	25000	65
NC_003277.2	25000	26000	49
NC_003277.2	26000	27000	36
NC_003277.2	27000	28000	42
NC_003277.2	28000	29000	42
NC_003277.2	29000	30000	59
NC_003277.2	30000	31000	52
NC_003277.2	31000	32000	46
NC_003277.2	32000	33000	40
NC_003277.2	33000	34000	52
NC_003277.2	34000	35000	54
NC_003277.2	35000	36000	54
NC_003277.2	36000	37000	55
NC_003277.2	37000	38000	49
NC_003277.2	38000	39000	46
NC_003277.2	39000	40000	55
NC_003277.2	40000	41000	57
NC_003277.2	41000	42000	55
NC_003277.2	42000	43000	55
NC_003277.2	43000	44000	48
NC_003277.2	44000	45000	47
NC_003277.2	45000	46000	44
NC_003277.2	46000	47000	53
NC_003277.2	47000	48000	51
NC_003277.2	48000	49000	55
NC_003277.2	49000	50000	60
NC_003277.2	50000	51000	58
NC_003277.2	51000	52000	60
NC_003277.2	52000	53000	54
NC_003277.2	53000	54000	58
NC_003277.2	54000	55000	56
NC_003277.2	55000	56000	57
NC_003277.2	56000	57000	58
NC_003277.2	57000	58000	59
NC_003277.2	58000	59000	54
NC_003277.2	59000	60000	43
NC_003277.2	60000	61000	45
NC_003277.2	61000	62000	36
NC_003277.2	62000	63000	41
NC_003277.2	63000	64000	49
NC_003277.2	64000	65000	61
NC_003277.2	65000	66000	58
NC_003277.2	66000	67000	49
NC_003277.2	67000	68000	53
NC_003277.2	68000	69000	56
NC_003277.2	69000	70000	55
NC_003277.2	70000	71000	57
NC_003277.2	71000	72000	61
NC_003277.2	72000	73000	57
NC_003277.2	73000	74000	52
NC_003277.2	74000	75000	53
NC_003277.2	75000	76000	56
NC_003277.2	76000	77000	51
NC_003277.2	77000	78000	50
NC_003277.2	78000	79000	55
NC_003277.2	79000	80000	54
NC_003277.2	80000	81000	50
NC_003277.2	81000	82000	56
NC_003277.2	82000	83000	44
NC_003277.2	83000	84000	48
NC_003277.2	84000	85000	46
NC_003277.2	85000	86000	54
NC_003277.2	86000	87000	57
NC_003277.2	87000	88000	56
NC_003277.2	88000	89000	61
NC_003277.2	89000	90000	60
NC_003277.2	90000	91000	61
NC_003277.2	91000	92000	62
NC_003277.2	92000	93000	62
NC_003277.2	93000	93933	59
